{
"type": "FeatureCollection",
"name": "aires_dmr_2026-07-02",
"crs": { "type": "name", "properties": { "name": "urn:ogc:def:crs:OGC:1.3:CRS84" } },
"features": [
{ "type": "Feature", "properties": { "Aire": "RRN C", "NomUsuel": "Aire de Provence Verdon - VIDAUBAN-NORD", "Nature": "S", "GVO": "ESCOTA", "Surface": 24266.23969, "Réseau": "C", "Axe": "A8", "id_aire": "A000001" }, "geometry": { "type": "Polygon", "coordinates": [ [ [ 6.4508307, 43.4158378 ], [ 6.4508141, 43.4159329 ], [ 6.4508384, 43.4160196 ], [ 6.4508792, 43.4160737 ], [ 6.4509174, 43.4161241 ], [ 6.4510141, 43.4161777 ], [ 6.451161, 43.4162405 ], [ 6.4514157, 43.4163182 ], [ 6.4515319, 43.4163394 ], [ 6.4517656, 43.4163752 ], [ 6.4519943, 43.4164186 ], [ 6.4521864, 43.4164335 ], [ 6.4523027, 43.4164347 ], [ 6.4524758, 43.4164006 ], [ 6.4526851, 43.4163577 ], [ 6.4530398, 43.416435 ], [ 6.453186, 43.4163589 ], [ 6.4534915, 43.4161014 ], [ 6.4536341, 43.4159717 ], [ 6.4536531, 43.4159451 ], [ 6.4537149, 43.4158479 ], [ 6.4532544, 43.4157035 ], [ 6.4527764, 43.4155385 ], [ 6.4523718, 43.4153877 ], [ 6.4518918, 43.4151875 ], [ 6.4512689, 43.4149125 ], [ 6.4512501, 43.4149347 ], [ 6.4512327, 43.4149525 ], [ 6.4512048, 43.4149819 ], [ 6.4509598, 43.4152375 ], [ 6.4509314, 43.4152703 ], [ 6.4508314, 43.4153782 ], [ 6.4508307, 43.4158378 ] ] ] } },
{ "type": "Feature", "properties": { "Aire": "RRN C", "NomUsuel": "VIDAUBAN-SUD", "Nature": "S", "GVO": "ESCOTA", "Surface": 58303.58781, "Réseau": "C", "Axe": "A8", "id_aire": "A000002" }, "geometry": { "type": "Polygon", "coordinates": [ [ [ 6.450484, 43.4139511 ], [ 6.4515654, 43.4143846 ], [ 6.452351, 43.414713 ], [ 6.4528234, 43.4148996 ], [ 6.4530209, 43.4149714 ], [ 6.4533418, 43.4150881 ], [ 6.4538037, 43.4152425 ], [ 6.4540125, 43.4152938 ], [ 6.4542908, 43.415358 ], [ 6.4556248, 43.4156319 ], [ 6.4557865, 43.4156634 ], [ 6.4558287, 43.4156715 ], [ 6.4560031, 43.4155565 ], [ 6.4562055, 43.4154012 ], [ 6.4561853, 43.4153687 ], [ 6.4559019, 43.4149517 ], [ 6.4558569, 43.4148971 ], [ 6.4556905, 43.4147745 ], [ 6.4555314, 43.4146724 ], [ 6.4552397, 43.414485 ], [ 6.4548367, 43.4142528 ], [ 6.4541121, 43.4138351 ], [ 6.4528541, 43.4135902 ], [ 6.4526753, 43.4134326 ], [ 6.452504, 43.4132998 ], [ 6.4523847, 43.4132484 ], [ 6.4522576, 43.4131925 ], [ 6.4521349, 43.4131711 ], [ 6.4519478, 43.4131793 ], [ 6.4517873, 43.4131877 ], [ 6.4515984, 43.4132149 ], [ 6.4513642, 43.4132745 ], [ 6.4511417, 43.4133484 ], [ 6.4507945, 43.4135248 ], [ 6.4505959, 43.4137864 ], [ 6.4505677, 43.4138235 ], [ 6.450547, 43.413858 ], [ 6.4505375, 43.4138695 ], [ 6.450484, 43.4139511 ] ] ] } },
{ "type": "Feature", "properties": { "Aire": "RRN C", "NomUsuel": "ROUSSET", "Nature": "S", "GVO": "ESCOTA", "Surface": 51589.58553, "Réseau": "C", "Axe": "A8", "id_aire": "A000003" }, "geometry": { "type": "Polygon", "coordinates": [ [ [ 5.6428986, 43.4722721 ], [ 5.643306, 43.4723083 ], [ 5.6443081, 43.472099 ], [ 5.6447591, 43.4724934 ], [ 5.6448589, 43.4725523 ], [ 5.6449321, 43.4725695 ], [ 5.6450045, 43.4725593 ], [ 5.645174, 43.4725076 ], [ 5.6458088, 43.47227 ], [ 5.6462095, 43.4721167 ], [ 5.6463393, 43.4720113 ], [ 5.646414, 43.4718856 ], [ 5.6464674, 43.4715889 ], [ 5.6465299, 43.4711536 ], [ 5.6465503, 43.4710253 ], [ 5.6465601, 43.4709675 ], [ 5.6465976, 43.4709097 ], [ 5.6466604, 43.4708434 ], [ 5.6465448, 43.4706672 ], [ 5.6459521, 43.4707772 ], [ 5.6459425, 43.4707421 ], [ 5.6459225, 43.4706995 ], [ 5.643585, 43.4710205 ], [ 5.643408, 43.4710711 ], [ 5.6418056, 43.4713025 ], [ 5.6418453, 43.4713854 ], [ 5.6420794, 43.4716824 ], [ 5.6428986, 43.4722721 ] ] ] } },
{ "type": "Feature", "properties": { "Aire": "RRN C", "NomUsuel": "MANOIRE", "Nature": "S", "GVO": "ASF", "Surface": 32668.21678, "Réseau": "C", "Axe": "A89", "id_aire": "A000004" }, "geometry": { "type": "Polygon", "coordinates": [ [ [ 0.7991802, 45.1505292 ], [ 0.8001797, 45.1500165 ], [ 0.8007669, 45.1496647 ], [ 0.8011892, 45.1493442 ], [ 0.8008365, 45.1484806 ], [ 0.8007641, 45.1484125 ], [ 0.8004074, 45.1482707 ], [ 0.8001928, 45.1482735 ], [ 0.799816, 45.1483435 ], [ 0.7996529, 45.1484888 ], [ 0.7981253, 45.1505127 ], [ 0.7987155, 45.1507148 ], [ 0.7991802, 45.1505292 ] ] ] } },
{ "type": "Feature", "properties": { "Aire": "RRN C", "NomUsuel": "PAYS DE BRIVE", "Nature": "S", "GVO": "ASF", "Surface": 48939.65887, "Réseau": "C", "Axe": "A89", "id_aire": "A000005" }, "geometry": { "type": "Polygon", "coordinates": [ [ [ 1.4394155, 45.1599223 ], [ 1.438766769131897, 45.160088495387065 ], [ 1.436594314993888, 45.160877282012727 ], [ 1.434374488787627, 45.161207886585466 ], [ 1.436221044135252, 45.161318889014169 ], [ 1.43811967663345, 45.160643305869854 ], [ 1.438387342730188, 45.160482147765038 ], [ 1.438815406651589, 45.160432644942503 ], [ 1.439248552612278, 45.160605904946763 ], [ 1.439716515879254, 45.160676282584937 ], [ 1.440515228717972, 45.160884267799545 ], [ 1.441384236681101, 45.161133125131499 ], [ 1.441920271896292, 45.161324132450801 ], [ 1.442767508196761, 45.161410430762686 ], [ 1.442904636499416, 45.161885777843857 ], [ 1.442973929933118, 45.162636791349343 ], [ 1.443210997669827, 45.163033740197406 ], [ 1.44360298841224, 45.163267945303836 ], [ 1.445034900625823, 45.163420892659829 ], [ 1.443722251829105, 45.163035551368935 ], [ 1.443236192371824, 45.162129780023896 ], [ 1.4432913, 45.1612802 ], [ 1.4432564, 45.1611441 ], [ 1.4433003, 45.161042 ], [ 1.4433195, 45.1609899 ], [ 1.4431411, 45.1609502 ], [ 1.4429735, 45.1609247 ], [ 1.4429024, 45.1608821 ], [ 1.4427602, 45.1605162 ], [ 1.4426596, 45.1604547 ], [ 1.4417008, 45.1601871 ], [ 1.4410141, 45.1602949 ], [ 1.4407486, 45.1602363 ], [ 1.4399305, 45.1599374 ], [ 1.4394155, 45.1599223 ] ] ] } },
{ "type": "Feature", "properties": { "Aire": "RRN C", "NomUsuel": "ASF_A_227  - Aire du Queyran Est", "Nature": "R", "GVO": "ASF", "Surface": 28413.69614, "Réseau": "C", "Axe": "A62", "id_aire": "A000006" }, "geometry": { "type": "Polygon", "coordinates": [ [ [ 0.2508079, 44.3450335 ], [ 0.2511198, 44.345059 ], [ 0.2520755, 44.3449154 ], [ 0.2526133, 44.3444722 ], [ 0.2525922, 44.3437876 ], [ 0.2526167, 44.343278 ], [ 0.2525828, 44.3431931 ], [ 0.2525235, 44.3431216 ], [ 0.2520827, 44.3428221 ], [ 0.2520013, 44.3427276 ], [ 0.2519471, 44.3425918 ], [ 0.2519301, 44.3424839 ], [ 0.2515232, 44.3424333 ], [ 0.2510401, 44.3440951 ], [ 0.2508079, 44.3450335 ] ] ] } },
{ "type": "Feature", "properties": { "Aire": "RRN C", "NomUsuel": "Villeneuve l'Archeveque", "Nature": "S", "GVO": "APRR", "Surface": 240728.9423, "Réseau": "C", "Axe": "A5", "id_aire": "A000007" }, "geometry": { "type": "Polygon", "coordinates": [ [ [ 3.5622063, 48.2444495 ], [ 3.5624053, 48.2441735 ], [ 3.5597854, 48.2439647 ], [ 3.5585597, 48.2433827 ], [ 3.5580036, 48.2430274 ], [ 3.557402, 48.2422338 ], [ 3.5560287, 48.2419617 ], [ 3.5538837, 48.2419995 ], [ 3.5519996, 48.2421431 ], [ 3.5509936, 48.2434715 ], [ 3.5503864, 48.2442732 ], [ 3.5498393, 48.2442017 ], [ 3.549563, 48.2441071 ], [ 3.5492653, 48.2440267 ], [ 3.5485721, 48.2452949 ], [ 3.5470583, 48.2457452 ], [ 3.5471165, 48.2459494 ], [ 3.5471659, 48.2461228 ], [ 3.5491849, 48.2458246 ], [ 3.5508769, 48.2455735 ], [ 3.5546829, 48.2451987 ], [ 3.5605622, 48.2446529 ], [ 3.5609248, 48.2446143 ], [ 3.5622063, 48.2444495 ] ] ] } },
{ "type": "Feature", "properties": { "Aire": "RRN C", "NomUsuel": "LES HERBIERS", "Nature": "S", "GVO": "ASF", "Surface": 142201.861, "Réseau": "C", "Axe": "A87", "id_aire": "A000008" }, "geometry": { "type": "Polygon", "coordinates": [ [ [ -1.0508343, 46.9044236 ], [ -1.0507628, 46.9045373 ], [ -1.05067, 46.9046509 ], [ -1.0505048, 46.9047973 ], [ -1.0503084, 46.9049258 ], [ -1.0498986, 46.9051639 ], [ -1.0494874, 46.9053988 ], [ -1.0492986, 46.9055339 ], [ -1.049139, 46.9056858 ], [ -1.0486743, 46.9063065 ], [ -1.0484765, 46.9065169 ], [ -1.0483159, 46.9066391 ], [ -1.0480852, 46.9067583 ], [ -1.0478214, 46.9068516 ], [ -1.0476122, 46.9069005 ], [ -1.0473842, 46.9069307 ], [ -1.0471579, 46.906942 ], [ -1.0469252, 46.9069291 ], [ -1.0467136, 46.9069021 ], [ -1.0464967, 46.9068664 ], [ -1.0460763, 46.9067866 ], [ -1.0459219, 46.906731 ], [ -1.045785, 46.9066512 ], [ -1.0456775, 46.906561 ], [ -1.0456049, 46.9064641 ], [ -1.0454708, 46.9062227 ], [ -1.0454435, 46.9061659 ], [ -1.0454257, 46.9061089 ], [ -1.0454282, 46.9060491 ], [ -1.0454535, 46.9059959 ], [ -1.045965, 46.9052694 ], [ -1.0458201, 46.9052474 ], [ -1.0458818, 46.9050458 ], [ -1.0469825, 46.9034102 ], [ -1.0470809, 46.9031949 ], [ -1.0470463, 46.9029387 ], [ -1.0467488, 46.9026348 ], [ -1.0464503, 46.902455 ], [ -1.0462752, 46.902365 ], [ -1.0463256, 46.9022389 ], [ -1.0490192, 46.9023178 ], [ -1.0493256, 46.902437 ], [ -1.0499503, 46.9024627 ], [ -1.0504139, 46.9030698 ], [ -1.0506729, 46.9033883 ], [ -1.0507793, 46.9035403 ], [ -1.0508895, 46.903725 ], [ -1.0509251, 46.9038498 ], [ -1.0509344, 46.9040026 ], [ -1.0509253, 46.9041547 ], [ -1.0508912, 46.9042899 ], [ -1.0508343, 46.9044236 ] ] ] } },
{ "type": "Feature", "properties": { "Aire": "RRN C", "NomUsuel": "la Bouble", "Nature": "R", "GVO": "APRR", "Surface": 9952.51505, "Réseau": "C", "Axe": "A71", "id_aire": "A000009" }, "geometry": { "type": "Polygon", "coordinates": [ [ [ 3.0982351, 46.2327655 ], [ 3.0986073, 46.2329766 ], [ 3.0986519, 46.2328781 ], [ 3.0990576, 46.2315945 ], [ 3.0986114, 46.2311904 ], [ 3.0985411, 46.2311698 ], [ 3.0983324, 46.2318473 ], [ 3.0977488, 46.2321947 ], [ 3.0977046, 46.2323028 ], [ 3.0977547, 46.2323762 ], [ 3.0982351, 46.2327655 ] ] ] } },
{ "type": "Feature", "properties": { "Aire": "RRN C", "NomUsuel": "PALOMBIERES", "Nature": "S", "GVO": "ASF", "Surface": 92654.2466, "Réseau": "C", "Axe": "A89", "id_aire": "A000010" }, "geometry": { "type": "Polygon", "coordinates": [ [ [ 0.0323389, 45.0036299 ], [ 0.0357806, 45.0022035 ], [ 0.037015, 45.002199 ], [ 0.0381502, 45.0007225 ], [ 0.0362956, 45.0002084 ], [ 0.0322306, 45.0018149 ], [ 0.0313259, 45.0021896 ], [ 0.0323389, 45.0036299 ] ] ] } },
{ "type": "Feature", "properties": { "Aire": "RRN C", "NomUsuel": "Vironvay Sud", "Nature": "S", "GVO": "SAPN", "Surface": 29351.09343, "Réseau": "C", "Axe": "A13", "id_aire": "A000011" }, "geometry": { "type": "Polygon", "coordinates": [ [ [ 1.2176925, 49.2129498 ], [ 1.2198075, 49.209757 ], [ 1.2196646, 49.2095827 ], [ 1.2183395, 49.2098114 ], [ 1.2183049, 49.2100326 ], [ 1.2176413, 49.211021 ], [ 1.2170865, 49.2118482 ], [ 1.2176925, 49.2129498 ] ] ] } },
{ "type": "Feature", "properties": { "Aire": "RRN C", "NomUsuel": "Vironvay Nord", "Nature": "S", "GVO": "SAPN", "Surface": 40302.32167, "Réseau": "C", "Axe": "A13", "id_aire": "A000012" }, "geometry": { "type": "Polygon", "coordinates": [ [ [ 1.2205506, 49.2096521 ], [ 1.2184736, 49.2127018 ], [ 1.2187023, 49.2128387 ], [ 1.2204553, 49.2127018 ], [ 1.221707, 49.2107623 ], [ 1.2215545, 49.2106159 ], [ 1.2215474, 49.2106091 ], [ 1.2214917, 49.2105556 ], [ 1.2205506, 49.2096521 ] ] ] } },
{ "type": "Feature", "properties": { "Aire": "RRN C", "NomUsuel": "Reveillon", "Nature": "R", "GVO": "SANEF", "Surface": 7608.84097, "Réseau": "C", "Axe": "A26", "id_aire": "A000013" }, "geometry": { "type": "Polygon", "coordinates": [ [ [ 2.543292, 50.5379911 ], [ 2.5432572, 50.5379656 ], [ 2.5431646, 50.5379451 ], [ 2.5430681, 50.5379451 ], [ 2.54282, 50.5379119 ], [ 2.5426926, 50.5378914 ], [ 2.5426456, 50.537888 ], [ 2.5426, 50.5378906 ], [ 2.542537, 50.5379008 ], [ 2.5424371, 50.5379302 ], [ 2.542138, 50.5380521 ], [ 2.5421105, 50.5380261 ], [ 2.542071, 50.5380427 ], [ 2.5420998, 50.5380691 ], [ 2.541554, 50.5382903 ], [ 2.5415292, 50.5383146 ], [ 2.5415023, 50.5383325 ], [ 2.5414085, 50.5383726 ], [ 2.5413957, 50.5383606 ], [ 2.541326, 50.5383854 ], [ 2.5412388, 50.5383717 ], [ 2.5411315, 50.538416 ], [ 2.5410698, 50.5384041 ], [ 2.5406621, 50.5385622 ], [ 2.5406655, 50.5386713 ], [ 2.5406367, 50.5386897 ], [ 2.5406172, 50.5387088 ], [ 2.5405971, 50.5387438 ], [ 2.5405428, 50.5389219 ], [ 2.5405414, 50.5389679 ], [ 2.5405314, 50.5389905 ], [ 2.5405059, 50.5390059 ], [ 2.5404643, 50.5390255 ], [ 2.5405169, 50.5390954 ], [ 2.5417551, 50.5385878 ], [ 2.543292, 50.5379911 ] ] ] } },
{ "type": "Feature", "properties": { "Aire": "RRN C", "NomUsuel": "Bord Sud", "Nature": "R", "GVO": "SAPN", "Surface": 13316.19102, "Réseau": "C", "Axe": "A13", "id_aire": "A000014" }, "geometry": { "type": "Polygon", "coordinates": [ [ [ 1.1356848, 49.2689072 ], [ 1.1360962, 49.2688487 ], [ 1.1362036, 49.2686174 ], [ 1.1365264, 49.2679228 ], [ 1.1369871, 49.2677772 ], [ 1.1377177, 49.2672022 ], [ 1.1379913, 49.2670909 ], [ 1.1378717, 49.2668957 ], [ 1.1367465, 49.2670861 ], [ 1.1359491, 49.2676837 ], [ 1.1355822, 49.2681404 ], [ 1.1357352, 49.268527 ], [ 1.1356848, 49.2689072 ] ] ] } },
{ "type": "Feature", "properties": { "Aire": "RRN C", "NomUsuel": "Bord Nord", "Nature": "R", "GVO": "SAPN", "Surface": 12470.43691, "Réseau": "C", "Axe": "A13", "id_aire": "A000015" }, "geometry": { "type": "Polygon", "coordinates": [ [ [ 1.1386127, 49.2672584 ], [ 1.1383944, 49.2678693 ], [ 1.1377815, 49.2684692 ], [ 1.1373209, 49.268565 ], [ 1.1370484, 49.2689735 ], [ 1.1365973, 49.2691303 ], [ 1.13677, 49.2693418 ], [ 1.1370214, 49.2692686 ], [ 1.1377366, 49.2691934 ], [ 1.1390074, 49.268099 ], [ 1.138905, 49.2676706 ], [ 1.1389592, 49.2673364 ], [ 1.1386127, 49.2672584 ] ] ] } },
{ "type": "Feature", "properties": { "Aire": "RRN C", "NomUsuel": "ASF_A_446 - Aire de Mazères", "Nature": "R", "GVO": "ASF", "Surface": 73850.7705, "Réseau": "C", "Axe": "A66", "id_aire": "A000016" }, "geometry": { "type": "Polygon", "coordinates": [ [ [ 1.6583952, 43.2567875 ], [ 1.6564577, 43.254054 ], [ 1.6551523, 43.2522584 ], [ 1.6549678, 43.2522107 ], [ 1.6546071, 43.2521178 ], [ 1.6540679, 43.252846 ], [ 1.6542691, 43.254121 ], [ 1.6555999, 43.2558984 ], [ 1.6558971, 43.2560632 ], [ 1.6569018, 43.2563936 ], [ 1.6577629, 43.2566768 ], [ 1.6582152, 43.2569238 ], [ 1.6583052, 43.2568541 ], [ 1.6583952, 43.2567875 ] ] ] } },
{ "type": "Feature", "properties": { "Aire": "RRN C", "NomUsuel": "Manoirs du Perche", "Nature": "S", "GVO": "COFIROUTE", "Surface": 80614.93045, "Réseau": "C", "Axe": "A11", "id_aire": "A000017" }, "geometry": { "type": "Polygon", "coordinates": [ [ [ 1.0835514, 48.2416937 ], [ 1.0835564, 48.241873 ], [ 1.0856282, 48.2418978 ], [ 1.0888071, 48.2409489 ], [ 1.088932, 48.2409313 ], [ 1.0891751, 48.240897 ], [ 1.0892462, 48.2406335 ], [ 1.0811272, 48.2400898 ], [ 1.0806798, 48.2404631 ], [ 1.080256, 48.2407939 ], [ 1.0813584, 48.2408222 ], [ 1.0814156, 48.2410316 ], [ 1.08146, 48.2411099 ], [ 1.0815552, 48.2411617 ], [ 1.0816491, 48.2411965 ], [ 1.0816613, 48.2412214 ], [ 1.081633, 48.2414055 ], [ 1.0817481, 48.2414983 ], [ 1.0819572, 48.2415381 ], [ 1.0827819, 48.2416248 ], [ 1.0835514, 48.2416937 ] ] ] } },
{ "type": "Feature", "properties": { "Aire": "RRN C", "NomUsuel": "Lyon-Montluel", "Nature": "S", "GVO": "APRR", "Surface": 73793.68311, "Réseau": "C", "Axe": "A42", "id_aire": "A000018" }, "geometry": { "type": "Polygon", "coordinates": [ [ [ 5.0687461, 45.8459396 ], [ 5.0700002, 45.8462425 ], [ 5.0717786, 45.8466579 ], [ 5.0720413, 45.846619 ], [ 5.0726072, 45.846193 ], [ 5.0726287, 45.8458642 ], [ 5.0727269, 45.8458607 ], [ 5.0727356, 45.8449706 ], [ 5.0719307, 45.8448433 ], [ 5.0673786, 45.8437561 ], [ 5.0672951, 45.8439278 ], [ 5.0687461, 45.8459396 ] ] ] } },
{ "type": "Feature", "properties": { "Aire": "RRN C", "NomUsuel": "Aire de Limours-Briis-sous-Forges", "Nature": "S", "GVO": "COFIROUTE", "Surface": 68387.34233, "Réseau": "C", "Axe": "A10", "id_aire": "A000019" }, "geometry": { "type": "Polygon", "coordinates": [ [ [ 2.1466395, 48.6342556 ], [ 2.1502867, 48.6373486 ], [ 2.1505167, 48.6372363 ], [ 2.1506286, 48.6371755 ], [ 2.1507293, 48.6371202 ], [ 2.1506425, 48.6369629 ], [ 2.1503953, 48.6362901 ], [ 2.1509531, 48.635599 ], [ 2.1511988, 48.6355317 ], [ 2.1499544, 48.6338122 ], [ 2.1489611, 48.6335684 ], [ 2.1474507, 48.633861 ], [ 2.1476405, 48.6340624 ], [ 2.1475022, 48.6341199 ], [ 2.1473795, 48.634171 ], [ 2.1471862, 48.6339897 ], [ 2.146778, 48.6341882 ], [ 2.1466395, 48.6342556 ] ] ] } },
{ "type": "Feature", "properties": { "Aire": "RRN C", "NomUsuel": "Nemours", "Nature": "S", "GVO": "APRR", "Surface": 70035.90316, "Réseau": "C", "Axe": "A6", "id_aire": "A000020" }, "geometry": { "type": "Polygon", "coordinates": [ [ [ 2.7208503, 48.2645308 ], [ 2.7217258, 48.2634348 ], [ 2.7221655, 48.2628987 ], [ 2.722413, 48.2625278 ], [ 2.7226325, 48.2622606 ], [ 2.7228017, 48.2621062 ], [ 2.7231447, 48.2616829 ], [ 2.723411, 48.2613452 ], [ 2.7236564, 48.2610668 ], [ 2.7230902, 48.2609698 ], [ 2.7229884, 48.2611155 ], [ 2.7226353, 48.2611717 ], [ 2.7225534, 48.26116 ], [ 2.7225099, 48.261152 ], [ 2.7221508, 48.2610859 ], [ 2.7220935, 48.2610753 ], [ 2.7219422, 48.2610105 ], [ 2.721578, 48.2610491 ], [ 2.7207867, 48.2611376 ], [ 2.7201212, 48.2622827 ], [ 2.7194665, 48.2633873 ], [ 2.7193742, 48.2635421 ], [ 2.718943, 48.2642644 ], [ 2.7201451, 48.2644827 ], [ 2.7198782, 48.2649532 ], [ 2.7200156, 48.2649845 ], [ 2.7204109, 48.2650748 ], [ 2.7208503, 48.2645308 ] ] ] } },
{ "type": "Feature", "properties": { "Aire": "RRN C", "NomUsuel": "Salbris La Loge", "Nature": "S", "GVO": "COFIROUTE", "Surface": 42064.71974, "Réseau": "C", "Axe": "A71", "id_aire": "A000021" }, "geometry": { "type": "Polygon", "coordinates": [ [ [ 2.0495741, 47.346938 ], [ 2.0494205, 47.3469009 ], [ 2.0491695, 47.3468447 ], [ 2.0500135, 47.3503547 ], [ 2.0502546, 47.3504549 ], [ 2.050472, 47.3505328 ], [ 2.0515755, 47.3495541 ], [ 2.051401, 47.3485212 ], [ 2.0508576, 47.3482151 ], [ 2.0511915, 47.3477302 ], [ 2.0511113, 47.3477013 ], [ 2.0510284, 47.3476654 ], [ 2.0501534, 47.3472263 ], [ 2.0495741, 47.346938 ] ] ] } },
{ "type": "Feature", "properties": { "Aire": "RRN C", "NomUsuel": "Salbris Theillay", "Nature": "S", "GVO": "COFIROUTE", "Surface": 40121.94756, "Réseau": "C", "Axe": "A71", "id_aire": "A000022" }, "geometry": { "type": "Polygon", "coordinates": [ [ [ 2.0482259, 47.3466686 ], [ 2.047107, 47.3467011 ], [ 2.0472254, 47.3479024 ], [ 2.0473949, 47.34906 ], [ 2.0489267, 47.3498457 ], [ 2.0489797, 47.3498718 ], [ 2.0490338, 47.3500124 ], [ 2.0494369, 47.3500113 ], [ 2.0491949, 47.3489564 ], [ 2.0488671, 47.3475652 ], [ 2.0487781, 47.3475737 ], [ 2.0486052, 47.3476469 ], [ 2.0484731, 47.3468578 ], [ 2.0482259, 47.3466686 ] ] ] } },
{ "type": "Feature", "properties": { "Aire": "RRN C", "NomUsuel": "SAINT RAMBERT D'ALBON OUEST", "Nature": "S", "GVO": "ASF", "Surface": 165114.1828, "Réseau": "C", "Axe": "A7", "id_aire": "A000023" }, "geometry": { "type": "Polygon", "coordinates": [ [ [ 4.82464, 45.2791371 ], [ 4.8288196, 45.2745174 ], [ 4.82874, 45.2744709 ], [ 4.8290121, 45.2742187 ], [ 4.8292706, 45.2739097 ], [ 4.8268562, 45.2733125 ], [ 4.8267372, 45.2737614 ], [ 4.8265614, 45.2744246 ], [ 4.826488, 45.2747017 ], [ 4.8260048, 45.2745376 ], [ 4.8239021, 45.2738179 ], [ 4.8237695, 45.2738018 ], [ 4.8236607, 45.2738693 ], [ 4.8234012, 45.2748721 ], [ 4.8227617, 45.2770242 ], [ 4.8229378, 45.2773435 ], [ 4.8230933, 45.2773112 ], [ 4.8234199, 45.2773785 ], [ 4.8235226, 45.2773898 ], [ 4.8235593, 45.2773938 ], [ 4.8235991, 45.2773981 ], [ 4.8236328, 45.2772479 ], [ 4.8238444, 45.2772715 ], [ 4.8237984, 45.277476 ], [ 4.8237934, 45.2774983 ], [ 4.8237779, 45.2775843 ], [ 4.8237728, 45.2776052 ], [ 4.8237656, 45.2776345 ], [ 4.8236428, 45.2777175 ], [ 4.8233129, 45.2788312 ], [ 4.8233353, 45.278837 ], [ 4.8243945, 45.2791119 ], [ 4.82464, 45.2791371 ] ] ] } },
{ "type": "Feature", "properties": { "Aire": "RRN C", "NomUsuel": "SAINT RAMBERT D'ALBON EST", "Nature": "S", "GVO": "ASF", "Surface": 100960.3951, "Réseau": "C", "Axe": "A7", "id_aire": "A000024" }, "geometry": { "type": "Polygon", "coordinates": [ [ [ 4.829752, 45.2741055 ], [ 4.8262227, 45.2779745 ], [ 4.8263378, 45.2780777 ], [ 4.825979, 45.2783366 ], [ 4.8259495, 45.2786205 ], [ 4.825929, 45.2788607 ], [ 4.8276049, 45.2788086 ], [ 4.8283228, 45.2788145 ], [ 4.8288453, 45.2781292 ], [ 4.8295762, 45.2784783 ], [ 4.829656, 45.2783783 ], [ 4.8296259, 45.2783645 ], [ 4.8298895, 45.2780529 ], [ 4.8305847, 45.2771009 ], [ 4.8305733, 45.2770867 ], [ 4.8303936, 45.2770542 ], [ 4.8303983, 45.2769546 ], [ 4.8304144, 45.2768286 ], [ 4.8300486, 45.2767394 ], [ 4.830517, 45.2759848 ], [ 4.830619, 45.2758205 ], [ 4.8300853, 45.2756899 ], [ 4.829988, 45.2752247 ], [ 4.830661, 45.2737254 ], [ 4.8304516, 45.2734077 ], [ 4.83015, 45.27378 ], [ 4.8300218, 45.2739858 ], [ 4.8299496, 45.2741421 ], [ 4.829752, 45.2741055 ] ] ] } },
{ "type": "Feature", "properties": { "Aire": "RRN C", "NomUsuel": "La Jument Verte", "Nature": "R", "GVO": "APRR", "Surface": 36970.87814, "Réseau": "C", "Axe": "A39", "id_aire": "A000025" }, "geometry": { "type": "Polygon", "coordinates": [ [ [ 5.5815562, 46.8715947 ], [ 5.580781, 46.8695563 ], [ 5.5804257, 46.8695435 ], [ 5.5802321, 46.8694342 ], [ 5.5801704, 46.8694152 ], [ 5.5798783, 46.8694029 ], [ 5.5797344, 46.8695214 ], [ 5.5796722, 46.869707 ], [ 5.5797841, 46.8698283 ], [ 5.5796372, 46.8698716 ], [ 5.5793487, 46.8699058 ], [ 5.5791568, 46.8699657 ], [ 5.5789935, 46.8700513 ], [ 5.5790283, 46.8701081 ], [ 5.578853, 46.8703074 ], [ 5.5787892, 46.8704193 ], [ 5.578736, 46.8705702 ], [ 5.5786957, 46.8707792 ], [ 5.578728, 46.8709951 ], [ 5.578836, 46.8711787 ], [ 5.5789914, 46.8713015 ], [ 5.5790015, 46.8713458 ], [ 5.5793875, 46.8715443 ], [ 5.5796908, 46.8716667 ], [ 5.5798289, 46.8716329 ], [ 5.5803323, 46.8715986 ], [ 5.5806783, 46.8715611 ], [ 5.5809267, 46.8714152 ], [ 5.5810392, 46.8714017 ], [ 5.58115, 46.8714449 ], [ 5.581238, 46.8715134 ], [ 5.5813089, 46.8716319 ], [ 5.5815562, 46.8715947 ] ] ] } },
{ "type": "Feature", "properties": { "Aire": "RRN C", "NomUsuel": "Le Chat Perche", "Nature": "R", "GVO": "APRR", "Surface": 35379.82756, "Réseau": "C", "Axe": "A39", "id_aire": "A000026" }, "geometry": { "type": "Polygon", "coordinates": [ [ [ 5.581088, 46.8692839 ], [ 5.5817702, 46.8710121 ], [ 5.5819868, 46.8710706 ], [ 5.5823396, 46.8711148 ], [ 5.5824566, 46.8711416 ], [ 5.5826992, 46.8713008 ], [ 5.5830359, 46.8712875 ], [ 5.5832667, 46.8712108 ], [ 5.583442, 46.8711596 ], [ 5.58369, 46.8710661 ], [ 5.5838584, 46.8709156 ], [ 5.5839102, 46.8706987 ], [ 5.5840332, 46.8705083 ], [ 5.5840397, 46.8702427 ], [ 5.5839426, 46.8699903 ], [ 5.5833662, 46.8695077 ], [ 5.5829564, 46.8693221 ], [ 5.5826083, 46.8693051 ], [ 5.5821565, 46.8693533 ], [ 5.5818249, 46.8694666 ], [ 5.5816636, 46.8696139 ], [ 5.5815655, 46.869565 ], [ 5.5814328, 46.8694126 ], [ 5.5813214, 46.8692367 ], [ 5.581088, 46.8692839 ] ] ] } },
{ "type": "Feature", "properties": { "Aire": "RRN C", "NomUsuel": "la Valliere", "Nature": "R", "GVO": "APRR", "Surface": 53529.41501, "Réseau": "C", "Axe": "A39", "id_aire": "A000027" }, "geometry": { "type": "Polygon", "coordinates": [ [ [ 5.3722152, 46.6183989 ], [ 5.3720945, 46.6183325 ], [ 5.3719363, 46.6183067 ], [ 5.3717834, 46.6183583 ], [ 5.3716573, 46.6184486 ], [ 5.3716359, 46.6185333 ], [ 5.3717431, 46.6186991 ], [ 5.3716707, 46.6187268 ], [ 5.3715301, 46.6186504 ], [ 5.3715742, 46.6188557 ], [ 5.3718558, 46.6190437 ], [ 5.3721884, 46.61925 ], [ 5.3722849, 46.6192666 ], [ 5.3733578, 46.6200827 ], [ 5.3733283, 46.620125 ], [ 5.373272, 46.6201343 ], [ 5.3728428, 46.6199537 ], [ 5.3726068, 46.6198782 ], [ 5.3731701, 46.620324 ], [ 5.3734544, 46.6202761 ], [ 5.3737736, 46.6204143 ], [ 5.3739211, 46.6205561 ], [ 5.3739426, 46.6206446 ], [ 5.373779, 46.6207164 ], [ 5.3737468, 46.6207993 ], [ 5.3742349, 46.6212101 ], [ 5.3748223, 46.6216743 ], [ 5.3750986, 46.6218217 ], [ 5.3751415, 46.6218143 ], [ 5.3753024, 46.6218586 ], [ 5.3754884, 46.6218658 ], [ 5.3756281, 46.6218712 ], [ 5.3759676, 46.6218843 ], [ 5.3762313, 46.621866 ], [ 5.3764182, 46.621853 ], [ 5.3767052, 46.6216191 ], [ 5.3768179, 46.6215288 ], [ 5.3768371, 46.6215343 ], [ 5.3768876, 46.6215488 ], [ 5.3769466, 46.6215657 ], [ 5.3770485, 46.6214735 ], [ 5.3759918, 46.620919 ], [ 5.3760937, 46.6208398 ], [ 5.3751925, 46.6202614 ], [ 5.3740391, 46.6194563 ], [ 5.372705, 46.618342 ], [ 5.3722152, 46.6183989 ] ] ] } },
{ "type": "Feature", "properties": { "Aire": "RRN C", "NomUsuel": "Savigny", "Nature": "R", "GVO": "APRR", "Surface": 58323.78983, "Réseau": "C", "Axe": "A39", "id_aire": "A000028" }, "geometry": { "type": "Polygon", "coordinates": [ [ [ 5.3722924, 46.6173552 ], [ 5.3724704, 46.6175135 ], [ 5.3730386, 46.618019 ], [ 5.3733217, 46.6183555 ], [ 5.3739825, 46.6188772 ], [ 5.3749623, 46.6195965 ], [ 5.3758703, 46.6202078 ], [ 5.3763176, 46.6205207 ], [ 5.376493, 46.6206531 ], [ 5.3766024, 46.620582 ], [ 5.3774455, 46.6211659 ], [ 5.3775528, 46.6210572 ], [ 5.3775099, 46.6209412 ], [ 5.3775421, 46.6208509 ], [ 5.3777137, 46.6207477 ], [ 5.3777567, 46.6206575 ], [ 5.3777111, 46.6205395 ], [ 5.3777057, 46.6203885 ], [ 5.3775501, 46.6203351 ], [ 5.3774723, 46.6202485 ], [ 5.3774536, 46.6201398 ], [ 5.3770843, 46.61981 ], [ 5.3769308, 46.6197321 ], [ 5.3767911, 46.6197013 ], [ 5.3765604, 46.6194526 ], [ 5.3755113, 46.6187208 ], [ 5.3751875, 46.6184092 ], [ 5.3751774, 46.6182974 ], [ 5.3752279, 46.6182372 ], [ 5.3746684, 46.6177602 ], [ 5.3740199, 46.6174205 ], [ 5.3738244, 46.6173723 ], [ 5.3738627, 46.6172416 ], [ 5.3739216, 46.6172022 ], [ 5.37366, 46.6168021 ], [ 5.3735062, 46.6165669 ], [ 5.3728634, 46.6167676 ], [ 5.3725039, 46.6170084 ], [ 5.3723617, 46.6172416 ], [ 5.3722924, 46.6173552 ] ] ] } },
{ "type": "Feature", "properties": { "Aire": "RRN C", "NomUsuel": "MAS D'AGENAIS NORD", "Nature": "S", "GVO": "ASF", "Surface": 59042.82589, "Réseau": "C", "Axe": "A62", "id_aire": "A000029" }, "geometry": { "type": "Polygon", "coordinates": [ [ [ 0.1877574, 44.4033852 ], [ 0.1876574, 44.4032714 ], [ 0.1874961, 44.4032683 ], [ 0.1873703, 44.4032659 ], [ 0.1872152, 44.4034637 ], [ 0.1849733, 44.4063225 ], [ 0.1851143, 44.4065769 ], [ 0.185201, 44.4067335 ], [ 0.1869733, 44.4066735 ], [ 0.1885135, 44.4052801 ], [ 0.1886339, 44.4050605 ], [ 0.188579, 44.404927 ], [ 0.1883716, 44.4046463 ], [ 0.1880534, 44.4042334 ], [ 0.1879695, 44.4036854 ], [ 0.1877574, 44.4033852 ] ] ] } },
{ "type": "Feature", "properties": { "Aire": "RRN C", "NomUsuel": "Maison Dieu", "Nature": "S", "GVO": "APRR", "Surface": 62554.86633, "Réseau": "C", "Axe": "A6", "id_aire": "A000030" }, "geometry": { "type": "Polygon", "coordinates": [ [ [ 4.0328484, 47.505147 ], [ 4.0344883, 47.5052859 ], [ 4.035092, 47.5048102 ], [ 4.0367302, 47.5049854 ], [ 4.0371261, 47.5050386 ], [ 4.0372375, 47.5050728 ], [ 4.0373126, 47.5051353 ], [ 4.0374213, 47.505157 ], [ 4.0375567, 47.5051425 ], [ 4.0376627, 47.5051063 ], [ 4.0383652, 47.5051572 ], [ 4.0395632, 47.5045861 ], [ 4.0394771, 47.5044697 ], [ 4.0394599, 47.5042523 ], [ 4.0322329, 47.5037191 ], [ 4.0318613, 47.5039366 ], [ 4.0321986, 47.5041068 ], [ 4.0328484, 47.505147 ] ] ] } },
{ "type": "Feature", "properties": { "Aire": "RRN C", "NomUsuel": "La Chaponne", "Nature": "S", "GVO": "APRR", "Surface": 66852.79196, "Réseau": "C", "Axe": "A6", "id_aire": "A000031" }, "geometry": { "type": "Polygon", "coordinates": [ [ [ 4.0327891, 47.5035238 ], [ 4.0392452, 47.5039687 ], [ 4.0391815, 47.5037351 ], [ 4.0392375, 47.5036476 ], [ 4.0392633, 47.5036074 ], [ 4.0389924, 47.5035032 ], [ 4.0389307, 47.5034353 ], [ 4.0389387, 47.5033311 ], [ 4.0390675, 47.5031481 ], [ 4.0392807, 47.5029913 ], [ 4.0393612, 47.5028808 ], [ 4.0391681, 47.5024496 ], [ 4.0390956, 47.5023771 ], [ 4.0375292, 47.5016251 ], [ 4.0373388, 47.5015907 ], [ 4.0370706, 47.5016142 ], [ 4.0367889, 47.5017066 ], [ 4.0366173, 47.5018588 ], [ 4.0365261, 47.5020382 ], [ 4.0364416, 47.502378 ], [ 4.0362994, 47.5025347 ], [ 4.0361385, 47.5026289 ], [ 4.035771, 47.5027522 ], [ 4.035417, 47.5027227 ], [ 4.0354104, 47.5027447 ], [ 4.0353955, 47.5027898 ], [ 4.0352929, 47.5027694 ], [ 4.0348591, 47.5027435 ], [ 4.0343522, 47.5029025 ], [ 4.0343394, 47.5029166 ], [ 4.0343374, 47.5029501 ], [ 4.0343696, 47.5029805 ], [ 4.0343106, 47.5030348 ], [ 4.034104, 47.5030076 ], [ 4.0336369, 47.5031651 ], [ 4.0327891, 47.5035238 ] ] ] } },
{ "type": "Feature", "properties": { "Aire": "RRN C", "NomUsuel": "Havrincourt", "Nature": "S", "GVO": "SANEF", "Surface": 20521.84031, "Réseau": "C", "Axe": "A2", "id_aire": "A000032" }, "geometry": { "type": "Polygon", "coordinates": [ [ [ 3.0908669, 50.1227324 ], [ 3.0907054, 50.1225554 ], [ 3.0905855, 50.1224267 ], [ 3.0905243, 50.1224079 ], [ 3.0901768, 50.1221623 ], [ 3.0898377, 50.1219195 ], [ 3.0896592, 50.1218407 ], [ 3.0895265, 50.1218249 ], [ 3.0893468, 50.1218301 ], [ 3.0888747, 50.1218731 ], [ 3.0885715, 50.1218922 ], [ 3.0884631, 50.1218928 ], [ 3.0883919, 50.1218714 ], [ 3.0882324, 50.1218215 ], [ 3.0879668, 50.1217075 ], [ 3.0879388, 50.1217228 ], [ 3.0878923, 50.1217403 ], [ 3.088282, 50.1219565 ], [ 3.088447, 50.1220571 ], [ 3.0885153, 50.1221225 ], [ 3.0888625, 50.1223446 ], [ 3.0891871, 50.1225492 ], [ 3.0898779, 50.122984 ], [ 3.0905109, 50.1233933 ], [ 3.0916418, 50.1241839 ], [ 3.0916942, 50.1241643 ], [ 3.0919578, 50.1240282 ], [ 3.0915814, 50.1236752 ], [ 3.0914017, 50.1234405 ], [ 3.0912769, 50.1232792 ], [ 3.0911194, 50.1231328 ], [ 3.0908669, 50.1227324 ] ] ] } },
{ "type": "Feature", "properties": { "Aire": "RRN C", "NomUsuel": "Graincourt", "Nature": "S", "GVO": "SANEF", "Surface": 20952.95206, "Réseau": "C", "Axe": "A2", "id_aire": "A000033" }, "geometry": { "type": "Polygon", "coordinates": [ [ [ 3.0911922, 50.1244818 ], [ 3.0909305, 50.1243566 ], [ 3.0906343, 50.1241603 ], [ 3.0903687, 50.1239831 ], [ 3.0899396, 50.1237046 ], [ 3.0894756, 50.1233985 ], [ 3.0891456, 50.1231921 ], [ 3.0887794, 50.1229464 ], [ 3.0884844, 50.1227521 ], [ 3.0882912, 50.1226128 ], [ 3.0879896, 50.1224079 ], [ 3.0878701, 50.122317 ], [ 3.0877494, 50.1222018 ], [ 3.0877039, 50.1222217 ], [ 3.0876195, 50.1222669 ], [ 3.0873981, 50.1223635 ], [ 3.08759, 50.1226246 ], [ 3.0877992, 50.1228327 ], [ 3.0881961, 50.1230992 ], [ 3.0886092, 50.1233761 ], [ 3.0889298, 50.1236183 ], [ 3.0887581, 50.1240412 ], [ 3.0897327, 50.124669 ], [ 3.0903956, 50.1246968 ], [ 3.0907952, 50.1247243 ], [ 3.0910607, 50.1247105 ], [ 3.0911763, 50.1245099 ], [ 3.0911922, 50.1244818 ] ] ] } },
{ "type": "Feature", "properties": { "Aire": "RRN C", "NomUsuel": "Longueil-Sainte-Marie", "Nature": "R", "GVO": "SANEF", "Surface": 6193.09306, "Réseau": "C", "Axe": "A1", "id_aire": "A000034" }, "geometry": { "type": "Polygon", "coordinates": [ [ [ 2.701302, 49.353936 ], [ 2.7012929, 49.3538623 ], [ 2.7010006, 49.3529433 ], [ 2.7007913, 49.3518321 ], [ 2.7005253, 49.3519435 ], [ 2.7005137, 49.3525213 ], [ 2.7006323, 49.3530586 ], [ 2.7008385, 49.3537807 ], [ 2.701302, 49.353936 ] ] ] } },
{ "type": "Feature", "properties": { "Aire": "RRN C", "NomUsuel": "Remy", "Nature": "R", "GVO": "SANEF", "Surface": 22892.89262, "Réseau": "C", "Axe": "A1", "id_aire": "A000035" }, "geometry": { "type": "Polygon", "coordinates": [ [ [ 2.6943473, 49.4133514 ], [ 2.694552, 49.4146105 ], [ 2.6946352, 49.415671 ], [ 2.6946331, 49.4165858 ], [ 2.6950792, 49.4163885 ], [ 2.6954711, 49.4159034 ], [ 2.6957763, 49.4152107 ], [ 2.6958873, 49.4145541 ], [ 2.6955404, 49.4139967 ], [ 2.694937, 49.4137824 ], [ 2.6943473, 49.4133514 ] ] ] } },
{ "type": "Feature", "properties": { "Aire": "RRN C", "NomUsuel": "LES LAUVETS", "Nature": "R", "GVO": "ESCOTA", "Surface": 15304.17229, "Réseau": "C", "Axe": "A57", "id_aire": "A000036" }, "geometry": { "type": "Polygon", "coordinates": [ [ [ 6.1881141, 43.2839101 ], [ 6.1882177, 43.2838953 ], [ 6.1879443, 43.2831559 ], [ 6.1878554, 43.2828903 ], [ 6.1877971, 43.2826726 ], [ 6.1877408, 43.2823239 ], [ 6.1877147, 43.2822596 ], [ 6.1876725, 43.2822159 ], [ 6.187621, 43.2821831 ], [ 6.1875474, 43.2821585 ], [ 6.1874668, 43.2821508 ], [ 6.1870156, 43.2821371 ], [ 6.1869129, 43.282137 ], [ 6.1868108, 43.2825243 ], [ 6.1867764, 43.2829281 ], [ 6.1868108, 43.2834643 ], [ 6.1868453, 43.2835852 ], [ 6.187892, 43.2837973 ], [ 6.1879841, 43.2838214 ], [ 6.1880566, 43.2838598 ], [ 6.1881141, 43.2839101 ] ] ] } },
{ "type": "Feature", "properties": { "Aire": "RRN C", "NomUsuel": "LE SUVE DU VENT", "Nature": "R", "GVO": "ESCOTA", "Surface": 65955.962, "Réseau": "C", "Axe": "A57", "id_aire": "A000037" }, "geometry": { "type": "Polygon", "coordinates": [ [ [ 6.1828214, 43.2717471 ], [ 6.1832081, 43.2719726 ], [ 6.1837173, 43.2723086 ], [ 6.1841887, 43.272655 ], [ 6.1847676, 43.2731404 ], [ 6.185286, 43.2736528 ], [ 6.1856279, 43.27404 ], [ 6.1858322, 43.2743072 ], [ 6.1858902, 43.274328 ], [ 6.1861184, 43.2743962 ], [ 6.1861445, 43.2734028 ], [ 6.1859041, 43.2724719 ], [ 6.1856176, 43.271668 ], [ 6.1854598, 43.2712659 ], [ 6.1853067, 43.2710294 ], [ 6.1849726, 43.270918 ], [ 6.1841235, 43.2708436 ], [ 6.1834461, 43.2706713 ], [ 6.182996, 43.2704787 ], [ 6.1826387, 43.2704382 ], [ 6.1821038, 43.2704359 ], [ 6.1817731, 43.2706868 ], [ 6.1818062, 43.271163 ], [ 6.1824055, 43.2715219 ], [ 6.1828214, 43.2717471 ] ] ] } },
{ "type": "Feature", "properties": { "Aire": "RRN C", "NomUsuel": "Le Rossignol", "Nature": "R", "GVO": "APRR", "Surface": 45541.60585, "Réseau": "C", "Axe": "A6", "id_aire": "A000038" }, "geometry": { "type": "Polygon", "coordinates": [ [ [ 4.7961637, 47.0575183 ], [ 4.7963248, 47.0575278 ], [ 4.7968116, 47.0575506 ], [ 4.7964026, 47.05742 ], [ 4.7958112, 47.0572628 ], [ 4.7949099, 47.0569266 ], [ 4.7942018, 47.0568133 ], [ 4.7944164, 47.0564844 ], [ 4.7934562, 47.0563455 ], [ 4.7923563, 47.0559997 ], [ 4.7920829, 47.0563601 ], [ 4.7921956, 47.0565136 ], [ 4.7923297, 47.0565392 ], [ 4.7923273, 47.0566784 ], [ 4.7920361, 47.0567679 ], [ 4.7919569, 47.056813 ], [ 4.7916395, 47.0569935 ], [ 4.7914629, 47.0572828 ], [ 4.7912106, 47.0574604 ], [ 4.7905883, 47.0576065 ], [ 4.7906934, 47.0577526 ], [ 4.7916731, 47.0578242 ], [ 4.7925981, 47.05787 ], [ 4.7928168, 47.0578242 ], [ 4.7932162, 47.057807 ], [ 4.7936367, 47.0578242 ], [ 4.7956369, 47.0576802 ], [ 4.7957889, 47.0574998 ], [ 4.7961637, 47.0575183 ] ] ] } },
{ "type": "Feature", "properties": { "Aire": "RRN C", "NomUsuel": "MORNAS LES ADRETS", "Nature": "S", "GVO": "ASF", "Surface": 58199.85809, "Réseau": "C", "Axe": "A7", "id_aire": "A000039" }, "geometry": { "type": "Polygon", "coordinates": [ [ [ 4.7250741, 44.2132656 ], [ 4.7239703, 44.213111 ], [ 4.723875, 44.2130976 ], [ 4.7237286, 44.2135637 ], [ 4.7235748, 44.2135346 ], [ 4.7235498, 44.2135323 ], [ 4.7232681, 44.214079 ], [ 4.7229141, 44.2147057 ], [ 4.7223937, 44.2154785 ], [ 4.7217554, 44.2163032 ], [ 4.721459, 44.2166714 ], [ 4.721514, 44.2167021 ], [ 4.7213973, 44.2168021 ], [ 4.7213985, 44.2168317 ], [ 4.7214065, 44.2169057 ], [ 4.721573, 44.2168386 ], [ 4.7217299, 44.21683 ], [ 4.7217315, 44.2168453 ], [ 4.7217339, 44.2168694 ], [ 4.7219055, 44.2168982 ], [ 4.7229486, 44.2171344 ], [ 4.723146, 44.2170787 ], [ 4.7239642, 44.2159966 ], [ 4.7242729, 44.2156502 ], [ 4.7241202, 44.2154539 ], [ 4.7241579, 44.2154387 ], [ 4.7242005, 44.2154202 ], [ 4.724225, 44.2153802 ], [ 4.7241886, 44.2153689 ], [ 4.7242129, 44.2152788 ], [ 4.7244717, 44.2150925 ], [ 4.7250741, 44.2132656 ] ] ] } },
{ "type": "Feature", "properties": { "Aire": "RRN C", "NomUsuel": "Les Tomelles", "Nature": "R", "GVO": "APRR", "Surface": 65988.05249, "Réseau": "C", "Axe": "A5", "id_aire": "A000040" }, "geometry": { "type": "Polygon", "coordinates": [ [ [ 3.8724359, 48.2725581 ], [ 3.8724774, 48.2725126 ], [ 3.8724963, 48.2724706 ], [ 3.8726864, 48.272512 ], [ 3.873814, 48.2726211 ], [ 3.8738123, 48.272488 ], [ 3.8735763, 48.2720506 ], [ 3.8732715, 48.271719 ], [ 3.8729142, 48.2714724 ], [ 3.8722685, 48.271215 ], [ 3.8716654, 48.2711364 ], [ 3.8707378, 48.2710753 ], [ 3.8697836, 48.2710709 ], [ 3.8676515, 48.2710915 ], [ 3.8672288, 48.2722288 ], [ 3.8667977, 48.2722735 ], [ 3.8668401, 48.2724118 ], [ 3.866851, 48.2724663 ], [ 3.8675232, 48.2724231 ], [ 3.8685059, 48.2724015 ], [ 3.8698296, 48.2724227 ], [ 3.8700492, 48.2723834 ], [ 3.8707146, 48.272427 ], [ 3.8709965, 48.2724619 ], [ 3.8724359, 48.2725581 ] ] ] } },
{ "type": "Feature", "properties": { "Aire": "RRN C", "NomUsuel": "LA GRANDE BORNE", "Nature": "R", "GVO": "ASF", "Surface": 32707.87348, "Réseau": "C", "Axe": "A7", "id_aire": "A000041" }, "geometry": { "type": "Polygon", "coordinates": [ [ [ 4.8243141, 45.4117553 ], [ 4.8244334, 45.4117119 ], [ 4.8244485, 45.4117087 ], [ 4.824529, 45.4116917 ], [ 4.8245838, 45.4116802 ], [ 4.8244836, 45.411421 ], [ 4.8244069, 45.4112343 ], [ 4.8243535, 45.4110873 ], [ 4.8239048, 45.4101408 ], [ 4.8237979, 45.4099593 ], [ 4.8235928, 45.4096098 ], [ 4.823486, 45.4094853 ], [ 4.8233727, 45.4093653 ], [ 4.8227253, 45.4088177 ], [ 4.8224817, 45.4084022 ], [ 4.8221935, 45.4079881 ], [ 4.8220001, 45.4078268 ], [ 4.8217433, 45.4077208 ], [ 4.8211057, 45.4082723 ], [ 4.8213535, 45.4086287 ], [ 4.8218823, 45.4091209 ], [ 4.8223507, 45.4095355 ], [ 4.8225644, 45.4097185 ], [ 4.8225064, 45.4098232 ], [ 4.8228025, 45.4101223 ], [ 4.8241696, 45.4115836 ], [ 4.8243141, 45.4117553 ] ] ] } },
{ "type": "Feature", "properties": { "Aire": "RRN C", "NomUsuel": "ASF_A_346 - Aire d'Auberives", "Nature": "R", "GVO": "ASF", "Surface": 47203.25666, "Réseau": "C", "Axe": "A7", "id_aire": "A000042" }, "geometry": { "type": "Polygon", "coordinates": [ [ [ 4.8243978, 45.4279107 ], [ 4.8246143, 45.4273452 ], [ 4.8248749, 45.4269119 ], [ 4.8250281, 45.4265038 ], [ 4.8256523, 45.4254272 ], [ 4.8260216, 45.4247433 ], [ 4.8256782, 45.4247764 ], [ 4.824827, 45.4249952 ], [ 4.8239188, 45.4253606 ], [ 4.8234714, 45.4255435 ], [ 4.8230317, 45.4256103 ], [ 4.8223011, 45.4256507 ], [ 4.8221935, 45.4257538 ], [ 4.8220486, 45.4259242 ], [ 4.8222823, 45.4262474 ], [ 4.8224493, 45.4263622 ], [ 4.8229045, 45.4266616 ], [ 4.8238937, 45.427421 ], [ 4.8241069, 45.4274703 ], [ 4.8242095, 45.4277627 ], [ 4.8243978, 45.4279107 ] ] ] } },
{ "type": "Feature", "properties": { "Aire": "RRN C", "NomUsuel": "Le Bois de Servole", "Nature": "R", "GVO": "APRR", "Surface": 30695.74639, "Réseau": "C", "Axe": "A36", "id_aire": "A000043" }, "geometry": { "type": "Polygon", "coordinates": [ [ [ 5.8558549, 47.2144388 ], [ 5.8558302, 47.2143047 ], [ 5.8563589, 47.2138952 ], [ 5.8564541, 47.2136582 ], [ 5.8563907, 47.2134786 ], [ 5.8558161, 47.2130764 ], [ 5.8555306, 47.2130811 ], [ 5.8543427, 47.2136558 ], [ 5.853962, 47.2137252 ], [ 5.8530137, 47.2135912 ], [ 5.8525365, 47.213519 ], [ 5.8523118, 47.2136238 ], [ 5.8520034, 47.2136747 ], [ 5.8505758, 47.2136417 ], [ 5.8505705, 47.2137632 ], [ 5.850569, 47.2137981 ], [ 5.8521998, 47.2139417 ], [ 5.8535138, 47.2141368 ], [ 5.8545041, 47.2143499 ], [ 5.8552847, 47.2145508 ], [ 5.8557898, 47.214651 ], [ 5.8563124, 47.2147544 ], [ 5.8560135, 47.2145992 ], [ 5.8558549, 47.2144388 ] ] ] } },
{ "type": "Feature", "properties": { "Aire": "RRN C", "NomUsuel": "MORNAS VILLAGE", "Nature": "S", "GVO": "ASF", "Surface": 148224.7393, "Réseau": "C", "Axe": "A7", "id_aire": "A000044" }, "geometry": { "type": "Polygon", "coordinates": [ [ [ 4.7298309, 44.1945853 ], [ 4.73002, 44.1946074 ], [ 4.7300106, 44.1946395 ], [ 4.7300047, 44.194668 ], [ 4.73009, 44.1946721 ], [ 4.7300871, 44.1946844 ], [ 4.7300571, 44.1949456 ], [ 4.7300269, 44.1952095 ], [ 4.7299239, 44.1961423 ], [ 4.7298381, 44.1965376 ], [ 4.7296091, 44.1967958 ], [ 4.7292658, 44.1969659 ], [ 4.7286465, 44.196988 ], [ 4.7286739, 44.1970889 ], [ 4.7286578, 44.1975668 ], [ 4.7287486, 44.1980033 ], [ 4.729077, 44.198187 ], [ 4.72946, 44.1979229 ], [ 4.7295081, 44.1979383 ], [ 4.7295815, 44.1979584 ], [ 4.730396, 44.1974447 ], [ 4.7322464, 44.1964515 ], [ 4.7337577, 44.1957013 ], [ 4.7351754, 44.1950507 ], [ 4.7352651, 44.1949683 ], [ 4.7353465, 44.1948933 ], [ 4.7347878, 44.1942589 ], [ 4.7345198, 44.1937541 ], [ 4.7342001, 44.1933652 ], [ 4.7340903, 44.1931012 ], [ 4.7340257, 44.1929878 ], [ 4.7339353, 44.1929484 ], [ 4.7331958, 44.1929831 ], [ 4.7331022, 44.1930271 ], [ 4.7329762, 44.1932054 ], [ 4.7328987, 44.1932725 ], [ 4.7327534, 44.1933119 ], [ 4.7317103, 44.1933258 ], [ 4.7304122, 44.1933258 ], [ 4.7302604, 44.193379 ], [ 4.7298697, 44.1942843 ], [ 4.7297954, 44.1945437 ], [ 4.7298309, 44.1945853 ] ] ] } },
{ "type": "Feature", "properties": { "Aire": "RRN C", "NomUsuel": "LES TERRASSES DE   PROVENCE CENTRE", "Nature": "S", "GVO": "ESCOTA", "Surface": 52093.04506, "Réseau": "C", "Axe": "A8", "id_aire": "A000045" }, "geometry": { "type": "Polygon", "coordinates": [ [ [ 5.9876071, 43.4226426 ], [ 5.9880791, 43.4224867 ], [ 5.9885979, 43.4223423 ], [ 5.9890785, 43.4222082 ], [ 5.989436, 43.4221045 ], [ 5.9897773, 43.4220258 ], [ 5.9902396, 43.4219299 ], [ 5.9903849, 43.421899 ], [ 5.9911256, 43.4217412 ], [ 5.9918033, 43.4216255 ], [ 5.9929032, 43.4214836 ], [ 5.9929049, 43.4214606 ], [ 5.992907, 43.4214321 ], [ 5.9929101, 43.4213903 ], [ 5.992917, 43.4212956 ], [ 5.9929211, 43.4212405 ], [ 5.9924911, 43.4211822 ], [ 5.9907713, 43.420439 ], [ 5.9906602, 43.4204262 ], [ 5.990574, 43.420433 ], [ 5.9904843, 43.4204498 ], [ 5.9894097, 43.4207903 ], [ 5.9890806, 43.420989 ], [ 5.9878716, 43.4213829 ], [ 5.987782, 43.4214234 ], [ 5.9877163, 43.4214646 ], [ 5.987657, 43.4215186 ], [ 5.9872891, 43.4223041 ], [ 5.9873251, 43.4223433 ], [ 5.9876071, 43.4226426 ] ] ] } },
{ "type": "Feature", "properties": { "Aire": "RRN C", "NomUsuel": "MANZAT", "Nature": "S", "GVO": "ASF", "Surface": 46092.98317, "Réseau": "C", "Axe": "A89", "id_aire": "A000046" }, "geometry": { "type": "Polygon", "coordinates": [ [ [ 2.9858529, 45.9557682 ], [ 2.9858733, 45.9560079 ], [ 2.9858971, 45.9560715 ], [ 2.985929, 45.9561123 ], [ 2.9859677, 45.9561454 ], [ 2.9860731, 45.9562144 ], [ 2.9867716, 45.956662 ], [ 2.9868181, 45.9566839 ], [ 2.9868543, 45.9566932 ], [ 2.9868966, 45.9566978 ], [ 2.9872861, 45.9566922 ], [ 2.9873542, 45.9567174 ], [ 2.9874665, 45.9567825 ], [ 2.9883456, 45.9573453 ], [ 2.9884623, 45.9574124 ], [ 2.9886031, 45.9574666 ], [ 2.9887406, 45.957502 ], [ 2.9890309, 45.957564 ], [ 2.9893179, 45.9576264 ], [ 2.9895265, 45.9576819 ], [ 2.9896364, 45.9577187 ], [ 2.9897417, 45.9577565 ], [ 2.9899107, 45.9578339 ], [ 2.9899405, 45.9578063 ], [ 2.9900113, 45.9577409 ], [ 2.9900368, 45.9577173 ], [ 2.9899811, 45.9576819 ], [ 2.9899328, 45.9576386 ], [ 2.9899, 45.9576045 ], [ 2.9898738, 45.95757 ], [ 2.9898383, 45.9575192 ], [ 2.9898023, 45.9574578 ], [ 2.9895479, 45.9569752 ], [ 2.9895037, 45.9569072 ], [ 2.9894614, 45.9568554 ], [ 2.9893977, 45.9567911 ], [ 2.989326, 45.9567286 ], [ 2.988474, 45.9561797 ], [ 2.988404, 45.9561401 ], [ 2.9883651, 45.9561011 ], [ 2.98835, 45.9560706 ], [ 2.9883496, 45.956034 ], [ 2.9883517, 45.9559245 ], [ 2.9883369, 45.955855 ], [ 2.9883167, 45.9557947 ], [ 2.9882846, 45.9557431 ], [ 2.9882524, 45.9557147 ], [ 2.9882102, 45.9556844 ], [ 2.9881109, 45.9556224 ], [ 2.9875007, 45.9552215 ], [ 2.9874377, 45.9551814 ], [ 2.9873814, 45.9551562 ], [ 2.9873236, 45.9551464 ], [ 2.9869086, 45.9551529 ], [ 2.9868744, 45.9551511 ], [ 2.9868476, 45.9551385 ], [ 2.9866438, 45.9550025 ], [ 2.9865284, 45.9549529 ], [ 2.986403, 45.9549226 ], [ 2.9862837, 45.9549045 ], [ 2.9861764, 45.9549049 ], [ 2.9860919, 45.9549143 ], [ 2.9860168, 45.9549259 ], [ 2.9859236, 45.9549515 ], [ 2.9858458, 45.95498 ], [ 2.9857861, 45.9550159 ], [ 2.9857251, 45.9550564 ], [ 2.9856721, 45.9551068 ], [ 2.9856299, 45.9551609 ], [ 2.9855997, 45.9552224 ], [ 2.9855783, 45.9552863 ], [ 2.9855682, 45.9553478 ], [ 2.9855736, 45.9554177 ], [ 2.9855829, 45.9554653 ], [ 2.9855984, 45.9555072 ], [ 2.9856389, 45.9555751 ], [ 2.9856765, 45.9556201 ], [ 2.9857231, 45.955662 ], [ 2.9857945, 45.9557072 ], [ 2.9858347, 45.955738 ], [ 2.9858529, 45.9557682 ] ] ] } },
{ "type": "Feature", "properties": { "Aire": "RRN C", "NomUsuel": "Jugy", "Nature": "R", "GVO": "APRR", "Surface": 49379.34264, "Réseau": "C", "Axe": "A6", "id_aire": "A000047" }, "geometry": { "type": "Polygon", "coordinates": [ [ [ 4.8819966, 46.6051797 ], [ 4.8819534, 46.6050718 ], [ 4.8813694, 46.6044928 ], [ 4.8813475, 46.6044711 ], [ 4.8798424, 46.6049251 ], [ 4.8798424, 46.6052306 ], [ 4.8786238, 46.6053946 ], [ 4.8786249, 46.6054464 ], [ 4.8786513, 46.6067083 ], [ 4.8774004, 46.6069891 ], [ 4.8777188, 46.6078932 ], [ 4.8777841, 46.6080208 ], [ 4.8780506, 46.6078173 ], [ 4.878206, 46.6078262 ], [ 4.8792581, 46.6070773 ], [ 4.880817, 46.6060692 ], [ 4.8807437, 46.6059776 ], [ 4.8813636, 46.605593 ], [ 4.8819966, 46.6051797 ] ] ] } },
{ "type": "Feature", "properties": { "Aire": "RRN C", "NomUsuel": "ASF_A_361 - Aire de Vergèze Sud", "Nature": "R", "GVO": "ASF", "Surface": 45654.60411, "Réseau": "C", "Axe": "A9", "id_aire": "A000048" }, "geometry": { "type": "Polygon", "coordinates": [ [ [ 4.210317, 43.7484286 ], [ 4.2102422, 43.749353 ], [ 4.2101552, 43.7496039 ], [ 4.2101631, 43.7496345 ], [ 4.2106657, 43.74975 ], [ 4.2122, 43.7501336 ], [ 4.2125716, 43.7502037 ], [ 4.2140167, 43.7504541 ], [ 4.2141813, 43.750164 ], [ 4.214206, 43.7499749 ], [ 4.2138259, 43.7497731 ], [ 4.21361, 43.7496229 ], [ 4.2134241, 43.7490598 ], [ 4.213136, 43.7486717 ], [ 4.2119615, 43.748602 ], [ 4.2103286, 43.7483996 ], [ 4.210317, 43.7484286 ] ] ] } },
{ "type": "Feature", "properties": { "Aire": "RRN C", "NomUsuel": "Morainvilliers Nord", "Nature": "S", "GVO": "SAPN", "Surface": 48241.11089, "Réseau": "C", "Axe": "A13", "id_aire": "A000049" }, "geometry": { "type": "Polygon", "coordinates": [ [ [ 1.951849, 48.9431673 ], [ 1.9519153, 48.943153 ], [ 1.9529226, 48.9435167 ], [ 1.9536451, 48.9430716 ], [ 1.9552739, 48.9417782 ], [ 1.9549968, 48.9416814 ], [ 1.9555594, 48.9407942 ], [ 1.9552693, 48.9406537 ], [ 1.9555255, 48.9404154 ], [ 1.9558015, 48.9401737 ], [ 1.9556621, 48.9401169 ], [ 1.9553443, 48.9399784 ], [ 1.9551762, 48.9399019 ], [ 1.9551024, 48.9398773 ], [ 1.9519562, 48.9426468 ], [ 1.9515404, 48.9430431 ], [ 1.9515896, 48.9431302 ], [ 1.951849, 48.9431673 ] ] ] } },
{ "type": "Feature", "properties": { "Aire": "RRN C", "NomUsuel": "La Porte d'Alsace Nord", "Nature": "S", "GVO": "APRR", "Surface": 86050.18438000001, "Réseau": "C", "Axe": "A36", "id_aire": "A000050" }, "geometry": { "type": "Polygon", "coordinates": [ [ [ 7.1395254, 47.7175957 ], [ 7.1394741, 47.717294 ], [ 7.1394489, 47.7172148 ], [ 7.1371087, 47.7164787 ], [ 7.1368861, 47.7164444 ], [ 7.1364087, 47.7163054 ], [ 7.1360868, 47.7161755 ], [ 7.1327302, 47.7152448 ], [ 7.1324243, 47.7152358 ], [ 7.13213, 47.7152312 ], [ 7.1318345, 47.7153725 ], [ 7.1312123, 47.71615 ], [ 7.131711, 47.7166915 ], [ 7.1334147, 47.71716 ], [ 7.1336517, 47.7171932 ], [ 7.1338937, 47.7170636 ], [ 7.134269, 47.7169806 ], [ 7.1357157, 47.7173761 ], [ 7.1375272, 47.7179151 ], [ 7.1376724, 47.7179276 ], [ 7.1380931, 47.7179638 ], [ 7.1384364, 47.7178519 ], [ 7.1391821, 47.7175614 ], [ 7.1395254, 47.7175957 ] ] ] } },
{ "type": "Feature", "properties": { "Aire": "RRN C", "NomUsuel": "Parc Thierry", "Nature": "R", "GVO": "APRR", "Surface": 29232.36863, "Réseau": "C", "Axe": "A6", "id_aire": "A000051" }, "geometry": { "type": "Polygon", "coordinates": [ [ [ 3.0141912, 48.1072348 ], [ 3.0147068, 48.1070413 ], [ 3.0167851, 48.1061354 ], [ 3.0182886, 48.1054649 ], [ 3.0180622, 48.1053557 ], [ 3.0177735, 48.105301 ], [ 3.0167246, 48.1049338 ], [ 3.014949, 48.1057175 ], [ 3.0149208, 48.1057299 ], [ 3.0149401, 48.1058105 ], [ 3.0147155, 48.1065339 ], [ 3.0145014, 48.1067176 ], [ 3.0143331, 48.1069335 ], [ 3.0140613, 48.1070512 ], [ 3.0141912, 48.1072348 ] ] ] } },
{ "type": "Feature", "properties": { "Aire": "RRN C", "NomUsuel": "Aire des Deux-Sèvres", "Nature": "S", "GVO": "ASF", "Surface": 74307.81231, "Réseau": "C", "Axe": "A83", "id_aire": "A000052" }, "geometry": { "type": "Polygon", "coordinates": [ [ [ -0.5097892, 46.4292268 ], [ -0.5097681, 46.4295245 ], [ -0.502632, 46.4296647 ], [ -0.5025836, 46.4295975 ], [ -0.502475, 46.429408 ], [ -0.5026624, 46.4293159 ], [ -0.5038155, 46.4283451 ], [ -0.5041733, 46.428094 ], [ -0.5044217, 46.4280392 ], [ -0.5067607, 46.4280277 ], [ -0.5069793, 46.4281465 ], [ -0.5070216, 46.4281492 ], [ -0.5070884, 46.4281435 ], [ -0.5075655, 46.4279619 ], [ -0.5086806, 46.4286902 ], [ -0.5090671, 46.4289598 ], [ -0.5092076, 46.4290841 ], [ -0.5093365, 46.4291471 ], [ -0.5097892, 46.4292268 ] ] ] } },
{ "type": "Feature", "properties": { "Aire": "RRN C", "NomUsuel": "LA VENDEE Ouest", "Nature": "S", "GVO": "ASF", "Surface": 244523.5037, "Réseau": "C", "Axe": "A83", "id_aire": "A000053" }, "geometry": { "type": "Polygon", "coordinates": [ [ [ -1.1153851, 46.5758293 ], [ -1.1144483, 46.5741022 ], [ -1.1139049, 46.5731875 ], [ -1.1132063, 46.572186 ], [ -1.113141, 46.5720922 ], [ -1.1111165, 46.5691825 ], [ -1.1112569, 46.5691211 ], [ -1.1114055, 46.5690561 ], [ -1.1117379, 46.5689112 ], [ -1.1118088, 46.5689721 ], [ -1.1157149, 46.5689031 ], [ -1.1168527, 46.5700467 ], [ -1.1178984, 46.5710977 ], [ -1.1180046, 46.5713051 ], [ -1.1182233, 46.5727038 ], [ -1.1182354, 46.5727837 ], [ -1.1182474, 46.5728631 ], [ -1.1182963, 46.5730966 ], [ -1.1183662, 46.5730917 ], [ -1.118469, 46.573919 ], [ -1.1182296, 46.574083 ], [ -1.1158839, 46.5756899 ], [ -1.1154669, 46.5758075 ], [ -1.1153851, 46.5758293 ] ] ] } },
{ "type": "Feature", "properties": { "Aire": "RRN C", "NomUsuel": "LES BROUZILS", "Nature": "S", "GVO": "ASF", "Surface": 181489.069, "Réseau": "C", "Axe": "A83", "id_aire": "A000054" }, "geometry": { "type": "Polygon", "coordinates": [ [ [ -1.2914395, 46.8839341 ], [ -1.2910979, 46.8835626 ], [ -1.2909189, 46.8833679 ], [ -1.2894034, 46.8812201 ], [ -1.2878433, 46.8785973 ], [ -1.2873432, 46.8775425 ], [ -1.2870811, 46.8770114 ], [ -1.2878895, 46.8770001 ], [ -1.2882448, 46.8769799 ], [ -1.2884548, 46.8769573 ], [ -1.288658, 46.8769354 ], [ -1.2894533, 46.8767964 ], [ -1.292153, 46.8794508 ], [ -1.2924745, 46.8803499 ], [ -1.2929056, 46.8815614 ], [ -1.2930865, 46.8838601 ], [ -1.2916548, 46.8839341 ], [ -1.2914395, 46.8839341 ] ] ] } },
{ "type": "Feature", "properties": { "Aire": "RRN C", "NomUsuel": "ASF_A_478 - Aire de Doeuil-sur-le-Mignon Ouest", "Nature": "R", "GVO": "ASF", "Surface": 47762.55887, "Réseau": "C", "Axe": "A10", "id_aire": "A000055" }, "geometry": { "type": "Polygon", "coordinates": [ [ [ -0.5355435, 46.1166869 ], [ -0.5338573, 46.1201807 ], [ -0.5332404, 46.1194724 ], [ -0.5330224, 46.1193071 ], [ -0.5329753, 46.1192714 ], [ -0.5338023, 46.1157804 ], [ -0.5339572, 46.1158012 ], [ -0.5341008, 46.1158204 ], [ -0.5341879, 46.1158643 ], [ -0.534452306741736, 46.11637475924617 ], [ -0.5355435, 46.1166869 ] ] ] } },
{ "type": "Feature", "properties": { "Aire": "RRN C", "NomUsuel": "ASF_A_479 - Aire de Lozay", "Nature": "R", "GVO": "ASF", "Surface": 41754.6886, "Réseau": "C", "Axe": "A10", "id_aire": "A000056" }, "geometry": { "type": "Polygon", "coordinates": [ [ [ -0.5421217, 46.02223 ], [ -0.5425298, 46.022249 ], [ -0.5424869, 46.0224088 ], [ -0.5427899, 46.0224169 ], [ -0.5424191, 46.0233173 ], [ -0.5435099, 46.0235633 ], [ -0.5432454, 46.024105 ], [ -0.5427972, 46.025023 ], [ -0.5425382, 46.0249674 ], [ -0.5421738, 46.0258663 ], [ -0.5411395, 46.0256246 ], [ -0.5414808, 46.0247131 ], [ -0.5412297, 46.0246426 ], [ -0.5411221, 46.0246124 ], [ -0.5409976, 46.0245567 ], [ -0.5412243, 46.0242032 ], [ -0.5413473, 46.0240113 ], [ -0.5417104, 46.0227336 ], [ -0.5417754, 46.0222621 ], [ -0.5420244, 46.022239 ], [ -0.5421217, 46.02223 ] ] ] } },
{ "type": "Feature", "properties": { "Aire": "RRN C", "NomUsuel": "SAUGON OUEST", "Nature": "S", "GVO": "ASF", "Surface": 227292.7433, "Réseau": "C", "Axe": "A10", "id_aire": "A000057" }, "geometry": { "type": "Polygon", "coordinates": [ [ [ -0.4906994, 45.1857801 ], [ -0.4923999, 45.1861978 ], [ -0.4938705, 45.1864352 ], [ -0.4965176, 45.1868112 ], [ -0.4965193, 45.1895241 ], [ -0.4970697, 45.1896659 ], [ -0.4959922, 45.1924925 ], [ -0.4932804, 45.1921285 ], [ -0.4930116, 45.1915835 ], [ -0.4921065, 45.1891281 ], [ -0.4912104, 45.1869928 ], [ -0.4912238, 45.1868566 ], [ -0.4906994, 45.1857801 ] ] ] } },
{ "type": "Feature", "properties": { "Aire": "RRN C", "NomUsuel": "CANDUMY", "Nature": "R", "GVO": "ESCOTA", "Surface": 7516.48604, "Réseau": "C", "Axe": "A8", "id_aire": "A000058" }, "geometry": { "type": "Polygon", "coordinates": [ [ [ 6.1978803, 43.4053935 ], [ 6.1986065, 43.4053827 ], [ 6.1986682, 43.4053086 ], [ 6.1988622, 43.4052909 ], [ 6.1999841, 43.405412 ], [ 6.2004062, 43.4052627 ], [ 6.2004173, 43.4051578 ], [ 6.1980475, 43.404878 ], [ 6.1978803, 43.4053935 ] ] ] } },
{ "type": "Feature", "properties": { "Aire": "RRN C", "NomUsuel": "ROUDA?", "Nature": "R", "GVO": "ESCOTA", "Surface": 33509.3961, "Réseau": "C", "Axe": "A8", "id_aire": "A000059" }, "geometry": { "type": "Polygon", "coordinates": [ [ [ 6.1989786, 43.4043339 ], [ 6.1990807, 43.4044594 ], [ 6.1994813, 43.4045051 ], [ 6.2026246, 43.4050004 ], [ 6.2036982, 43.4041573 ], [ 6.2021326, 43.4038015 ], [ 6.2004526, 43.403706 ], [ 6.1994027, 43.4040371 ], [ 6.1989786, 43.4043339 ] ] ] } },
{ "type": "Feature", "properties": { "Aire": "RRN C", "NomUsuel": "LANCON DE PROVENCE OUEST", "Nature": "S", "GVO": "ASF", "Surface": 136742.7637, "Réseau": "C", "Axe": "A7", "id_aire": "A000060" }, "geometry": { "type": "Polygon", "coordinates": [ [ [ 5.1858744, 43.5902642 ], [ 5.1939095, 43.5887273 ], [ 5.1939101, 43.5886712 ], [ 5.193913, 43.5886197 ], [ 5.1938034, 43.5885448 ], [ 5.1930528, 43.5881014 ], [ 5.1925555, 43.5878077 ], [ 5.1923638, 43.5870055 ], [ 5.192264, 43.5865866 ], [ 5.1909061, 43.5867329 ], [ 5.1901871, 43.5869482 ], [ 5.1890767, 43.5870783 ], [ 5.1885456, 43.5872376 ], [ 5.188213, 43.5874552 ], [ 5.1877034, 43.5879837 ], [ 5.1869857, 43.5884477 ], [ 5.1860958, 43.5887718 ], [ 5.1862627, 43.5891993 ], [ 5.1864025, 43.5894565 ], [ 5.1861926, 43.5897264 ], [ 5.1858128, 43.590192 ], [ 5.1858462, 43.5902306 ], [ 5.1858744, 43.5902642 ] ] ] } },
{ "type": "Feature", "properties": { "Aire": "RRN C", "NomUsuel": "LANCON DE PROVENCE EST", "Nature": "S", "GVO": "ASF", "Surface": 62618.76582, "Réseau": "C", "Axe": "A7", "id_aire": "A000061" }, "geometry": { "type": "Polygon", "coordinates": [ [ [ 5.1871581, 43.5904244 ], [ 5.1871874, 43.5905137 ], [ 5.1872206, 43.5905714 ], [ 5.1874351, 43.5905694 ], [ 5.1878321, 43.5906569 ], [ 5.1882559, 43.5908239 ], [ 5.1891813, 43.5906627 ], [ 5.1898679, 43.5906821 ], [ 5.1912788, 43.5904665 ], [ 5.1915228, 43.5904723 ], [ 5.1916623, 43.59055 ], [ 5.1918527, 43.5907559 ], [ 5.1920351, 43.5907754 ], [ 5.1921719, 43.5907287 ], [ 5.1923677, 43.590651 ], [ 5.1932019, 43.5904898 ], [ 5.1934736, 43.5902216 ], [ 5.1955798, 43.5898156 ], [ 5.1958522, 43.589595 ], [ 5.1956068, 43.5893031 ], [ 5.1948826, 43.5891549 ], [ 5.1946382, 43.5891095 ], [ 5.1945582, 43.5890752 ], [ 5.1945409, 43.5890678 ], [ 5.1944436, 43.589026 ], [ 5.1871581, 43.5904244 ] ] ] } },
{ "type": "Feature", "properties": { "Aire": "RRN C", "NomUsuel": "Aire de la Sainte Victoire", "Nature": "S", "GVO": "ESCOTA", "Surface": 78437.60867, "Réseau": "C", "Axe": "A8", "id_aire": "A000062" }, "geometry": { "type": "Polygon", "coordinates": [ [ [ 5.6514572, 43.4699218 ], [ 5.6530613, 43.4698205 ], [ 5.6530776, 43.4698476 ], [ 5.6532939, 43.4698629 ], [ 5.6545241, 43.4698342 ], [ 5.6557402, 43.4698233 ], [ 5.6559056, 43.4698074 ], [ 5.65593, 43.469805 ], [ 5.656676, 43.4698106 ], [ 5.6578578, 43.4698463 ], [ 5.6578626, 43.4698298 ], [ 5.6578689, 43.4698083 ], [ 5.6573956, 43.4693109 ], [ 5.6565143, 43.4678419 ], [ 5.6560086, 43.4675203 ], [ 5.6550889, 43.4679134 ], [ 5.652549, 43.4688598 ], [ 5.6517681, 43.4693386 ], [ 5.6513131, 43.4696027 ], [ 5.6514572, 43.4699218 ] ] ] } },
{ "type": "Feature", "properties": { "Aire": "RRN C", "NomUsuel": "Aire de repos Passy S2", "Nature": "R", "GVO": "ATMB", "Surface": 36616.15197, "Réseau": "C", "Axe": "A40", "id_aire": "A000063" }, "geometry": { "type": "Polygon", "coordinates": [ [ [ 6.6650453, 45.9204152 ], [ 6.6641585, 45.9207656 ], [ 6.663209, 45.9211408 ], [ 6.6629718, 45.9212103 ], [ 6.6624694, 45.9213576 ], [ 6.6622317, 45.921512 ], [ 6.6621313, 45.9218317 ], [ 6.6622687, 45.9220706 ], [ 6.6621313, 45.9222911 ], [ 6.6618038, 45.9225042 ], [ 6.6618729, 45.9225922 ], [ 6.6619041, 45.9226292 ], [ 6.666046, 45.9210783 ], [ 6.667298, 45.9206005 ], [ 6.6672607, 45.9205717 ], [ 6.6672188, 45.9205013 ], [ 6.6669705, 45.9204866 ], [ 6.6663577, 45.9205197 ], [ 6.6653539, 45.9203984 ], [ 6.6650453, 45.9204152 ] ] ] } },
{ "type": "Feature", "properties": { "Aire": "RRN C", "NomUsuel": "MORIERES", "Nature": "S", "GVO": "ASF", "Surface": 78150.16826000001, "Réseau": "C", "Axe": "A7", "id_aire": "A000064" }, "geometry": { "type": "Polygon", "coordinates": [ [ [ 4.9116745, 43.9206516 ], [ 4.9114507, 43.9219209 ], [ 4.9114146, 43.9229025 ], [ 4.9110748, 43.9231713 ], [ 4.9110415, 43.9234112 ], [ 4.9111014, 43.9238192 ], [ 4.9115412, 43.9239968 ], [ 4.9115641, 43.9241539 ], [ 4.9115945, 43.9243471 ], [ 4.9128539, 43.9255229 ], [ 4.9129559, 43.9256706 ], [ 4.9130384, 43.9256764 ], [ 4.9131028, 43.9256793 ], [ 4.9134856, 43.9221372 ], [ 4.9136488, 43.9205857 ], [ 4.9116745, 43.9206516 ] ] ] } },
{ "type": "Feature", "properties": { "Aire": "RRN C", "NomUsuel": "JARDIN DES CAUSSES DU LOT", "Nature": "S", "GVO": "ASF", "Surface": 83139.47256, "Réseau": "C", "Axe": "A20", "id_aire": "A000065" }, "geometry": { "type": "Polygon", "coordinates": [ [ [ 1.5672116, 44.6570623 ], [ 1.5660941, 44.6573083 ], [ 1.5663384, 44.6577748 ], [ 1.5669787, 44.6576339 ], [ 1.5669539, 44.6584184 ], [ 1.567623, 44.6596492 ], [ 1.5676784, 44.6597613 ], [ 1.5677594, 44.6598159 ], [ 1.5678788, 44.6598462 ], [ 1.5680194, 44.6598553 ], [ 1.568322, 44.6598189 ], [ 1.5684413, 44.6598098 ], [ 1.5686033, 44.6598492 ], [ 1.568778, 44.6599008 ], [ 1.5689869, 44.6599129 ], [ 1.5692852, 44.6598947 ], [ 1.5693795, 44.6598821 ], [ 1.5693732, 44.659767 ], [ 1.5694345, 44.6596598 ], [ 1.5696416, 44.6595646 ], [ 1.5698033, 44.659553 ], [ 1.5698974, 44.6595676 ], [ 1.5700133, 44.6596109 ], [ 1.5700853, 44.6596404 ], [ 1.5701968, 44.6597222 ], [ 1.5702569, 44.6596097 ], [ 1.5703123, 44.6595279 ], [ 1.5703677, 44.6594309 ], [ 1.5704316, 44.6592793 ], [ 1.5704572, 44.6589489 ], [ 1.5704487, 44.6587731 ], [ 1.5704103, 44.6586275 ], [ 1.5703592, 44.6584729 ], [ 1.5702526, 44.6582607 ], [ 1.5700864, 44.6580546 ], [ 1.5699373, 44.6578878 ], [ 1.5696986, 44.657709 ], [ 1.5693789, 44.6575119 ], [ 1.5691701, 44.6574301 ], [ 1.569074, 44.6573865 ], [ 1.5690379, 44.6573798 ], [ 1.5689092, 44.6573594 ], [ 1.5687753, 44.6573357 ], [ 1.5686731, 44.6572828 ], [ 1.5686324, 44.6571832 ], [ 1.5701119, 44.6567024 ], [ 1.5698876, 44.6563699 ], [ 1.5684687, 44.6568217 ], [ 1.5683017, 44.6559911 ], [ 1.5681915, 44.656032 ], [ 1.5672116, 44.6570623 ] ] ] } },
{ "type": "Feature", "properties": { "Aire": "RRN C", "NomUsuel": "Louis Pasteur", "Nature": "R", "GVO": "APRR", "Surface": 58457.42713, "Réseau": "C", "Axe": "A39", "id_aire": "A000066" }, "geometry": { "type": "Polygon", "coordinates": [ [ [ 5.5025917, 46.9904697 ], [ 5.502813, 46.9905247 ], [ 5.5036747, 46.9895772 ], [ 5.504016, 46.9893052 ], [ 5.5042487, 46.9891877 ], [ 5.5044692, 46.9891898 ], [ 5.5045719, 46.989201 ], [ 5.5047364, 46.9891675 ], [ 5.504856, 46.9890698 ], [ 5.5049585, 46.9890115 ], [ 5.5049948, 46.9889737 ], [ 5.5049991, 46.9889023 ], [ 5.5049756, 46.9888396 ], [ 5.5049521, 46.9887842 ], [ 5.5049585, 46.9887449 ], [ 5.5049991, 46.9886866 ], [ 5.505076, 46.9886385 ], [ 5.5051677, 46.9885755 ], [ 5.5052383, 46.9886327 ], [ 5.5052576, 46.988675 ], [ 5.5052533, 46.9887405 ], [ 5.5052152, 46.9887857 ], [ 5.505046, 46.989103 ], [ 5.5049554, 46.9892679 ], [ 5.5047742, 46.989441 ], [ 5.5045627, 46.9895893 ], [ 5.5044358, 46.9898201 ], [ 5.5041217, 46.990395 ], [ 5.5040341, 46.9905867 ], [ 5.5040129, 46.9907721 ], [ 5.5041126, 46.9909473 ], [ 5.5042365, 46.9910524 ], [ 5.5044479, 46.9911039 ], [ 5.5045968, 46.9910952 ], [ 5.5047381, 46.990858 ], [ 5.5055107, 46.9895607 ], [ 5.505415, 46.989346 ], [ 5.5058466, 46.9885483 ], [ 5.5057685, 46.9884098 ], [ 5.5055526, 46.9883021 ], [ 5.5054289, 46.9881604 ], [ 5.5053294, 46.9878673 ], [ 5.5055386, 46.9876745 ], [ 5.505778, 46.9874621 ], [ 5.5059132, 46.9873316 ], [ 5.5063994, 46.9869391 ], [ 5.5069774, 46.9862976 ], [ 5.5068035, 46.9861943 ], [ 5.506425, 46.9861714 ], [ 5.5063212, 46.9863679 ], [ 5.5062959, 46.986525 ], [ 5.5061702, 46.9866648 ], [ 5.5057585, 46.9868592 ], [ 5.5054972, 46.9872202 ], [ 5.5055642, 46.9873573 ], [ 5.5053675, 46.9875416 ], [ 5.5052179, 46.9875972 ], [ 5.5050702, 46.987603 ], [ 5.5049511, 46.9874618 ], [ 5.5047871, 46.986872 ], [ 5.5047631, 46.9864247 ], [ 5.5044034, 46.986491 ], [ 5.5025917, 46.9904697 ] ] ] } },
{ "type": "Feature", "properties": { "Aire": "RRN C", "NomUsuel": "Porte de la Drome", "Nature": "S", "GVO": "AREA", "Surface": 86960.62757, "Réseau": "C", "Axe": "A49", "id_aire": "A000067" }, "geometry": { "type": "Polygon", "coordinates": [ [ [ 5.2094188, 45.0717626 ], [ 5.2091261, 45.0721466 ], [ 5.2095539, 45.0729451 ], [ 5.2097559, 45.07293 ], [ 5.2097673, 45.0730975 ], [ 5.2094479, 45.073132 ], [ 5.2094305, 45.073075 ], [ 5.2078299, 45.0732484 ], [ 5.2078018, 45.0733301 ], [ 5.2078815, 45.0736636 ], [ 5.2079726, 45.0740029 ], [ 5.2080176, 45.0740595 ], [ 5.2080182, 45.0745887 ], [ 5.2081052, 45.0748395 ], [ 5.2081874, 45.0749562 ], [ 5.2085018, 45.0750969 ], [ 5.2088135, 45.0752154 ], [ 5.2090965, 45.0755151 ], [ 5.20985, 45.0756383 ], [ 5.2098351, 45.0757269 ], [ 5.2098229, 45.0757967 ], [ 5.2101352, 45.0758484 ], [ 5.2105937, 45.0765405 ], [ 5.2109777, 45.0765829 ], [ 5.211972, 45.0762835 ], [ 5.2106653, 45.0731266 ], [ 5.2097129, 45.0717039 ], [ 5.2094188, 45.0717626 ] ] ] } },
{ "type": "Feature", "properties": { "Aire": "RRN C", "NomUsuel": "Royans-Vercors", "Nature": "S", "GVO": "AREA", "Surface": 72239.24322, "Réseau": "C", "Axe": "A49", "id_aire": "A000068" }, "geometry": { "type": "Polygon", "coordinates": [ [ [ 5.2123266, 45.0746318 ], [ 5.2125406, 45.074102 ], [ 5.2121636, 45.0734146 ], [ 5.2124412, 45.0730518 ], [ 5.2131909, 45.0728442 ], [ 5.2131371, 45.0724902 ], [ 5.2126607, 45.0717325 ], [ 5.2125107, 45.07114 ], [ 5.2122847, 45.0706779 ], [ 5.2120244, 45.0706226 ], [ 5.2118357, 45.0705405 ], [ 5.2101584, 45.0698351 ], [ 5.2095002, 45.0702114 ], [ 5.2093641, 45.0702959 ], [ 5.2101264, 45.0714267 ], [ 5.2108815, 45.0726356 ], [ 5.2119672, 45.0746929 ], [ 5.2121459, 45.0746568 ], [ 5.2123266, 45.0746318 ] ] ] } },
{ "type": "Feature", "properties": { "Aire": "RRN C", "NomUsuel": "Setques Nord", "Nature": "P", "GVO": "SANEF", "Surface": 5567.53013, "Réseau": "C", "Axe": "A26", "id_aire": "A000069" }, "geometry": { "type": "Polygon", "coordinates": [ [ [ 2.1700576, 50.7208498 ], [ 2.1699944, 50.7209058 ], [ 2.1699055, 50.7209931 ], [ 2.1699456, 50.7210211 ], [ 2.1706136, 50.7210292 ], [ 2.1709648, 50.7208982 ], [ 2.1714036, 50.7206574 ], [ 2.1715494, 50.7205489 ], [ 2.1716311, 50.7201352 ], [ 2.1716883, 50.7199983 ], [ 2.1717033, 50.7199624 ], [ 2.1716107, 50.7200129 ], [ 2.170234, 50.7207637 ], [ 2.1700576, 50.7208498 ] ] ] } },
{ "type": "Feature", "properties": { "Aire": "RRN C", "NomUsuel": "ASF_A_413 - Aire de Bages", "Nature": "R", "GVO": "ASF", "Surface": 18587.25995, "Réseau": "C", "Axe": "A9", "id_aire": "A000070" }, "geometry": { "type": "Polygon", "coordinates": [ [ [ 2.9536099, 43.1128145 ], [ 2.9533838, 43.1129305 ], [ 2.9533619, 43.1131218 ], [ 2.9533532, 43.1131982 ], [ 2.9551011, 43.115179 ], [ 2.9552477, 43.1149069 ], [ 2.95526, 43.114492 ], [ 2.9546427, 43.1130911 ], [ 2.9542944, 43.1128948 ], [ 2.9538698, 43.1127939 ], [ 2.9536099, 43.1128145 ] ] ] } },
{ "type": "Feature", "properties": { "Aire": "RRN C", "NomUsuel": "ASF_A_408 - Aire de Florensac - Est", "Nature": "R", "GVO": "ASF", "Surface": 7548.48385, "Réseau": "C", "Axe": "A9", "id_aire": "A000071" }, "geometry": { "type": "Polygon", "coordinates": [ [ [ 3.4702762, 43.3970597 ], [ 3.4703864, 43.3969674 ], [ 3.470325, 43.3966149 ], [ 3.4690725, 43.3957985 ], [ 3.4686795, 43.3957004 ], [ 3.468431, 43.3959011 ], [ 3.4702762, 43.3970597 ] ] ] } },
{ "type": "Feature", "properties": { "Aire": "RRN C", "NomUsuel": "ASF_A_408 - Aire de Florensac Ouest", "Nature": "R", "GVO": "ASF", "Surface": 7706.99886, "Réseau": "C", "Axe": "A9", "id_aire": "A000072" }, "geometry": { "type": "Polygon", "coordinates": [ [ [ 3.4680766, 43.3961585 ], [ 3.4679489, 43.3962491 ], [ 3.4679489, 43.3964766 ], [ 3.4681208, 43.3967175 ], [ 3.4694163, 43.397467 ], [ 3.4697786, 43.3974269 ], [ 3.4699262, 43.3973141 ], [ 3.4680766, 43.3961585 ] ] ] } },
{ "type": "Feature", "properties": { "Aire": "RRN C", "NomUsuel": "ASF_A_414 - Aire de Gasparets", "Nature": "R", "GVO": "ASF", "Surface": 33245.42302, "Réseau": "C", "Axe": "A9", "id_aire": "A000073" }, "geometry": { "type": "Polygon", "coordinates": [ [ [ 2.9512565, 43.0248532 ], [ 2.9516593, 43.024938 ], [ 2.9520231, 43.0248336 ], [ 2.9520803, 43.0248086 ], [ 2.9517874, 43.0209096 ], [ 2.9517613, 43.0209126 ], [ 2.9511711, 43.020981 ], [ 2.9508782, 43.0213245 ], [ 2.9507622, 43.0220115 ], [ 2.9510796, 43.0234346 ], [ 2.951249, 43.0247932 ], [ 2.9512565, 43.0248532 ] ] ] } },
{ "type": "Feature", "properties": { "Aire": "RRN C", "NomUsuel": "ASF_A_320 - Aire de Loupian Georges Brassens", "Nature": "R", "GVO": "ASF", "Surface": 104589.3699, "Réseau": "C", "Axe": "A9", "id_aire": "A000074" }, "geometry": { "type": "Polygon", "coordinates": [ [ [ 3.6276045, 43.4626596 ], [ 3.630537, 43.4636963 ], [ 3.6326784, 43.4647412 ], [ 3.6323252, 43.463901 ], [ 3.6325476, 43.4637681 ], [ 3.6329989, 43.4634358 ], [ 3.6330839, 43.4631035 ], [ 3.633012, 43.4627427 ], [ 3.6320375, 43.4616983 ], [ 3.6304285, 43.4610385 ], [ 3.6296371, 43.4610005 ], [ 3.6288, 43.4611144 ], [ 3.6275377, 43.4619214 ], [ 3.6273546, 43.4622917 ], [ 3.6276045, 43.4626596 ] ] ] } },
{ "type": "Feature", "properties": { "Aire": "RRN C", "NomUsuel": "ASF_A_319 - Aire de Mèze", "Nature": "R", "GVO": "ASF", "Surface": 40625.35469, "Réseau": "C", "Axe": "A9", "id_aire": "A000075" }, "geometry": { "type": "Polygon", "coordinates": [ [ [ 3.5901994, 43.4508602 ], [ 3.5884463, 43.4506649 ], [ 3.5883635, 43.4506729 ], [ 3.5878535, 43.4506143 ], [ 3.5863968, 43.4503703 ], [ 3.5858499, 43.4502662 ], [ 3.5858347, 43.450297 ], [ 3.5854174, 43.4511965 ], [ 3.5854796, 43.4513897 ], [ 3.5858512, 43.451512 ], [ 3.5867015, 43.4517168 ], [ 3.5869694, 43.4517284 ], [ 3.5872081, 43.4516686 ], [ 3.5877056, 43.4517402 ], [ 3.5889965, 43.4515678 ], [ 3.5892655, 43.4513432 ], [ 3.5899199, 43.4513921 ], [ 3.5899961, 43.4513367 ], [ 3.5900902, 43.4510048 ], [ 3.5901671, 43.4509087 ], [ 3.5901994, 43.4508602 ] ] ] } },
{ "type": "Feature", "properties": { "Aire": "RRN C", "NomUsuel": "ASF_A_421 - Aire de Pia", "Nature": "R", "GVO": "ASF", "Surface": 39747.45631, "Réseau": "C", "Axe": "A9", "id_aire": "A000076" }, "geometry": { "type": "Polygon", "coordinates": [ [ [ 2.8928839, 42.7511751 ], [ 2.8928563, 42.7515287 ], [ 2.8926161, 42.7546003 ], [ 2.8925081, 42.7559914 ], [ 2.892497, 42.7560816 ], [ 2.8928558, 42.7559435 ], [ 2.8931151, 42.7557781 ], [ 2.8933488, 42.7555686 ], [ 2.8934416, 42.7553303 ], [ 2.8938759, 42.7541455 ], [ 2.8941364, 42.753444 ], [ 2.893565, 42.7525915 ], [ 2.8932451, 42.7512355 ], [ 2.8928839, 42.7511751 ] ] ] } },
{ "type": "Feature", "properties": { "Aire": "RRN C", "NomUsuel": "ASF_A_421 - Aire de Rivesaltes", "Nature": "R", "GVO": "ASF", "Surface": 22642.20866, "Réseau": "C", "Axe": "A9", "id_aire": "A000077" }, "geometry": { "type": "Polygon", "coordinates": [ [ [ 2.8923674, 42.7529473 ], [ 2.8923903, 42.7506682 ], [ 2.8922989, 42.7494196 ], [ 2.8922303, 42.7489396 ], [ 2.8921476, 42.7490856 ], [ 2.8914486, 42.7503191 ], [ 2.8913207, 42.750685 ], [ 2.8914389, 42.7511113 ], [ 2.8915146, 42.7516489 ], [ 2.8922986, 42.7528425 ], [ 2.8923674, 42.7529473 ] ] ] } },
{ "type": "Feature", "properties": { "Aire": "RRN C", "NomUsuel": "ASF_A_415 - Aire de Sigean", "Nature": "R", "GVO": "ASF", "Surface": 31550.99185, "Réseau": "C", "Axe": "A9", "id_aire": "A000078" }, "geometry": { "type": "Polygon", "coordinates": [ [ [ 2.9525319, 43.0237826 ], [ 2.9531116, 43.0237737 ], [ 2.9532763, 43.0224353 ], [ 2.9534411, 43.0213423 ], [ 2.9532458, 43.0205214 ], [ 2.9529712, 43.0200396 ], [ 2.9528736, 43.0197942 ], [ 2.9523147, 43.0197829 ], [ 2.9522146, 43.0197809 ], [ 2.9524417, 43.022645 ], [ 2.9524194, 43.0227398 ], [ 2.9525319, 43.0237826 ] ] ] } },
{ "type": "Feature", "properties": { "Aire": "RRN C", "NomUsuel": "ASF_A_422 - Aire des Pavillons Ouest", "Nature": "R", "GVO": "ASF", "Surface": 26023.46061, "Réseau": "C", "Axe": "A9", "id_aire": "A000079" }, "geometry": { "type": "Polygon", "coordinates": [ [ [ 2.8611413, 42.6541077 ], [ 2.8611138, 42.6503424 ], [ 2.8604922, 42.6510148 ], [ 2.8600899, 42.6513712 ], [ 2.8600899, 42.6522318 ], [ 2.8601082, 42.6531328 ], [ 2.8604465, 42.6535631 ], [ 2.8607847, 42.6537514 ], [ 2.8611413, 42.6541077 ] ] ] } },
{ "type": "Feature", "properties": { "Aire": "RRN C", "NomUsuel": "ASF_A_423 - Aire des Pavillons Est", "Nature": "R", "GVO": "ASF", "Surface": 37857.89482, "Réseau": "C", "Axe": "A9", "id_aire": "A000080" }, "geometry": { "type": "Polygon", "coordinates": [ [ [ 2.8615632, 42.6570037 ], [ 2.8631534, 42.6560149 ], [ 2.8636382, 42.6557059 ], [ 2.8636512, 42.6555109 ], [ 2.8627979, 42.6546267 ], [ 2.8623777, 42.654156 ], [ 2.8618993, 42.6534238 ], [ 2.8616084, 42.6530815 ], [ 2.8615567, 42.6554063 ], [ 2.8615632, 42.6570037 ] ] ] } },
{ "type": "Feature", "properties": { "Aire": "RRN C", "NomUsuel": "ASF_A_418 - Aire du Château de Salses Est", "Nature": "R", "GVO": "ASF", "Surface": 56074.6018, "Réseau": "C", "Axe": "A9", "id_aire": "A000081" }, "geometry": { "type": "Polygon", "coordinates": [ [ [ 2.913295, 42.8422011 ], [ 2.9135999, 42.8415734 ], [ 2.9139224, 42.8405975 ], [ 2.9119523, 42.8386026 ], [ 2.9110259, 42.8376697 ], [ 2.9108735, 42.8373601 ], [ 2.9103778, 42.8374313 ], [ 2.9107504, 42.8387402 ], [ 2.911325, 42.8398494 ], [ 2.9122865, 42.8411306 ], [ 2.9129843, 42.8419346 ], [ 2.913295, 42.8422011 ] ] ] } },
{ "type": "Feature", "properties": { "Aire": "RRN C", "NomUsuel": "ASF_A_419 - Aire du Château de Salses Ouest", "Nature": "R", "GVO": "ASF", "Surface": 41453.08443, "Réseau": "C", "Axe": "A9", "id_aire": "A000082" }, "geometry": { "type": "Polygon", "coordinates": [ [ [ 2.9144618, 42.8435338 ], [ 2.9133888, 42.8428718 ], [ 2.912439, 42.8421022 ], [ 2.9116416, 42.8411091 ], [ 2.9111373, 42.8412381 ], [ 2.9109087, 42.8415906 ], [ 2.9107035, 42.842214 ], [ 2.9110728, 42.8429062 ], [ 2.9116005, 42.8435897 ], [ 2.9119582, 42.843594 ], [ 2.913125, 42.8436241 ], [ 2.9139752, 42.8435811 ], [ 2.9144618, 42.8435338 ] ] ] } },
{ "type": "Feature", "properties": { "Aire": "RRN C", "NomUsuel": "ASF_A_413 - Aire de Prat-de-Cest", "Nature": "R", "GVO": "ASF", "Surface": 18195.17116, "Réseau": "C", "Axe": "A9", "id_aire": "A000083" }, "geometry": { "type": "Polygon", "coordinates": [ [ [ 2.952791, 43.113399 ], [ 2.9527176, 43.1137826 ], [ 2.9527604, 43.1140102 ], [ 2.9529193, 43.1144607 ], [ 2.9536955, 43.1152682 ], [ 2.9538177, 43.115634 ], [ 2.9540866, 43.1158392 ], [ 2.9543616, 43.1158303 ], [ 2.9548077, 43.1155582 ], [ 2.9547047, 43.1153443 ], [ 2.953066, 43.1134346 ], [ 2.9528922, 43.1134051 ], [ 2.952791, 43.113399 ] ] ] } },
{ "type": "Feature", "properties": { "Aire": "RRN C", "NomUsuel": "Mouxy", "Nature": "S", "GVO": "AREA", "Surface": 26371.81953, "Réseau": "C", "Axe": "A41", "id_aire": "A000084" }, "geometry": { "type": "Polygon", "coordinates": [ [ [ 5.9282009, 45.6732469 ], [ 5.9288633, 45.6741816 ], [ 5.9298114, 45.675663 ], [ 5.9300813, 45.675619 ], [ 5.9299921, 45.6753852 ], [ 5.9300081, 45.6752827 ], [ 5.9302324, 45.6749335 ], [ 5.9306842, 45.6745761 ], [ 5.9306607, 45.6743424 ], [ 5.930587, 45.6740257 ], [ 5.9301858, 45.6738578 ], [ 5.929855, 45.6734532 ], [ 5.9291089, 45.6731049 ], [ 5.9286134, 45.6730919 ], [ 5.9282009, 45.6732469 ] ] ] } },
{ "type": "Feature", "properties": { "Aire": "RRN C", "NomUsuel": "Drumettaz", "Nature": "S", "GVO": "AREA", "Surface": 27437.9145, "Réseau": "C", "Axe": "A41", "id_aire": "A000085" }, "geometry": { "type": "Polygon", "coordinates": [ [ [ 5.9262131, 45.6709107 ], [ 5.9256996, 45.6711207 ], [ 5.9255202, 45.6712943 ], [ 5.9255648, 45.6717441 ], [ 5.9256796, 45.6721733 ], [ 5.925788, 45.6722595 ], [ 5.9260408, 45.6723129 ], [ 5.9261944, 45.6724762 ], [ 5.9261412, 45.6725557 ], [ 5.9264645, 45.6731443 ], [ 5.9264105, 45.6732116 ], [ 5.9264645, 45.6734184 ], [ 5.9266536, 45.6737205 ], [ 5.926719, 45.673756 ], [ 5.9268662, 45.673745 ], [ 5.9271311, 45.6736499 ], [ 5.9279302, 45.673839 ], [ 5.9280702, 45.673685 ], [ 5.9277877, 45.6732993 ], [ 5.9273007, 45.6726062 ], [ 5.9262131, 45.6709107 ] ] ] } },
{ "type": "Feature", "properties": { "Aire": "RRN C", "NomUsuel": "Romagnieu", "Nature": "S", "GVO": "AREA", "Surface": 82346.6282, "Réseau": "C", "Axe": "A43", "id_aire": "A000086" }, "geometry": { "type": "Polygon", "coordinates": [ [ [ 5.6355169, 45.5770609 ], [ 5.6356305, 45.5770039 ], [ 5.6357972, 45.5769013 ], [ 5.6386324, 45.5759722 ], [ 5.6378349, 45.575338 ], [ 5.6374126, 45.5747122 ], [ 5.6366881, 45.5750242 ], [ 5.6364003, 45.5754404 ], [ 5.6360558, 45.5757773 ], [ 5.6341634, 45.5764148 ], [ 5.6330261, 45.5767617 ], [ 5.6323323, 45.5770722 ], [ 5.6316528, 45.5773067 ], [ 5.6310959, 45.5771151 ], [ 5.6304352, 45.5773661 ], [ 5.629784, 45.5776387 ], [ 5.6291746, 45.5782016 ], [ 5.6289758, 45.5783088 ], [ 5.6285924, 45.5784487 ], [ 5.6286605, 45.5785795 ], [ 5.628674, 45.578611 ], [ 5.6301472, 45.5783713 ], [ 5.6314373, 45.5781347 ], [ 5.6327087, 45.5778362 ], [ 5.6341276, 45.5774701 ], [ 5.6353077, 45.5771266 ], [ 5.6355169, 45.5770609 ] ] ] } },
{ "type": "Feature", "properties": { "Aire": "RRN C", "NomUsuel": "Les Marouettes", "Nature": "R", "GVO": "AREA", "Surface": 9775.02059, "Réseau": "C", "Axe": "A43", "id_aire": "A000087" }, "geometry": { "type": "Polygon", "coordinates": [ [ [ 5.4936884, 45.5633233 ], [ 5.4943845, 45.5632855 ], [ 5.4948176, 45.5633062 ], [ 5.4953198, 45.5633666 ], [ 5.4953506, 45.5633429 ], [ 5.4955002, 45.5630931 ], [ 5.495173, 45.5629485 ], [ 5.4949772, 45.5624903 ], [ 5.493899, 45.5626292 ], [ 5.4937622, 45.5626743 ], [ 5.4937218, 45.562741 ], [ 5.4937663, 45.5631231 ], [ 5.4937107, 45.5631285 ], [ 5.4936499, 45.5631343 ], [ 5.4936737, 45.5633016 ], [ 5.4936884, 45.5633233 ] ] ] } },
{ "type": "Feature", "properties": { "Aire": "RRN C", "NomUsuel": "Les Sitelles", "Nature": "R", "GVO": "AREA", "Surface": 4160.33697, "Réseau": "C", "Axe": "A43", "id_aire": "A000088" }, "geometry": { "type": "Polygon", "coordinates": [ [ [ 5.4948636, 45.5637115 ], [ 5.494956, 45.5638092 ], [ 5.4957928, 45.5639385 ], [ 5.4962293, 45.563936 ], [ 5.4968542, 45.5638827 ], [ 5.4971947, 45.5638447 ], [ 5.4972056, 45.5637496 ], [ 5.4968415, 45.5637141 ], [ 5.4949089, 45.5636367 ], [ 5.4948833, 45.5636735 ], [ 5.4948636, 45.5637115 ] ] ] } },
{ "type": "Feature", "properties": { "Aire": "RRN C", "NomUsuel": "Polienas", "Nature": "R", "GVO": "AREA", "Surface": 43829.61513, "Réseau": "C", "Axe": "A49", "id_aire": "A000089" }, "geometry": { "type": "Polygon", "coordinates": [ [ [ 5.497146, 45.2410026 ], [ 5.4970291, 45.2411187 ], [ 5.4969862, 45.2412226 ], [ 5.4969959, 45.2413202 ], [ 5.4971612, 45.2420971 ], [ 5.4973401, 45.2425967 ], [ 5.4975759, 45.2433361 ], [ 5.4980143, 45.2439538 ], [ 5.4986941, 45.2442908 ], [ 5.4998111, 45.2441119 ], [ 5.5001648, 45.2441661 ], [ 5.5001619, 45.2440856 ], [ 5.5002424, 45.2437381 ], [ 5.4996756, 45.2431643 ], [ 5.4983549, 45.2419116 ], [ 5.4976192, 45.2413519 ], [ 5.4973483, 45.2411999 ], [ 5.497146, 45.2410026 ] ] ] } },
{ "type": "Feature", "properties": { "Aire": "RRN C", "NomUsuel": "Chambaran", "Nature": "R", "GVO": "AREA", "Surface": 53720.14638, "Réseau": "C", "Axe": "A49", "id_aire": "A000090" }, "geometry": { "type": "Polygon", "coordinates": [ [ [ 5.3602397, 45.1574162 ], [ 5.3606378, 45.157896 ], [ 5.3617295, 45.1590009 ], [ 5.3624744, 45.159665 ], [ 5.3628041, 45.1598848 ], [ 5.3665364, 45.1623291 ], [ 5.3666793, 45.1620085 ], [ 5.3654215, 45.1607447 ], [ 5.3641516, 45.159728 ], [ 5.363663, 45.1594465 ], [ 5.3634083, 45.1589587 ], [ 5.3620038, 45.1577318 ], [ 5.3613641, 45.1575633 ], [ 5.360989, 45.157607 ], [ 5.3608375, 45.15784 ], [ 5.3603592, 45.1573886 ], [ 5.3603043, 45.1574021 ], [ 5.3602397, 45.1574162 ] ] ] } },
{ "type": "Feature", "properties": { "Aire": "RRN C", "NomUsuel": "TAVEL SUD", "Nature": "S", "GVO": "ASF", "Surface": 135291.0331, "Réseau": "C", "Axe": "A9", "id_aire": "A000091" }, "geometry": { "type": "Polygon", "coordinates": [ [ [ 4.7025229, 44.001216 ], [ 4.7053404, 44.0030415 ], [ 4.7053978, 44.002899 ], [ 4.7051728, 44.0025211 ], [ 4.7049417, 44.0022264 ], [ 4.7050576, 44.0003339 ], [ 4.7048569, 44.0000759 ], [ 4.7042817, 43.9998512 ], [ 4.7038443, 43.9997924 ], [ 4.703644, 43.9997365 ], [ 4.7035641, 43.999582 ], [ 4.7036849, 43.9992131 ], [ 4.703227, 43.998672 ], [ 4.7024749, 43.9981633 ], [ 4.702295, 43.9980751 ], [ 4.7016599, 43.998125 ], [ 4.7000694, 43.9983084 ], [ 4.6994984, 43.9983095 ], [ 4.6979836, 43.9984826 ], [ 4.6976539, 43.998495 ], [ 4.6975709, 43.9985664 ], [ 4.697459, 43.9986801 ], [ 4.7001214, 44.0000138 ], [ 4.7025229, 44.001216 ] ] ] } },
{ "type": "Feature", "properties": { "Aire": "RRN C", "NomUsuel": "MARGUERITTES NORD", "Nature": "S", "GVO": "ASF", "Surface": 107111.9769, "Réseau": "C", "Axe": "A9", "id_aire": "A000092" }, "geometry": { "type": "Polygon", "coordinates": [ [ [ 4.4455922, 43.8734744 ], [ 4.4458208, 43.8737725 ], [ 4.4473426, 43.8748866 ], [ 4.4483752, 43.8757799 ], [ 4.4481848, 43.8762766 ], [ 4.44827, 43.8764687 ], [ 4.4495098, 43.8771254 ], [ 4.4506905, 43.8775091 ], [ 4.4530025, 43.8779504 ], [ 4.453208, 43.8777982 ], [ 4.4534237, 43.8775142 ], [ 4.453571, 43.8772543 ], [ 4.4537554, 43.8767469 ], [ 4.4520217, 43.8760046 ], [ 4.445716, 43.8733316 ], [ 4.4455922, 43.8734744 ] ] ] } },
{ "type": "Feature", "properties": { "Aire": "RRN C", "NomUsuel": "VILLAGE CATALAN EST", "Nature": "S", "GVO": "ASF", "Surface": 196649.6534, "Réseau": "C", "Axe": "A9", "id_aire": "A000093" }, "geometry": { "type": "Polygon", "coordinates": [ [ [ 2.8454861, 42.574907 ], [ 2.8445109, 42.5743761 ], [ 2.8442406, 42.5744584 ], [ 2.8446226, 42.5768952 ], [ 2.8447965, 42.577421 ], [ 2.845674840648869, 42.580142715689213 ], [ 2.8455278, 42.5802322 ], [ 2.8459333, 42.5815088 ], [ 2.8468855, 42.5802234 ], [ 2.8477025, 42.5807385 ], [ 2.8493248, 42.5796045 ], [ 2.8495011, 42.578951 ], [ 2.8494348, 42.5776748 ], [ 2.8492811, 42.5774872 ], [ 2.8492436, 42.5770665 ], [ 2.8485435, 42.5765549 ], [ 2.8472131, 42.5765273 ], [ 2.846961, 42.576069 ], [ 2.8469785, 42.5757921 ], [ 2.8469981, 42.5754816 ], [ 2.8475805, 42.5749926 ], [ 2.8469037, 42.5743176 ], [ 2.845907, 42.5751944 ], [ 2.8454861, 42.574907 ] ] ] } },
{ "type": "Feature", "properties": { "Aire": "RRN C", "NomUsuel": "ASF_A_417 - Aire de Fitou Est", "Nature": "R", "GVO": "ASF", "Surface": 35576.15989, "Réseau": "C", "Axe": "A9", "id_aire": "A000094" }, "geometry": { "type": "Polygon", "coordinates": [ [ [ 2.9889327, 42.8723414 ], [ 2.987922, 42.8720882 ], [ 2.987244, 42.8723132 ], [ 2.9873616, 42.872658 ], [ 2.9888723, 42.8750579 ], [ 2.9888958, 42.8746011 ], [ 2.9893256, 42.8739293 ], [ 2.9896974, 42.8740011 ], [ 2.9898947, 42.8736294 ], [ 2.9897903, 42.8733078 ], [ 2.9894504, 42.8730123 ], [ 2.9897501, 42.872714 ], [ 2.9889327, 42.8723414 ] ] ] } },
{ "type": "Feature", "properties": { "Aire": "RRN C", "NomUsuel": "ASF_A_416 - Aire de Fitou Ouest", "Nature": "R", "GVO": "ASF", "Surface": 13317.35785, "Réseau": "C", "Axe": "A9", "id_aire": "A000095" }, "geometry": { "type": "Polygon", "coordinates": [ [ [ 2.9888814, 42.8758998 ], [ 2.9878139, 42.8741165 ], [ 2.9874973, 42.8742955 ], [ 2.9871807, 42.8746005 ], [ 2.9871149, 42.8748589 ], [ 2.9872366, 42.8751805 ], [ 2.9876293, 42.8752475 ], [ 2.9882033, 42.8758673 ], [ 2.988551, 42.875962 ], [ 2.9888814, 42.8758998 ] ] ] } },
{ "type": "Feature", "properties": { "Aire": "RRN C", "NomUsuel": "Aire du Rieu Sec", "Nature": "R", "GVO": "SFTRF", "Surface": 81034.70711, "Réseau": "C", "Axe": "A43", "id_aire": "A000096" }, "geometry": { "type": "Polygon", "coordinates": [ [ [ 6.4303154, 45.244005 ], [ 6.430395, 45.2438136 ], [ 6.4302048, 45.2435001 ], [ 6.4299204, 45.2434359 ], [ 6.4295956, 45.2434588 ], [ 6.4282521, 45.2438136 ], [ 6.4265164, 45.2442633 ], [ 6.4258137, 45.2443653 ], [ 6.4243039, 45.2444784 ], [ 6.4228472, 45.2446108 ], [ 6.4202216, 45.2447239 ], [ 6.4196554, 45.2448903 ], [ 6.4193579, 45.2450562 ], [ 6.4192613, 45.2452375 ], [ 6.4194515, 45.2455172 ], [ 6.4197012, 45.2455926 ], [ 6.4202959, 45.2456433 ], [ 6.4221733, 45.2455455 ], [ 6.4249475, 45.2452382 ], [ 6.4268952, 45.2450034 ], [ 6.427839, 45.2448561 ], [ 6.429089, 45.2445388 ], [ 6.4297029, 45.2442784 ], [ 6.4303154, 45.244005 ] ] ] } },
{ "type": "Feature", "properties": { "Aire": "RRN C", "NomUsuel": "LA PALME EST", "Nature": "S", "GVO": "ASF", "Surface": 55790.87052, "Réseau": "C", "Axe": "A9", "id_aire": "A000097" }, "geometry": { "type": "Polygon", "coordinates": [ [ [ 2.9711217, 42.9486927 ], [ 2.9711419, 42.9489959 ], [ 2.9710427, 42.9490725 ], [ 2.9710159, 42.9508767 ], [ 2.9709515, 42.9518387 ], [ 2.9710561, 42.9519015 ], [ 2.9716676, 42.9522882 ], [ 2.9720271, 42.9522706 ], [ 2.9726225, 42.9523196 ], [ 2.973038, 42.9522643 ], [ 2.9730993, 42.9512112 ], [ 2.9735033, 42.9506017 ], [ 2.9735401, 42.9503418 ], [ 2.9734727, 42.9501491 ], [ 2.9721932, 42.9495711 ], [ 2.9715197, 42.9490736 ], [ 2.9711217, 42.9486927 ] ] ] } },
{ "type": "Feature", "properties": { "Aire": "RRN C", "NomUsuel": "LA PALME OUEST", "Nature": "S", "GVO": "ASF", "Surface": 92286.87788, "Réseau": "C", "Axe": "A9", "id_aire": "A000098" }, "geometry": { "type": "Polygon", "coordinates": [ [ [ 2.9704821, 42.9520644 ], [ 2.970576, 42.9502112 ], [ 2.9706068, 42.9482135 ], [ 2.9704016, 42.9481919 ], [ 2.9703453, 42.9482832 ], [ 2.9701012, 42.9482303 ], [ 2.9684048, 42.9487399 ], [ 2.968166, 42.9489864 ], [ 2.9667334, 42.9491074 ], [ 2.9662619, 42.9492328 ], [ 2.9661762, 42.9493807 ], [ 2.9661824, 42.9495241 ], [ 2.9662497, 42.9497795 ], [ 2.9661334, 42.9500843 ], [ 2.9660048, 42.9502635 ], [ 2.9660232, 42.9504383 ], [ 2.9661701, 42.9505907 ], [ 2.9671068, 42.9508506 ], [ 2.9675293, 42.9508864 ], [ 2.9678415, 42.9508237 ], [ 2.9680987, 42.9507699 ], [ 2.9684231, 42.9507968 ], [ 2.9688027, 42.9508864 ], [ 2.9701334, 42.9517111 ], [ 2.9702917, 42.9520507 ], [ 2.9704821, 42.9520644 ] ] ] } },
{ "type": "Feature", "properties": { "Aire": "RRN C", "NomUsuel": "NARBONNE VINASSAN NORD", "Nature": "S", "GVO": "ASF", "Surface": 121173.9583, "Réseau": "C", "Axe": "A9", "id_aire": "A000099" }, "geometry": { "type": "Polygon", "coordinates": [ [ [ 3.0896725, 43.2123167 ], [ 3.0893486, 43.2122917 ], [ 3.0887648, 43.2125316 ], [ 3.0889491, 43.2128901 ], [ 3.088277, 43.2134663 ], [ 3.0879215, 43.2128135 ], [ 3.0864716, 43.2135313 ], [ 3.0871469, 43.2148744 ], [ 3.0878561, 43.2163632 ], [ 3.0887333, 43.2161677 ], [ 3.0890533, 43.216102 ], [ 3.0891833, 43.2165492 ], [ 3.0892914, 43.2166876 ], [ 3.0895769, 43.2166865 ], [ 3.08988, 43.2166276 ], [ 3.0899894, 43.2166073 ], [ 3.0902883, 43.2166024 ], [ 3.0905623, 43.2165488 ], [ 3.0907445, 43.2169101 ], [ 3.091662, 43.216663 ], [ 3.0906973, 43.214392 ], [ 3.0896725, 43.2123167 ] ] ] } },
{ "type": "Feature", "properties": { "Aire": "RRN C", "NomUsuel": "NARBONNE VINASSAN SUD", "Nature": "S", "GVO": "ASF", "Surface": 157226.1897, "Réseau": "C", "Axe": "A9", "id_aire": "A000100" }, "geometry": { "type": "Polygon", "coordinates": [ [ [ 3.090784, 43.2136252 ], [ 3.0914259, 43.2150663 ], [ 3.0925774, 43.2175808 ], [ 3.0931663, 43.2185736 ], [ 3.0935054, 43.2184738 ], [ 3.0937247, 43.2184707 ], [ 3.0949916, 43.2180573 ], [ 3.0951041, 43.2179385 ], [ 3.0949294, 43.216526 ], [ 3.0949356, 43.2164412 ], [ 3.0950328, 43.216265 ], [ 3.0952624, 43.2160116 ], [ 3.0953432, 43.2158828 ], [ 3.0953281, 43.2157467 ], [ 3.09502, 43.2155369 ], [ 3.094914, 43.214915 ], [ 3.0950251, 43.2147346 ], [ 3.0952772, 43.214538 ], [ 3.0952826, 43.2144031 ], [ 3.0949286, 43.2139124 ], [ 3.0948588, 43.213758 ], [ 3.095001, 43.2134589 ], [ 3.0951968, 43.2131344 ], [ 3.095355, 43.2129722 ], [ 3.0953738, 43.2128345 ], [ 3.0948689, 43.2126174 ], [ 3.0944094, 43.2125658 ], [ 3.0937782, 43.2127719 ], [ 3.0930904, 43.2131614 ], [ 3.090784, 43.2136252 ] ] ] } },
{ "type": "Feature", "properties": { "Aire": "RRN C", "NomUsuel": "ASF_A_501 - Aire de Remouille Est", "Nature": "R", "GVO": "ASF", "Surface": 68845.27479, "Réseau": "C", "Axe": "A83", "id_aire": "A000101" }, "geometry": { "type": "Polygon", "coordinates": [ [ [ -1.3969526, 47.0220403 ], [ -1.3943193, 47.0200341 ], [ -1.3920671, 47.0185733 ], [ -1.3918933, 47.0184606 ], [ -1.3943685, 47.0178861 ], [ -1.3946805, 47.0182841 ], [ -1.3947249, 47.0182647 ], [ -1.3947821, 47.0182397 ], [ -1.3953793, 47.0188829 ], [ -1.3957107, 47.0192399 ], [ -1.3964205, 47.0200045 ], [ -1.396622, 47.0202215 ], [ -1.3974245, 47.0210854 ], [ -1.3979394, 47.0216276 ], [ -1.3978718, 47.0216627 ], [ -1.3977344, 47.0217341 ], [ -1.3975784, 47.021624 ], [ -1.3972828, 47.0218167 ], [ -1.3969526, 47.0220403 ] ] ] } },
{ "type": "Feature", "properties": { "Aire": "RRN C", "NomUsuel": "Angres", "Nature": "S", "GVO": "SANEF", "Surface": 24111.89741, "Réseau": "C", "Axe": "A26", "id_aire": "A000102" }, "geometry": { "type": "Polygon", "coordinates": [ [ [ 2.7424005, 50.4057942 ], [ 2.7425238, 50.405832 ], [ 2.7426011, 50.4058678 ], [ 2.7430227, 50.4059739 ], [ 2.7433983, 50.4060456 ], [ 2.743822, 50.4061465 ], [ 2.7438756, 50.406111 ], [ 2.7442405, 50.4058679 ], [ 2.7448252, 50.4054747 ], [ 2.7453133, 50.4051687 ], [ 2.7454153, 50.4050832 ], [ 2.7454502, 50.4047942 ], [ 2.7454582, 50.4044507 ], [ 2.7454234, 50.4038607 ], [ 2.7453242, 50.4038317 ], [ 2.7449325, 50.404119 ], [ 2.7441868, 50.4046063 ], [ 2.7430126, 50.4053763 ], [ 2.7424005, 50.4057942 ] ] ] } },
{ "type": "Feature", "properties": { "Aire": "RRN C", "NomUsuel": "Aire de Saint Leger", "Nature": "R", "GVO": "SFTRF", "Surface": 13167.15705, "Réseau": "C", "Axe": "A43", "id_aire": "A000103" }, "geometry": { "type": "Polygon", "coordinates": [ [ [ 6.2850111, 45.443746 ], [ 6.2849828, 45.4437848 ], [ 6.2848938, 45.4439071 ], [ 6.2853436, 45.4458619 ], [ 6.2855675, 45.4460165 ], [ 6.2860786, 45.4455028 ], [ 6.2860859, 45.4451616 ], [ 6.2859286, 45.44461 ], [ 6.2857662, 45.4443645 ], [ 6.2850577, 45.4437496 ], [ 6.2850111, 45.443746 ] ] ] } },
{ "type": "Feature", "properties": { "Aire": "RRN C", "NomUsuel": "ASF_A_354 - Aire d'Orange le Coudoulet", "Nature": "R", "GVO": "ASF", "Surface": 27527.8444, "Réseau": "C", "Axe": "A7", "id_aire": "A000104" }, "geometry": { "type": "Polygon", "coordinates": [ [ [ 4.8286955, 44.1120095 ], [ 4.827903, 44.112095 ], [ 4.8278923, 44.1121255 ], [ 4.8277637, 44.1121763 ], [ 4.8274153, 44.1123076 ], [ 4.8272179, 44.1127036 ], [ 4.8280685, 44.113035 ], [ 4.8282137, 44.1130391 ], [ 4.8308728, 44.1125348 ], [ 4.8308176, 44.1123242 ], [ 4.8309715, 44.1122054 ], [ 4.8310334, 44.1118426 ], [ 4.8310453, 44.1117727 ], [ 4.8310499, 44.111699 ], [ 4.8286955, 44.1120095 ] ] ] } },
{ "type": "Feature", "properties": { "Aire": "RRN C", "NomUsuel": "ASF_A_402 - Aire de Bizanet Nord", "Nature": "R", "GVO": "ASF", "Surface": 72404.19902, "Réseau": "C", "Axe": "A61", "id_aire": "A000105" }, "geometry": { "type": "Polygon", "coordinates": [ [ [ 2.8498552, 43.1616349 ], [ 2.8500437, 43.1609437 ], [ 2.8492221, 43.1612857 ], [ 2.8471852, 43.1621614 ], [ 2.8449027, 43.1630873 ], [ 2.8442918, 43.1633167 ], [ 2.8441586, 43.1634556 ], [ 2.8440945, 43.1638225 ], [ 2.8444553, 43.1638387 ], [ 2.8451008, 43.1642052 ], [ 2.845671, 43.1644855 ], [ 2.8462023, 43.1648839 ], [ 2.8465973, 43.165002 ], [ 2.8468119, 43.1649115 ], [ 2.8470745, 43.1644052 ], [ 2.8477604, 43.1637062 ], [ 2.8476226, 43.1629702 ], [ 2.849258, 43.1621542 ], [ 2.8498552, 43.1616349 ] ] ] } },
{ "type": "Feature", "properties": { "Aire": "RRN C", "NomUsuel": "ASF_A_402 - Aire de Bizanet Sud", "Nature": "R", "GVO": "ASF", "Surface": 37112.82213, "Réseau": "C", "Axe": "A61", "id_aire": "A000106" }, "geometry": { "type": "Polygon", "coordinates": [ [ [ 2.8520208, 43.1598169 ], [ 2.8520007, 43.1597717 ], [ 2.8519662, 43.1596938 ], [ 2.8510865, 43.1599031 ], [ 2.8506782, 43.1598733 ], [ 2.8504024, 43.1598237 ], [ 2.8502758, 43.159801 ], [ 2.8496265, 43.1600923 ], [ 2.8487971, 43.1599102 ], [ 2.8474435, 43.160644 ], [ 2.8470539, 43.1610242 ], [ 2.8469178, 43.1615296 ], [ 2.8460049, 43.1621265 ], [ 2.8460884, 43.1622134 ], [ 2.8461567, 43.1622558 ], [ 2.8491272, 43.1609875 ], [ 2.8520208, 43.1598169 ] ] ] } },
{ "type": "Feature", "properties": { "Aire": "RRN C", "NomUsuel": "Aire d'Orleans-Saran", "Nature": "S", "GVO": "COFIROUTE", "Surface": 101229.5341, "Réseau": "C", "Axe": "A10", "id_aire": "A000107" }, "geometry": { "type": "Polygon", "coordinates": [ [ [ 1.8583009, 47.974262 ], [ 1.8581742, 47.9744264 ], [ 1.8575739, 47.9752801 ], [ 1.8574063, 47.9755784 ], [ 1.8573978, 47.9760076 ], [ 1.8574467, 47.9760619 ], [ 1.8574052, 47.9761351 ], [ 1.8578895, 47.9763059 ], [ 1.8576862, 47.9764834 ], [ 1.8576076, 47.9765331 ], [ 1.857589, 47.9765514 ], [ 1.8575139, 47.9766313 ], [ 1.8571756, 47.9771578 ], [ 1.8572228, 47.9778592 ], [ 1.8569202, 47.9781968 ], [ 1.8569605, 47.9790482 ], [ 1.8558308, 47.9807862 ], [ 1.8557142, 47.9809365 ], [ 1.8556187, 47.9810596 ], [ 1.8570051, 47.9812508 ], [ 1.8576555, 47.9814837 ], [ 1.8581705, 47.9814837 ], [ 1.8583985, 47.9808804 ], [ 1.8581732, 47.9808589 ], [ 1.8580527, 47.9808189 ], [ 1.8584763, 47.9801937 ], [ 1.8585782, 47.9805429 ], [ 1.8587177, 47.981498 ], [ 1.8588211, 47.9807342 ], [ 1.8588944, 47.9785833 ], [ 1.85887, 47.9768032 ], [ 1.8587285, 47.9752397 ], [ 1.8585365, 47.9739889 ], [ 1.8583009, 47.974262 ] ] ] } },
{ "type": "Feature", "properties": { "Aire": "RRN C", "NomUsuel": "Aire d'Orleans-Gidy", "Nature": "S", "GVO": "COFIROUTE", "Surface": 84869.65748, "Réseau": "C", "Axe": "A10", "id_aire": "A000108" }, "geometry": { "type": "Polygon", "coordinates": [ [ [ 1.8594924, 47.9731836 ], [ 1.8589406, 47.9733705 ], [ 1.8590697, 47.9743349 ], [ 1.859172, 47.9752183 ], [ 1.8593248, 47.9767987 ], [ 1.8593953, 47.9785636 ], [ 1.8595755, 47.9785753 ], [ 1.8597472, 47.9782162 ], [ 1.8599296, 47.9779289 ], [ 1.8601501, 47.9780647 ], [ 1.8603968, 47.9781472 ], [ 1.8606972, 47.9781796 ], [ 1.8610346, 47.9781875 ], [ 1.8612707, 47.9781659 ], [ 1.8616448, 47.9777395 ], [ 1.8614182, 47.9772575 ], [ 1.8618961, 47.9771042 ], [ 1.8619099, 47.9769329 ], [ 1.8619055, 47.9767821 ], [ 1.8616784, 47.9765499 ], [ 1.8616676, 47.9762914 ], [ 1.8614849, 47.9748985 ], [ 1.861733, 47.9748936 ], [ 1.8611848, 47.974388 ], [ 1.8609059, 47.9741869 ], [ 1.8606591, 47.9740361 ], [ 1.8603373, 47.9739212 ], [ 1.8601441, 47.9738924 ], [ 1.8599754, 47.9739155 ], [ 1.8595419, 47.9732586 ], [ 1.8594924, 47.9731836 ] ] ] } },
{ "type": "Feature", "properties": { "Aire": "RRN C", "NomUsuel": "Chaumont sur Tharonne", "Nature": "S", "GVO": "COFIROUTE", "Surface": 35325.36511, "Réseau": "C", "Axe": "A71", "id_aire": "A000109" }, "geometry": { "type": "Polygon", "coordinates": [ [ [ 1.9276901, 47.664156 ], [ 1.9253224, 47.6641242 ], [ 1.9242284, 47.6654151 ], [ 1.9246603, 47.6666423 ], [ 1.9249882, 47.6665637 ], [ 1.9276901, 47.664156 ] ] ] } },
{ "type": "Feature", "properties": { "Aire": "RRN C", "NomUsuel": "ASF_A_404 - Aire de Narbonne-Jonquières", "Nature": "R", "GVO": "ASF", "Surface": 16843.86237, "Réseau": "C", "Axe": "A61", "id_aire": "A000110" }, "geometry": { "type": "Polygon", "coordinates": [ [ [ 2.9592031, 43.1536614 ], [ 2.9561119, 43.1540592 ], [ 2.9556339, 43.1540252 ], [ 2.9551149, 43.1541203 ], [ 2.9547064, 43.1545487 ], [ 2.95442, 43.1547332 ], [ 2.954066, 43.1549547 ], [ 2.953591, 43.1551332 ], [ 2.9538227, 43.1552627 ], [ 2.9538853, 43.1553116 ], [ 2.9552798, 43.1547184 ], [ 2.9572251, 43.1541623 ], [ 2.9591823, 43.1538176 ], [ 2.9591895, 43.1537551 ], [ 2.9592031, 43.1536614 ] ] ] } },
{ "type": "Feature", "properties": { "Aire": "RRN C", "NomUsuel": "ASF_A_405 - Aire de Pech Loubat", "Nature": "R", "GVO": "ASF", "Surface": 54857.94196, "Réseau": "C", "Axe": "A61", "id_aire": "A000111" }, "geometry": { "type": "Polygon", "coordinates": [ [ [ 2.9603075, 43.1543069 ], [ 2.9613974, 43.1544903 ], [ 2.9619601, 43.1545446 ], [ 2.9624837, 43.1546499 ], [ 2.9637216, 43.154876 ], [ 2.9650323, 43.1550029 ], [ 2.9657511, 43.1548974 ], [ 2.9663616, 43.1545332 ], [ 2.9665203, 43.1541218 ], [ 2.9653644, 43.153757 ], [ 2.9651986, 43.1535936 ], [ 2.9651885, 43.1535087 ], [ 2.965157, 43.1534042 ], [ 2.9621873, 43.1537546 ], [ 2.9602182, 43.1539689 ], [ 2.9602025, 43.1540454 ], [ 2.9603075, 43.1543069 ] ] ] } },
{ "type": "Feature", "properties": { "Aire": "RRN C", "NomUsuel": "Curney", "Nature": "R", "GVO": "APRR", "Surface": 23595.55496, "Réseau": "C", "Axe": "A6", "id_aire": "A000112" }, "geometry": { "type": "Polygon", "coordinates": [ [ [ 4.8209852, 46.8633649 ], [ 4.8210907, 46.8633787 ], [ 4.8213335, 46.8627698 ], [ 4.8215632, 46.8622073 ], [ 4.8216705, 46.8619743 ], [ 4.8216724, 46.8618868 ], [ 4.8217496, 46.8617156 ], [ 4.8218437, 46.8615276 ], [ 4.8219567, 46.8613667 ], [ 4.822015, 46.8612303 ], [ 4.8223219, 46.8606059 ], [ 4.822216, 46.8605804 ], [ 4.8220536, 46.8608353 ], [ 4.8219658, 46.8609427 ], [ 4.8218326, 46.8609955 ], [ 4.8215345, 46.8610556 ], [ 4.8208768, 46.8611484 ], [ 4.8203896, 46.8612467 ], [ 4.8201819, 46.8613687 ], [ 4.8199636, 46.861649 ], [ 4.819921, 46.861873 ], [ 4.8199583, 46.862106 ], [ 4.8202006, 46.862532 ], [ 4.8203763, 46.8626102 ], [ 4.8208795, 46.8628214 ], [ 4.82101, 46.8629525 ], [ 4.8210446, 46.8630908 ], [ 4.8209852, 46.8633649 ] ] ] } },
{ "type": "Feature", "properties": { "Aire": "RRN C", "NomUsuel": "ASF_A_369 - Aire du Merle Sud", "Nature": "R", "GVO": "ASF", "Surface": 153319.6371, "Réseau": "C", "Axe": "A54", "id_aire": "A000113" }, "geometry": { "type": "Polygon", "coordinates": [ [ [ 4.9888115, 43.6387534 ], [ 4.9888146, 43.6386011 ], [ 4.9888417, 43.6372502 ], [ 4.988728, 43.6368421 ], [ 4.9856063, 43.6357891 ], [ 4.9849711, 43.635783 ], [ 4.9843642, 43.6359924 ], [ 4.9840301, 43.6362676 ], [ 4.9837722, 43.6369632 ], [ 4.9833538, 43.6373223 ], [ 4.9826565, 43.6378959 ], [ 4.9825062, 43.6379698 ], [ 4.9819457, 43.6384201 ], [ 4.9813234, 43.6387442 ], [ 4.9800278, 43.6389597 ], [ 4.9791535, 43.6391839 ], [ 4.9792178, 43.6392606 ], [ 4.9792546, 43.6393021 ], [ 4.9808647, 43.6392276 ], [ 4.9823828, 43.639148 ], [ 4.983806, 43.6390482 ], [ 4.9840136, 43.6390044 ], [ 4.9844776, 43.6389772 ], [ 4.98477, 43.638985 ], [ 4.9861513, 43.6388801 ], [ 4.9874898, 43.6388064 ], [ 4.9888115, 43.6387534 ] ] ] } },
{ "type": "Feature", "properties": { "Aire": "RRN C", "NomUsuel": "ASF_A_368 - Aire du Merle Nord", "Nature": "R", "GVO": "ASF", "Surface": 31259.50723, "Réseau": "C", "Axe": "A54", "id_aire": "A000114" }, "geometry": { "type": "Polygon", "coordinates": [ [ [ 4.9830212, 43.6394858 ], [ 4.9835308, 43.6395013 ], [ 4.9837883, 43.6396022 ], [ 4.9841558, 43.6397478 ], [ 4.9842872, 43.6397556 ], [ 4.9844079, 43.6397284 ], [ 4.9845823, 43.639709 ], [ 4.9847539, 43.639709 ], [ 4.9848666, 43.6396993 ], [ 4.9850114, 43.6396527 ], [ 4.9851643, 43.6396178 ], [ 4.9852528, 43.6396217 ], [ 4.9856256, 43.6397284 ], [ 4.985859, 43.6397925 ], [ 4.9859341, 43.6397925 ], [ 4.9862479, 43.6397226 ], [ 4.9863364, 43.6397187 ], [ 4.9865027, 43.6397672 ], [ 4.9866985, 43.6398022 ], [ 4.9877634, 43.6398061 ], [ 4.9884741, 43.6398022 ], [ 4.9886994, 43.6397575 ], [ 4.9889516, 43.6396391 ], [ 4.9892359, 43.6394353 ], [ 4.9894252, 43.6393335 ], [ 4.9897106, 43.6392567 ], [ 4.9911606, 43.6390792 ], [ 4.9911565, 43.6390527 ], [ 4.991151, 43.6390005 ], [ 4.990864, 43.6390121 ], [ 4.9895497, 43.6390451 ], [ 4.9890186, 43.6390548 ], [ 4.9875193, 43.6391073 ], [ 4.9863901, 43.6391771 ], [ 4.9856728, 43.6392151 ], [ 4.9842067, 43.639315 ], [ 4.9841011, 43.6393451 ], [ 4.9839519, 43.6393635 ], [ 4.9835872, 43.6393829 ], [ 4.9832331, 43.6393771 ], [ 4.9830373, 43.6394042 ], [ 4.9830268, 43.6394518 ], [ 4.9830212, 43.6394858 ] ] ] } },
{ "type": "Feature", "properties": { "Aire": "RRN C", "NomUsuel": "Bourg Jasseron", "Nature": "S", "GVO": "APRR", "Surface": 84238.44233000001, "Réseau": "C", "Axe": "A40", "id_aire": "A000115" }, "geometry": { "type": "Polygon", "coordinates": [ [ [ 5.296041, 46.2018163 ], [ 5.2958366, 46.2010981 ], [ 5.2957052, 46.2010971 ], [ 5.2956408, 46.2010965 ], [ 5.2956883, 46.2016641 ], [ 5.2957387, 46.2018553 ], [ 5.2957294, 46.2034101 ], [ 5.2956364, 46.2036354 ], [ 5.2956192, 46.2041853 ], [ 5.2956271, 46.2052642 ], [ 5.2956592, 46.2056197 ], [ 5.2955591, 46.207255 ], [ 5.2955286, 46.2076964 ], [ 5.2955832, 46.207701 ], [ 5.2956752, 46.2077089 ], [ 5.2956462, 46.2077818 ], [ 5.2956296, 46.2078658 ], [ 5.2961068, 46.2078303 ], [ 5.2972555, 46.2075682 ], [ 5.297286, 46.2074443 ], [ 5.2975462, 46.2063881 ], [ 5.2975692, 46.2059309 ], [ 5.2971355, 46.2059263 ], [ 5.2970946, 46.2055924 ], [ 5.2971449, 46.2050373 ], [ 5.2967459, 46.2050132 ], [ 5.2967513, 46.2047329 ], [ 5.2975666, 46.2047236 ], [ 5.2976688, 46.2045612 ], [ 5.2977282, 46.2032694 ], [ 5.2974034, 46.2030413 ], [ 5.2971422, 46.203196 ], [ 5.2971342, 46.2031806 ], [ 5.2971007, 46.2031168 ], [ 5.2971159, 46.2028852 ], [ 5.2971196, 46.2028666 ], [ 5.2970704, 46.202597 ], [ 5.296041, 46.2018163 ] ] ] } },
{ "type": "Feature", "properties": { "Aire": "RRN C", "NomUsuel": "Bourg Teyssonge", "Nature": "S", "GVO": "APRR", "Surface": 79210.56962, "Réseau": "C", "Axe": "A40", "id_aire": "A000116" }, "geometry": { "type": "Polygon", "coordinates": [ [ [ 5.2949268, 46.2011172 ], [ 5.2943454, 46.2011398 ], [ 5.2933948, 46.2016902 ], [ 5.293395, 46.2023049 ], [ 5.2934231, 46.2060034 ], [ 5.2940839, 46.2066847 ], [ 5.2941204, 46.2066688 ], [ 5.2942343, 46.2066192 ], [ 5.2945183, 46.20685 ], [ 5.2948041, 46.2070477 ], [ 5.2949859, 46.2070433 ], [ 5.2951401, 46.2070396 ], [ 5.2951916, 46.2057279 ], [ 5.2951537, 46.2055841 ], [ 5.2951611, 46.2051911 ], [ 5.2951907, 46.2049323 ], [ 5.2951956, 46.2041788 ], [ 5.2951547, 46.2034414 ], [ 5.2949733, 46.2029843 ], [ 5.2949515, 46.2025118 ], [ 5.2949719, 46.2020633 ], [ 5.2950422, 46.2016539 ], [ 5.295094, 46.2016316 ], [ 5.2951508, 46.2012612 ], [ 5.2951799, 46.2009686 ], [ 5.2951083, 46.2009665 ], [ 5.294941, 46.2009618 ], [ 5.2949268, 46.2011172 ] ] ] } },
{ "type": "Feature", "properties": { "Aire": "RRN C", "NomUsuel": "Certines", "Nature": "R", "GVO": "APRR", "Surface": 57596.01449, "Réseau": "C", "Axe": "A40", "id_aire": "A000117" }, "geometry": { "type": "Polygon", "coordinates": [ [ [ 5.2915413, 46.1115551 ], [ 5.2916359, 46.1110049 ], [ 5.2915259, 46.1109919 ], [ 5.2914347, 46.1112411 ], [ 5.2909518, 46.1113139 ], [ 5.2908151, 46.1113713 ], [ 5.2905684, 46.1114066 ], [ 5.2900743, 46.1114781 ], [ 5.2897758, 46.1118343 ], [ 5.2892981, 46.1125812 ], [ 5.2892916, 46.1130559 ], [ 5.2892437, 46.1135308 ], [ 5.2891849, 46.1141825 ], [ 5.2892223, 46.1149537 ], [ 5.2892568, 46.1158319 ], [ 5.2897191, 46.1156955 ], [ 5.2898601, 46.1157218 ], [ 5.2902438, 46.1151235 ], [ 5.2905228, 46.1145434 ], [ 5.2908016, 46.1139492 ], [ 5.2911293, 46.1131698 ], [ 5.2913339, 46.1124739 ], [ 5.2915413, 46.1115551 ] ] ] } },
{ "type": "Feature", "properties": { "Aire": "RRN C", "NomUsuel": "Chantelle en Bourbonnais", "Nature": "R", "GVO": "APRR", "Surface": 28045.06297, "Réseau": "C", "Axe": "A71", "id_aire": "A000118" }, "geometry": { "type": "Polygon", "coordinates": [ [ [ 3.0996095, 46.2316939 ], [ 3.0997599, 46.2317402 ], [ 3.1000396, 46.2314474 ], [ 3.1007199, 46.2313219 ], [ 3.101593, 46.2307389 ], [ 3.1016988, 46.2296251 ], [ 3.1010072, 46.2292355 ], [ 3.1003508, 46.2290145 ], [ 3.0996095, 46.2316939 ] ] ] } },
{ "type": "Feature", "properties": { "Aire": "RRN C", "NomUsuel": "Beaulencourt", "Nature": "R", "GVO": "SANEF", "Surface": 2318.59944, "Réseau": "C", "Axe": "A1", "id_aire": "A000119" }, "geometry": { "type": "Polygon", "coordinates": [ [ [ 2.8712592, 50.0744112 ], [ 2.8712082, 50.0747331 ], [ 2.8711443, 50.0749905 ], [ 2.8711921, 50.0749947 ], [ 2.8713879, 50.0751789 ], [ 2.8714282, 50.0751922 ], [ 2.8714344, 50.0751456 ], [ 2.8715435, 50.0752237 ], [ 2.8716561, 50.0745678 ], [ 2.8715414, 50.0744918 ], [ 2.8714952, 50.0744749 ], [ 2.8713477, 50.0743165 ], [ 2.871292, 50.0742917 ], [ 2.8712592, 50.0744112 ] ] ] } },
{ "type": "Feature", "properties": { "Aire": "RRN C", "NomUsuel": "Angeot", "Nature": "R", "GVO": "APRR", "Surface": 22390.5827, "Réseau": "C", "Axe": "A36", "id_aire": "A000120" }, "geometry": { "type": "Polygon", "coordinates": [ [ [ 7.0194808, 47.6942606 ], [ 7.0193573, 47.6943085 ], [ 7.0192106, 47.6943681 ], [ 7.0189762, 47.6944616 ], [ 7.0188475, 47.6945699 ], [ 7.0188146, 47.6951208 ], [ 7.0191276, 47.6953604 ], [ 7.0191157, 47.6955737 ], [ 7.0191448, 47.695755 ], [ 7.0198846, 47.6959625 ], [ 7.0204042, 47.6962588 ], [ 7.0207822, 47.6964327 ], [ 7.0212419, 47.6965518 ], [ 7.0214042, 47.6964845 ], [ 7.0215167, 47.6964371 ], [ 7.0215991, 47.6963992 ], [ 7.0203474, 47.6951658 ], [ 7.0194808, 47.6942606 ] ] ] } },
{ "type": "Feature", "properties": { "Aire": "RRN C", "NomUsuel": "Dambenois", "Nature": "R", "GVO": "APRR", "Surface": 11000.68954, "Réseau": "C", "Axe": "A36", "id_aire": "A000121" }, "geometry": { "type": "Polygon", "coordinates": [ [ [ 6.8629789, 47.5435955 ], [ 6.8629298, 47.5433139 ], [ 6.8629638, 47.5432278 ], [ 6.8630116, 47.5431068 ], [ 6.862668, 47.5417481 ], [ 6.8624857, 47.54177 ], [ 6.8620237, 47.5418255 ], [ 6.8619889, 47.542317 ], [ 6.8620053, 47.5425669 ], [ 6.8621709, 47.5432324 ], [ 6.8624128, 47.5433411 ], [ 6.8624586, 47.5433617 ], [ 6.8629789, 47.5435955 ] ] ] } },
{ "type": "Feature", "properties": { "Aire": "RRN C", "NomUsuel": "Dole Romange", "Nature": "S", "GVO": "APRR", "Surface": 65982.41776, "Réseau": "C", "Axe": "A36", "id_aire": "A000122" }, "geometry": { "type": "Polygon", "coordinates": [ [ [ 5.5799003, 47.1480349 ], [ 5.5798435, 47.148076 ], [ 5.5797324, 47.1481556 ], [ 5.5799898, 47.1482972 ], [ 5.5800354, 47.1483198 ], [ 5.5799483, 47.1484329 ], [ 5.580698, 47.149438 ], [ 5.5808616, 47.1495438 ], [ 5.5811244, 47.1496204 ], [ 5.584099, 47.1499378 ], [ 5.5843806, 47.1499505 ], [ 5.5846301, 47.149925 ], [ 5.5848178, 47.1498831 ], [ 5.5847588, 47.1497882 ], [ 5.5852277, 47.1496588 ], [ 5.5852639, 47.1497097 ], [ 5.5858645, 47.1495238 ], [ 5.5862981, 47.1492806 ], [ 5.5865655, 47.1490394 ], [ 5.586864, 47.1489609 ], [ 5.586859, 47.1489099 ], [ 5.5869118, 47.1488 ], [ 5.5844568, 47.1485894 ], [ 5.5822805, 47.1483635 ], [ 5.5810136, 47.1481988 ], [ 5.5799003, 47.1480349 ] ] ] } },
{ "type": "Feature", "properties": { "Aire": "RRN C", "NomUsuel": "Bois des Potets", "Nature": "R", "GVO": "APRR", "Surface": 44058.4883, "Réseau": "C", "Axe": "A36", "id_aire": "A000123" }, "geometry": { "type": "Polygon", "coordinates": [ [ [ 5.4323301, 47.1303516 ], [ 5.4321822, 47.1305263 ], [ 5.432693, 47.1307435 ], [ 5.4322474, 47.1310677 ], [ 5.4319596, 47.1313911 ], [ 5.4323997, 47.1317327 ], [ 5.4345804, 47.1318153 ], [ 5.4349669, 47.1316383 ], [ 5.4353217, 47.1314 ], [ 5.4359365, 47.1313228 ], [ 5.436182, 47.1312208 ], [ 5.4372072, 47.130799 ], [ 5.4373695, 47.1305908 ], [ 5.4353684, 47.1304814 ], [ 5.4323301, 47.1303516 ] ] ] } },
{ "type": "Feature", "properties": { "Aire": "RRN C", "NomUsuel": "ASF_A_357 - Aire de Ledenon Sud", "Nature": "R", "GVO": "ASF", "Surface": 14828.81624, "Réseau": "C", "Axe": "A9", "id_aire": "A000124" }, "geometry": { "type": "Polygon", "coordinates": [ [ [ 4.5281965, 43.9010239 ], [ 4.5281998, 43.9012156 ], [ 4.5308476, 43.9014769 ], [ 4.5322214, 43.9016614 ], [ 4.5322912, 43.9015296 ], [ 4.5315428, 43.9012611 ], [ 4.5312068, 43.9009975 ], [ 4.5307644, 43.9009448 ], [ 4.530006, 43.9008297 ], [ 4.5295936, 43.9008225 ], [ 4.5290015, 43.9009328 ], [ 4.5281965, 43.9010239 ] ] ] } },
{ "type": "Feature", "properties": { "Aire": "RRN C", "NomUsuel": "ASF_A_391 - Aire de Tricastin", "Nature": "R", "GVO": "ASF", "Surface": 9640.94752, "Réseau": "C", "Axe": "A7", "id_aire": "A000125" }, "geometry": { "type": "Polygon", "coordinates": [ [ [ 4.7394678, 44.3271611 ], [ 4.7395868, 44.3271646 ], [ 4.7400232, 44.3271689 ], [ 4.7405677, 44.3258914 ], [ 4.7403395, 44.3257443 ], [ 4.7400943, 44.3257087 ], [ 4.73991, 44.3256519 ], [ 4.7398227, 44.325669 ], [ 4.7396834, 44.325682 ], [ 4.7394678, 44.3271611 ] ] ] } },
{ "type": "Feature", "properties": { "Aire": "RRN C", "NomUsuel": "Beny", "Nature": "R", "GVO": "APRR", "Surface": 25725.94616, "Réseau": "C", "Axe": "A39", "id_aire": "A000126" }, "geometry": { "type": "Polygon", "coordinates": [ [ [ 5.2604036, 46.3096672 ], [ 5.260579, 46.3098393 ], [ 5.2605994, 46.3098594 ], [ 5.2608802, 46.3101351 ], [ 5.2616702, 46.3109105 ], [ 5.2619674, 46.3108843 ], [ 5.2620633, 46.3108759 ], [ 5.2619349, 46.3106551 ], [ 5.2620319, 46.3106258 ], [ 5.2619917, 46.3105128 ], [ 5.2620722, 46.3104405 ], [ 5.2620534, 46.3103942 ], [ 5.2621124, 46.3103701 ], [ 5.2624262, 46.3106091 ], [ 5.2625469, 46.3106202 ], [ 5.2626783, 46.310598 ], [ 5.2627132, 46.3106499 ], [ 5.262911, 46.3105805 ], [ 5.2631075, 46.3102923 ], [ 5.2631446, 46.3100747 ], [ 5.2631625, 46.3099697 ], [ 5.2630173, 46.3094636 ], [ 5.2627032, 46.3092435 ], [ 5.2622212, 46.3091257 ], [ 5.2617771, 46.3091362 ], [ 5.2614214, 46.3092401 ], [ 5.2612192, 46.3092992 ], [ 5.2612192, 46.309403 ], [ 5.2612943, 46.3095956 ], [ 5.2612139, 46.3096883 ], [ 5.2611254, 46.3096753 ], [ 5.2610008, 46.3097425 ], [ 5.2605919, 46.3094976 ], [ 5.2604036, 46.3096672 ] ] ] } },
{ "type": "Feature", "properties": { "Aire": "RRN C", "NomUsuel": "ASF_A_370 - Aire de Noves", "Nature": "R", "GVO": "ASF", "Surface": 13217.1293, "Réseau": "C", "Axe": "A7", "id_aire": "A000127" }, "geometry": { "type": "Polygon", "coordinates": [ [ [ 4.9294462, 43.8792543 ], [ 4.928589, 43.8797071 ], [ 4.9279765, 43.8800468 ], [ 4.9271687, 43.8805255 ], [ 4.9272129, 43.8805448 ], [ 4.927337, 43.8806015 ], [ 4.9287798, 43.8805287 ], [ 4.9299488, 43.879353 ], [ 4.9294855, 43.8792627 ], [ 4.9294462, 43.8792543 ] ] ] } },
{ "type": "Feature", "properties": { "Aire": "RRN C", "NomUsuel": "BEAUSOLEIL - Riviera française", "Nature": "S", "GVO": "ESCOTA", "Surface": 15852.16757, "Réseau": "C", "Axe": "A8", "id_aire": "A000128" }, "geometry": { "type": "Polygon", "coordinates": [ [ [ 7.4181377, 43.7530264 ], [ 7.4180396, 43.7532227 ], [ 7.4189572, 43.7534561 ], [ 7.4192361, 43.7535408 ], [ 7.4194337, 43.7536084 ], [ 7.4196751, 43.7536959 ], [ 7.419853, 43.7537703 ], [ 7.4199854, 43.753829 ], [ 7.4201404, 43.7538981 ], [ 7.4202762, 43.7539646 ], [ 7.4203399, 43.7539913 ], [ 7.4204397, 43.7539271 ], [ 7.4203991, 43.7538929 ], [ 7.4203955, 43.7538499 ], [ 7.4205188, 43.7535772 ], [ 7.4204853, 43.7534673 ], [ 7.4202604, 43.7531216 ], [ 7.4201224, 43.7529256 ], [ 7.4200689, 43.752865 ], [ 7.4199735, 43.7527941 ], [ 7.4198563, 43.7527209 ], [ 7.4197451, 43.7526769 ], [ 7.4196158, 43.752649 ], [ 7.4194727, 43.752635 ], [ 7.4193165, 43.7526377 ], [ 7.4191596, 43.7526705 ], [ 7.4190148, 43.7527065 ], [ 7.4182247, 43.7530064 ], [ 7.4181377, 43.7530264 ] ] ] } },
{ "type": "Feature", "properties": { "Aire": "RRN C", "NomUsuel": "AMBRUSSUM NORD", "Nature": "S", "GVO": "ASF", "Surface": 120721.2329, "Réseau": "C", "Axe": "A9", "id_aire": "A000129" }, "geometry": { "type": "Polygon", "coordinates": [ [ [ 4.1361496, 43.7163882 ], [ 4.136163, 43.7160775 ], [ 4.1320058, 43.7135532 ], [ 4.1314349, 43.7133639 ], [ 4.1304275, 43.712631 ], [ 4.1295611, 43.7122425 ], [ 4.1301051, 43.7148202 ], [ 4.1309245, 43.7146066 ], [ 4.1311595, 43.7149853 ], [ 4.1311595, 43.7151358 ], [ 4.1314349, 43.7156503 ], [ 4.1323214, 43.7165192 ], [ 4.1339937, 43.7177667 ], [ 4.1352698, 43.7165144 ], [ 4.1361496, 43.7163882 ] ] ] } },
{ "type": "Feature", "properties": { "Aire": "RRN C", "NomUsuel": "AMBRUSSUM SUD", "Nature": "S", "GVO": "ASF", "Surface": 76866.99294, "Réseau": "C", "Axe": "A9", "id_aire": "A000130" }, "geometry": { "type": "Polygon", "coordinates": [ [ [ 4.1310043, 43.7107781 ], [ 4.1302141, 43.7108723 ], [ 4.1299424, 43.7111183 ], [ 4.1301221, 43.7115947 ], [ 4.1299959, 43.7116395 ], [ 4.1295251, 43.7116163 ], [ 4.1307406, 43.712348 ], [ 4.1339591, 43.7142706 ], [ 4.1342514, 43.7140786 ], [ 4.134203, 43.7138035 ], [ 4.1342651, 43.7131709 ], [ 4.1341795, 43.712744 ], [ 4.1337665, 43.7121593 ], [ 4.1333303, 43.7117634 ], [ 4.1331573, 43.7115875 ], [ 4.1328726, 43.7109194 ], [ 4.1325185, 43.710681 ], [ 4.1321827, 43.7105928 ], [ 4.1310043, 43.7107781 ] ] ] } },
{ "type": "Feature", "properties": { "Aire": "RRN C", "NomUsuel": "Chatiere", "Nature": "R", "GVO": "COFIROUTE", "Surface": 27128.12185, "Réseau": "C", "Axe": "A10", "id_aire": "A000131" }, "geometry": { "type": "Polygon", "coordinates": [ [ [ 1.1211758, 47.6062638 ], [ 1.1196177, 47.6057296 ], [ 1.1192823, 47.6054949 ], [ 1.1190047, 47.6056556 ], [ 1.118265, 47.6058338 ], [ 1.1170578, 47.6061768 ], [ 1.1173654, 47.6068032 ], [ 1.1181621, 47.6069396 ], [ 1.1183571, 47.606904 ], [ 1.1193114, 47.6067644 ], [ 1.1202037, 47.606596 ], [ 1.1206108, 47.6063709 ], [ 1.1207591, 47.6063169 ], [ 1.1209286, 47.6063169 ], [ 1.1211123, 47.6063455 ], [ 1.1211758, 47.6062638 ] ] ] } },
{ "type": "Feature", "properties": { "Aire": "RRN C", "NomUsuel": "Brueres", "Nature": "R", "GVO": "COFIROUTE", "Surface": 27474.24984, "Réseau": "C", "Axe": "A10", "id_aire": "A000132" }, "geometry": { "type": "Polygon", "coordinates": [ [ [ 1.1203155, 47.6053892 ], [ 1.1214777, 47.6057897 ], [ 1.1216354, 47.6058722 ], [ 1.1220191, 47.606069 ], [ 1.1225558, 47.6061939 ], [ 1.1232263, 47.606435 ], [ 1.1245832, 47.6062896 ], [ 1.1250445, 47.6060835 ], [ 1.1249667, 47.6053963 ], [ 1.1242023, 47.605465 ], [ 1.1237812, 47.6054541 ], [ 1.122333, 47.605348 ], [ 1.1219093, 47.6053099 ], [ 1.1210265, 47.6052813 ], [ 1.1208334, 47.6053067 ], [ 1.1205745, 47.6053321 ], [ 1.1203414, 47.6053242 ], [ 1.1203155, 47.6053892 ] ] ] } },
{ "type": "Feature", "properties": { "Aire": "RRN C", "NomUsuel": "Eywiller", "Nature": "R", "GVO": "SANEF", "Surface": 5703.30229, "Réseau": "C", "Axe": "A4", "id_aire": "A000133" }, "geometry": { "type": "Polygon", "coordinates": [ [ [ 7.1188096, 48.8800134 ], [ 7.1187596, 48.8799894 ], [ 7.1187213, 48.879972 ], [ 7.1186489, 48.8800372 ], [ 7.1186063, 48.8800885 ], [ 7.1185815, 48.8801362 ], [ 7.1185625, 48.8801867 ], [ 7.1185599, 48.8802602 ], [ 7.1185625, 48.8803024 ], [ 7.1185892, 48.8804402 ], [ 7.1185952, 48.8804996 ], [ 7.1185946, 48.8805056 ], [ 7.1185923, 48.8805087 ], [ 7.1185885, 48.8805112 ], [ 7.1185809, 48.8805121 ], [ 7.1185739, 48.88051 ], [ 7.118565, 48.8805062 ], [ 7.1185364, 48.8804904 ], [ 7.1185244, 48.8804828 ], [ 7.1185155, 48.8804766 ], [ 7.1185041, 48.8804753 ], [ 7.1184971, 48.8804803 ], [ 7.1184945, 48.8804904 ], [ 7.118498, 48.8805459 ], [ 7.1185076, 48.880596 ], [ 7.1185199, 48.8806733 ], [ 7.1185241, 48.880708 ], [ 7.1185368, 48.8807362 ], [ 7.1185358, 48.8807541 ], [ 7.1185355, 48.8807608 ], [ 7.1185355, 48.880771 ], [ 7.1185422, 48.8807802 ], [ 7.1185466, 48.8807857 ], [ 7.1185533, 48.8807913 ], [ 7.1185523, 48.8807982 ], [ 7.1185479, 48.8808036 ], [ 7.1185428, 48.8808105 ], [ 7.1185409, 48.8808143 ], [ 7.1185349, 48.8808172 ], [ 7.1185295, 48.8808189 ], [ 7.1185269, 48.8808249 ], [ 7.1185266, 48.8808318 ], [ 7.1185231, 48.8808358 ], [ 7.1185174, 48.8808362 ], [ 7.118511, 48.8808312 ], [ 7.1184971, 48.8808274 ], [ 7.1184901, 48.8808345 ], [ 7.1184901, 48.8808425 ], [ 7.1184983, 48.8808542 ], [ 7.1185098, 48.8808671 ], [ 7.1185117, 48.8808767 ], [ 7.1185053, 48.8808851 ], [ 7.118499, 48.8808943 ], [ 7.1184958, 48.8809085 ], [ 7.1184831, 48.8809214 ], [ 7.1184552, 48.8809369 ], [ 7.1184297, 48.8809477 ], [ 7.1184148, 48.8809616 ], [ 7.1184215, 48.8809899 ], [ 7.1184405, 48.8810095 ], [ 7.1184704, 48.8810313 ], [ 7.1184977, 48.8810438 ], [ 7.1185453, 48.8810565 ], [ 7.1185615, 48.881058 ], [ 7.1185711, 48.8810561 ], [ 7.1185866, 48.8810492 ], [ 7.118592, 48.8810478 ], [ 7.1185993, 48.8810511 ], [ 7.1186031, 48.8810565 ], [ 7.1186044, 48.8810622 ], [ 7.1186025, 48.8810693 ], [ 7.1185952, 48.881076 ], [ 7.1185917, 48.8810816 ], [ 7.1185911, 48.8810893 ], [ 7.1186031, 48.8810998 ], [ 7.1186165, 48.8811056 ], [ 7.1186317, 48.8811056 ], [ 7.1186451, 48.8811031 ], [ 7.1186559, 48.8810952 ], [ 7.1186698, 48.8810964 ], [ 7.1186857, 48.8811039 ], [ 7.1187067, 48.8811131 ], [ 7.1187321, 48.8811499 ], [ 7.1187562, 48.8811887 ], [ 7.1188216, 48.8812347 ], [ 7.1189791, 48.8813145 ], [ 7.1191957, 48.8814419 ], [ 7.1192535, 48.8814836 ], [ 7.1193386, 48.8815705 ], [ 7.1193736, 48.8816189 ], [ 7.1193987, 48.8816643 ], [ 7.1194396, 48.8816578 ], [ 7.1194765, 48.8816519 ], [ 7.1194282, 48.8815166 ], [ 7.1193825, 48.881332 ], [ 7.1193571, 48.8811908 ], [ 7.1193386, 48.8810697 ], [ 7.1193221, 48.8809101 ], [ 7.1193094, 48.8808834 ], [ 7.1192891, 48.8808588 ], [ 7.119265, 48.8808312 ], [ 7.1192205, 48.8807957 ], [ 7.1192129, 48.8807878 ], [ 7.1192065, 48.880771 ], [ 7.119204, 48.8807585 ], [ 7.1192021, 48.8807447 ], [ 7.1190833, 48.8806821 ], [ 7.1190528, 48.8807088 ], [ 7.1189671, 48.8806662 ], [ 7.1189074, 48.8806253 ], [ 7.1188858, 48.880599 ], [ 7.1188782, 48.8805701 ], [ 7.1188769, 48.8805359 ], [ 7.1188343, 48.8803229 ], [ 7.1188013, 48.8801048 ], [ 7.1187943, 48.8800589 ], [ 7.1188096, 48.8800134 ] ] ] } },
{ "type": "Feature", "properties": { "Aire": "RRN C", "NomUsuel": "Berg", "Nature": "R", "GVO": "SANEF", "Surface": 7113.35911, "Réseau": "C", "Axe": "A4", "id_aire": "A000134" }, "geometry": { "type": "Polygon", "coordinates": [ [ [ 7.1200182, 48.8798784 ], [ 7.1199782, 48.8798906 ], [ 7.1199408, 48.8799022 ], [ 7.1199782, 48.8800205 ], [ 7.1199973, 48.8800919 ], [ 7.1201141, 48.8806637 ], [ 7.1201542, 48.8808834 ], [ 7.1201923, 48.8810697 ], [ 7.1202012, 48.8810927 ], [ 7.1202126, 48.8811119 ], [ 7.1202316, 48.8811303 ], [ 7.1203568, 48.8812013 ], [ 7.1205403, 48.881294 ], [ 7.1205822, 48.8813253 ], [ 7.1206057, 48.8813541 ], [ 7.1206235, 48.8813834 ], [ 7.1206331, 48.8814105 ], [ 7.1206318, 48.8814385 ], [ 7.1206305, 48.8814648 ], [ 7.1206185, 48.8814945 ], [ 7.1206077, 48.881512 ], [ 7.12064, 48.8815347 ], [ 7.1206775, 48.8815634 ], [ 7.1207925, 48.8815007 ], [ 7.1208331, 48.8814665 ], [ 7.1208636, 48.881436 ], [ 7.1208801, 48.8813859 ], [ 7.1208852, 48.8813424 ], [ 7.1208782, 48.8812758 ], [ 7.1208706, 48.8812211 ], [ 7.1209551, 48.8812635 ], [ 7.1209567, 48.8812673 ], [ 7.1209563, 48.8812712 ], [ 7.1209563, 48.8812744 ], [ 7.1209497, 48.8812773 ], [ 7.1209446, 48.8812787 ], [ 7.1209373, 48.8812817 ], [ 7.1209309, 48.8812854 ], [ 7.1209265, 48.88129 ], [ 7.1209255, 48.8812978 ], [ 7.1209255, 48.8813053 ], [ 7.1209316, 48.881313 ], [ 7.1209414, 48.8813168 ], [ 7.1209532, 48.8813201 ], [ 7.1209687, 48.8813191 ], [ 7.1209824, 48.881317 ], [ 7.1209941, 48.8813078 ], [ 7.1209999, 48.881295 ], [ 7.120997, 48.881284 ], [ 7.1209811, 48.8812506 ], [ 7.1209662, 48.8811695 ], [ 7.1209675, 48.881162 ], [ 7.1209735, 48.8811585 ], [ 7.1209837, 48.8811574 ], [ 7.1209976, 48.8811564 ], [ 7.1210072, 48.8811549 ], [ 7.1210132, 48.8811522 ], [ 7.121023, 48.8811465 ], [ 7.1210281, 48.8811401 ], [ 7.1210253, 48.881129 ], [ 7.1210154, 48.8811186 ], [ 7.1209989, 48.8811144 ], [ 7.1209849, 48.8811123 ], [ 7.1209697, 48.8811102 ], [ 7.1209621, 48.881106 ], [ 7.1209557, 48.8810985 ], [ 7.1209557, 48.881086 ], [ 7.1209627, 48.8810785 ], [ 7.1209703, 48.8810764 ], [ 7.1210002, 48.8810705 ], [ 7.1210326, 48.8810655 ], [ 7.1210605, 48.8810597 ], [ 7.1210777, 48.881053 ], [ 7.1210503, 48.8809268 ], [ 7.1209887, 48.8809266 ], [ 7.1209363, 48.8809279 ], [ 7.1209255, 48.8809233 ], [ 7.1209182, 48.880917 ], [ 7.1209116, 48.8808987 ], [ 7.1208976, 48.8808258 ], [ 7.1209078, 48.8808216 ], [ 7.1209214, 48.8808191 ], [ 7.1209417, 48.880817 ], [ 7.1209637, 48.8808107 ], [ 7.1209732, 48.8808053 ], [ 7.1209776, 48.8807965 ], [ 7.1209725, 48.8807853 ], [ 7.1209643, 48.8807775 ], [ 7.1209506, 48.8807752 ], [ 7.1209338, 48.880775 ], [ 7.1208925, 48.8807767 ], [ 7.1208782, 48.8807205 ], [ 7.1208573, 48.880717 ], [ 7.1207874, 48.8806821 ], [ 7.1207588, 48.8806583 ], [ 7.1207506, 48.8806153 ], [ 7.1207182, 48.8804386 ], [ 7.1207036, 48.8804035 ], [ 7.1206559, 48.8803463 ], [ 7.1205607, 48.8802782 ], [ 7.1202405, 48.880086 ], [ 7.1201205, 48.8800037 ], [ 7.1200767, 48.8799637 ], [ 7.1200487, 48.8799273 ], [ 7.1200182, 48.8798784 ] ] ] } },
{ "type": "Feature", "properties": { "Aire": "RRN C", "NomUsuel": "ASF_A_471 - Aire de Sainte-Eanne Nord", "Nature": "R", "GVO": "ASF", "Surface": 26784.78796, "Réseau": "C", "Axe": "A10", "id_aire": "A000135" }, "geometry": { "type": "Polygon", "coordinates": [ [ [ -0.1229326, 46.4146938 ], [ -0.1230228, 46.4148439 ], [ -0.1227286, 46.4149589 ], [ -0.123423, 46.415584 ], [ -0.1229803, 46.4158725 ], [ -0.1223132, 46.4157136 ], [ -0.1216915, 46.4160753 ], [ -0.1206666, 46.4155882 ], [ -0.1201875, 46.4155694 ], [ -0.1193869, 46.4154857 ], [ -0.1183984, 46.4154941 ], [ -0.1183713, 46.4154604 ], [ -0.1227317, 46.4146286 ], [ -0.1229326, 46.4146938 ] ] ] } },
{ "type": "Feature", "properties": { "Aire": "RRN C", "NomUsuel": "ASF_A_472 - Aire de Sainte-Eanne Sud", "Nature": "R", "GVO": "ASF", "Surface": 32049.79779, "Réseau": "C", "Axe": "A10", "id_aire": "A000136" }, "geometry": { "type": "Polygon", "coordinates": [ [ [ -0.1230601, 46.4141035 ], [ -0.1229962, 46.4141967 ], [ -0.1196302, 46.4148699 ], [ -0.1195498, 46.4148031 ], [ -0.1195041, 46.4147202 ], [ -0.1193452, 46.4146859 ], [ -0.1189358, 46.414297 ], [ -0.1186356, 46.4141841 ], [ -0.1187879, 46.4140308 ], [ -0.1194226, 46.4137322 ], [ -0.1198429, 46.4135785 ], [ -0.1204476, 46.4134957 ], [ -0.1209236, 46.4133951 ], [ -0.1213996, 46.4132414 ], [ -0.1220043, 46.4139096 ], [ -0.1228148, 46.4138002 ], [ -0.1230601, 46.4141035 ] ] ] } },
{ "type": "Feature", "properties": { "Aire": "RRN C", "NomUsuel": "Boutroux", "Nature": "R", "GVO": "COFIROUTE", "Surface": 42591.64567, "Réseau": "C", "Axe": "A10", "id_aire": "A000137" }, "geometry": { "type": "Polygon", "coordinates": [ [ [ 1.8909708, 48.3913673 ], [ 1.8910174, 48.3913828 ], [ 1.8912298, 48.3914534 ], [ 1.8902382, 48.3877319 ], [ 1.8901687, 48.3878146 ], [ 1.8896074, 48.3884827 ], [ 1.8881383, 48.3902313 ], [ 1.8899874, 48.3909729 ], [ 1.8909708, 48.3913673 ] ] ] } },
{ "type": "Feature", "properties": { "Aire": "RRN C", "NomUsuel": "Bois de Bailly", "Nature": "R", "GVO": "COFIROUTE", "Surface": 52086.9719, "Réseau": "C", "Axe": "A71", "id_aire": "A000138" }, "geometry": { "type": "Polygon", "coordinates": [ [ [ 1.8544039, 47.8108038 ], [ 1.8528545, 47.8070801 ], [ 1.852195, 47.8071739 ], [ 1.8523424, 47.8079633 ], [ 1.8515471, 47.808487 ], [ 1.8514928, 47.8088732 ], [ 1.8516523, 47.8094186 ], [ 1.8519044, 47.8102761 ], [ 1.8524396, 47.8105052 ], [ 1.8531289, 47.8106421 ], [ 1.8534078, 47.8107934 ], [ 1.8538468, 47.8111362 ], [ 1.8543492, 47.8108429 ], [ 1.8544039, 47.8108038 ] ] ] } },
{ "type": "Feature", "properties": { "Aire": "RRN C", "NomUsuel": "Bois du Telegraphe", "Nature": "R", "GVO": "COFIROUTE", "Surface": 39911.27483, "Réseau": "C", "Axe": "A71", "id_aire": "A000139" }, "geometry": { "type": "Polygon", "coordinates": [ [ [ 1.8531964, 47.8069953 ], [ 1.8532851, 47.8072234 ], [ 1.8532214, 47.8072641 ], [ 1.853761, 47.8084468 ], [ 1.8538852, 47.8085562 ], [ 1.8544158, 47.8100005 ], [ 1.8546546, 47.8106504 ], [ 1.8547261, 47.8106597 ], [ 1.854885, 47.8106652 ], [ 1.8550469, 47.8096869 ], [ 1.8557601, 47.809108 ], [ 1.8552837, 47.8078336 ], [ 1.8550414, 47.8074688 ], [ 1.8540593, 47.8072624 ], [ 1.8539551, 47.8071261 ], [ 1.8534641, 47.806415 ], [ 1.8529977, 47.806485 ], [ 1.8531964, 47.8069953 ] ] ] } },
{ "type": "Feature", "properties": { "Aire": "RRN C", "NomUsuel": "ASF_A_394 - Aire de Castelnaudary", "Nature": "R", "GVO": "ASF", "Surface": 55005.80446, "Réseau": "C", "Axe": "A61", "id_aire": "A000140" }, "geometry": { "type": "Polygon", "coordinates": [ [ [ 1.9923744, 43.2766194 ], [ 1.9913497, 43.2771506 ], [ 1.9914821, 43.2772847 ], [ 1.9915912, 43.2773771 ], [ 1.9919068, 43.2773517 ], [ 1.9930828, 43.2783168 ], [ 1.99315, 43.2783324 ], [ 1.9941649, 43.2781216 ], [ 1.9959619, 43.2772505 ], [ 1.9956552, 43.2769942 ], [ 1.995126, 43.2765885 ], [ 1.9946465, 43.2761922 ], [ 1.9942151, 43.2758592 ], [ 1.9941725, 43.2758374 ], [ 1.9934573, 43.2761135 ], [ 1.9923744, 43.2766194 ] ] ] } },
{ "type": "Feature", "properties": { "Aire": "RRN C", "NomUsuel": "Brumath Est", "Nature": "S", "GVO": "SANEF", "Surface": 56018.67582, "Réseau": "C", "Axe": "A4", "id_aire": "A000141" }, "geometry": { "type": "Polygon", "coordinates": [ [ [ 7.6935644, 48.7229562 ], [ 7.6937304, 48.7230356 ], [ 7.6937796, 48.7230592 ], [ 7.6939566, 48.7231477 ], [ 7.694634, 48.7230492 ], [ 7.6956516, 48.7229395 ], [ 7.6961403, 48.7221885 ], [ 7.696209, 48.722013 ], [ 7.6965154, 48.7215309 ], [ 7.6966926, 48.7212521 ], [ 7.6968147, 48.721291 ], [ 7.6968844, 48.7212176 ], [ 7.696804, 48.7211663 ], [ 7.6970901, 48.7207465 ], [ 7.6972344, 48.7204585 ], [ 7.6970199, 48.7203027 ], [ 7.69658, 48.7197064 ], [ 7.696293, 48.7195878 ], [ 7.6961723, 48.7195171 ], [ 7.6961562, 48.7194374 ], [ 7.6961622, 48.7193482 ], [ 7.6961803, 48.7192711 ], [ 7.6960636, 48.7192446 ], [ 7.6960038, 48.719231 ], [ 7.6958652, 48.7192068 ], [ 7.6953627, 48.7200313 ], [ 7.6935644, 48.7229562 ] ] ] } },
{ "type": "Feature", "properties": { "Aire": "RRN C", "NomUsuel": "CHAVAGNES-EN-PAILLERS", "Nature": "S", "GVO": "ASF", "Surface": 77689.5269, "Réseau": "C", "Axe": "A83", "id_aire": "A000142" }, "geometry": { "type": "Polygon", "coordinates": [ [ [ -1.2841911, 46.8718054 ], [ -1.2842741, 46.8718142 ], [ -1.28455, 46.8717917 ], [ -1.2846293, 46.871791 ], [ -1.2846172, 46.8720615 ], [ -1.2847191, 46.8720074 ], [ -1.284876, 46.8718671 ], [ -1.2849753, 46.8718469 ], [ -1.2852875, 46.8731626 ], [ -1.2852167, 46.8732405 ], [ -1.285104, 46.8733404 ], [ -1.2850396, 46.8734266 ], [ -1.2850222, 46.8735045 ], [ -1.2854876, 46.8753729 ], [ -1.2854981, 46.8755065 ], [ -1.2855037, 46.8755774 ], [ -1.2852234, 46.8754472 ], [ -1.2837696, 46.8749365 ], [ -1.2836772, 46.874921 ], [ -1.2836184, 46.8749291 ], [ -1.2835591, 46.8749375 ], [ -1.2834746, 46.8749848 ], [ -1.283441, 46.874843 ], [ -1.2832573, 46.8747064 ], [ -1.2831784, 46.8745865 ], [ -1.2827647, 46.8730376 ], [ -1.2826028, 46.8729819 ], [ -1.282348, 46.8728701 ], [ -1.2821077, 46.8727292 ], [ -1.2819024, 46.8724283 ], [ -1.281842, 46.8721462 ], [ -1.2818465, 46.8720248 ], [ -1.2818974, 46.8718744 ], [ -1.2819994, 46.8717076 ], [ -1.2821997, 46.8715202 ], [ -1.282506, 46.8713682 ], [ -1.282824, 46.8713011 ], [ -1.2831596, 46.8712843 ], [ -1.2835608, 46.8713645 ], [ -1.2837952, 46.8714652 ], [ -1.2840054, 46.8716158 ], [ -1.2841911, 46.8718054 ] ] ] } },
{ "type": "Feature", "properties": { "Aire": "RRN C", "NomUsuel": "Aire de Feuillère", "Nature": "R", "GVO": "SANEF", "Surface": 12492.48465, "Réseau": "C", "Axe": "A1", "id_aire": "A000143" }, "geometry": { "type": "Polygon", "coordinates": [ [ [ 2.8530338, 49.9463995 ], [ 2.8533203, 49.9456547 ], [ 2.8533031, 49.9455412 ], [ 2.8535065, 49.9454081 ], [ 2.8534602, 49.9449642 ], [ 2.8533588, 49.9445436 ], [ 2.8532331, 49.944075 ], [ 2.8525693, 49.9433509 ], [ 2.852514, 49.9435086 ], [ 2.8525242, 49.9436562 ], [ 2.8528465, 49.9459321 ], [ 2.8529231, 49.9461482 ], [ 2.8530338, 49.9463995 ] ] ] } },
{ "type": "Feature", "properties": { "Aire": "RRN C", "NomUsuel": "Gite aux Loups", "Nature": "R", "GVO": "APRR", "Surface": 48675.18439, "Réseau": "C", "Axe": "A71", "id_aire": "A000144" }, "geometry": { "type": "Polygon", "coordinates": [ [ [ 2.415157, 46.9836993 ], [ 2.4162438, 46.9828966 ], [ 2.4185661, 46.9810754 ], [ 2.4184628, 46.9808619 ], [ 2.4170785, 46.9807035 ], [ 2.4162451, 46.9807448 ], [ 2.4155289, 46.9815781 ], [ 2.4150468, 46.981709 ], [ 2.4150074, 46.9817901 ], [ 2.4145945, 46.9826392 ], [ 2.4144407, 46.9829555 ], [ 2.415157, 46.9836993 ] ] ] } },
{ "type": "Feature", "properties": { "Aire": "RRN C", "NomUsuel": "Bois des Dames", "Nature": "R", "GVO": "APRR", "Surface": 37179.26127, "Réseau": "C", "Axe": "A71", "id_aire": "A000145" }, "geometry": { "type": "Polygon", "coordinates": [ [ [ 2.3800155, 47.023994 ], [ 2.3798237, 47.0246122 ], [ 2.3792055, 47.0257526 ], [ 2.3787472, 47.0265626 ], [ 2.3795892, 47.0269249 ], [ 2.3803885, 47.0267118 ], [ 2.3808788, 47.026424 ], [ 2.3811772, 47.024868 ], [ 2.3811026, 47.024367 ], [ 2.3807722, 47.024058 ], [ 2.3800155, 47.023994 ] ] ] } },
{ "type": "Feature", "properties": { "Aire": "RRN C", "NomUsuel": "Bourges-Marmagne", "Nature": "S", "GVO": "COFIROUTE", "Surface": 32817.86939, "Réseau": "C", "Axe": "A71", "id_aire": "A000146" }, "geometry": { "type": "Polygon", "coordinates": [ [ [ 2.2438878, 47.0944135 ], [ 2.2428757, 47.0948688 ], [ 2.241565, 47.0953539 ], [ 2.2398296, 47.0959802 ], [ 2.2401434, 47.0964221 ], [ 2.2417071, 47.0965554 ], [ 2.2419164, 47.0965134 ], [ 2.242548, 47.096266 ], [ 2.2430724, 47.0959912 ], [ 2.2433466, 47.095696 ], [ 2.2433916, 47.0956351 ], [ 2.2435941, 47.0955073 ], [ 2.2437081, 47.0952581 ], [ 2.243586, 47.0949695 ], [ 2.2437067, 47.0947431 ], [ 2.2437604, 47.0946746 ], [ 2.2439709, 47.0945167 ], [ 2.2438878, 47.0944135 ] ] ] } },
{ "type": "Feature", "properties": { "Aire": "RRN C", "NomUsuel": "Bourges-Ste Thorette", "Nature": "S", "GVO": "COFIROUTE", "Surface": 33336.34194, "Réseau": "C", "Axe": "A71", "id_aire": "A000147" }, "geometry": { "type": "Polygon", "coordinates": [ [ [ 2.2392288, 47.0958497 ], [ 2.2409427, 47.0952261 ], [ 2.2417259, 47.094912 ], [ 2.2433755, 47.0942784 ], [ 2.2432762, 47.0940611 ], [ 2.2427639, 47.0940739 ], [ 2.2419318, 47.0939278 ], [ 2.2419003, 47.0939223 ], [ 2.2415379, 47.0938645 ], [ 2.2413571, 47.0938356 ], [ 2.2411694, 47.0937781 ], [ 2.2396378, 47.094346 ], [ 2.239611, 47.0944117 ], [ 2.2399127, 47.0944683 ], [ 2.2398239, 47.0945593 ], [ 2.2397907, 47.0945934 ], [ 2.2395359, 47.0948226 ], [ 2.2393723, 47.0950307 ], [ 2.2393589, 47.0954334 ], [ 2.2392972, 47.0955329 ], [ 2.2390343, 47.0957164 ], [ 2.2392288, 47.0958497 ] ] ] } },
{ "type": "Feature", "properties": { "Aire": "RRN C", "NomUsuel": "Epone Sud", "Nature": "R", "GVO": "SAPN", "Surface": 12264.1045, "Réseau": "C", "Axe": "A13", "id_aire": "A000148" }, "geometry": { "type": "Polygon", "coordinates": [ [ [ 1.8367115, 48.9620281 ], [ 1.8362236, 48.9627414 ], [ 1.8361682, 48.9628218 ], [ 1.8361145, 48.9629003 ], [ 1.8369073, 48.9629228 ], [ 1.8380094, 48.9629781 ], [ 1.8382887, 48.9630208 ], [ 1.8383078, 48.9629668 ], [ 1.8384136, 48.9626475 ], [ 1.8380756, 48.962578 ], [ 1.8380876, 48.9622512 ], [ 1.8374073, 48.9621062 ], [ 1.8367115, 48.9620281 ] ] ] } },
{ "type": "Feature", "properties": { "Aire": "RRN C", "NomUsuel": "Brusolle", "Nature": "R", "GVO": "COFIROUTE", "Surface": 11768.42073, "Réseau": "C", "Axe": "A10", "id_aire": "A000149" }, "geometry": { "type": "Polygon", "coordinates": [ [ [ 1.5538427, 47.758922 ], [ 1.5561822, 47.7604636 ], [ 1.5562895, 47.760447 ], [ 1.5566004, 47.7601513 ], [ 1.5558715, 47.7596597 ], [ 1.5545456, 47.7587449 ], [ 1.5541638, 47.7587433 ], [ 1.5538628, 47.7588627 ], [ 1.5538427, 47.758922 ] ] ] } },
{ "type": "Feature", "properties": { "Aire": "RRN C", "NomUsuel": "Fougeres", "Nature": "R", "GVO": "COFIROUTE", "Surface": 8551.42483, "Réseau": "C", "Axe": "A10", "id_aire": "A000150" }, "geometry": { "type": "Polygon", "coordinates": [ [ [ 1.5541612, 47.7595487 ], [ 1.5540472, 47.7596445 ], [ 1.5537645, 47.7598894 ], [ 1.5554409, 47.7609969 ], [ 1.5557555, 47.7607881 ], [ 1.5558937, 47.7606963 ], [ 1.5541612, 47.7595487 ] ] ] } },
{ "type": "Feature", "properties": { "Aire": "RRN C", "NomUsuel": "COMMUNAY NORD", "Nature": "S", "GVO": "ASF", "Surface": 100083.0713, "Réseau": "C", "Axe": "A46", "id_aire": "A000151" }, "geometry": { "type": "Polygon", "coordinates": [ [ [ 4.8244442, 45.5896989 ], [ 4.8241541, 45.5898359 ], [ 4.8229337, 45.5895385 ], [ 4.8230591, 45.5898276 ], [ 4.8240392, 45.5914796 ], [ 4.8244105, 45.5917937 ], [ 4.82461, 45.5919917 ], [ 4.8253346, 45.5921103 ], [ 4.8262526, 45.5923785 ], [ 4.8274968, 45.5923531 ], [ 4.828549, 45.5922371 ], [ 4.8288149, 45.5921832 ], [ 4.8286394, 45.5919593 ], [ 4.8287941, 45.5918842 ], [ 4.8290928, 45.5915894 ], [ 4.8291605, 45.5914099 ], [ 4.8290986, 45.5912507 ], [ 4.8289654, 45.5911482 ], [ 4.8290443, 45.5910513 ], [ 4.8291885, 45.5910137 ], [ 4.829325, 45.5910702 ], [ 4.829398, 45.5911684 ], [ 4.8297903, 45.5912303 ], [ 4.8304959, 45.5909666 ], [ 4.830526, 45.5908466 ], [ 4.8280843, 45.5904893 ], [ 4.8259815, 45.5900651 ], [ 4.8244442, 45.5896989 ] ] ] } },
{ "type": "Feature", "properties": { "Aire": "RRN C", "NomUsuel": "Aire de Lunel", "Nature": "S", "GVO": "ASF", "Surface": 49378.78164, "Réseau": "C", "Axe": "A9", "id_aire": "A000152" }, "geometry": { "type": "Polygon", "coordinates": [ [ [ 4.1194259, 43.7046472 ], [ 4.1205849, 43.7049415 ], [ 4.1211522, 43.704642 ], [ 4.1214561, 43.7040322 ], [ 4.1211633, 43.7035611 ], [ 4.1201073, 43.7032265 ], [ 4.1192426, 43.7029459 ], [ 4.1184083, 43.7024773 ], [ 4.1180804, 43.7023556 ], [ 4.1178421, 43.7023114 ], [ 4.1175194, 43.7023304 ], [ 4.1173444, 43.7023942 ], [ 4.1171836, 43.7025595 ], [ 4.1171404, 43.7027584 ], [ 4.1171606, 43.7028698 ], [ 4.1194259, 43.7046472 ] ] ] } },
{ "type": "Feature", "properties": { "Aire": "RRN C", "NomUsuel": "Champ l'Epee", "Nature": "R", "GVO": "SANEF", "Surface": 16552.52851, "Réseau": "C", "Axe": "A26", "id_aire": "A000153" }, "geometry": { "type": "Polygon", "coordinates": [ [ [ 4.1799627, 48.637319 ], [ 4.1801759, 48.6369432 ], [ 4.1805509, 48.6366243 ], [ 4.1815843, 48.6360962 ], [ 4.1817246, 48.6354642 ], [ 4.1813393, 48.6352714 ], [ 4.1809529, 48.6346444 ], [ 4.1807783, 48.6346114 ], [ 4.1806174, 48.6345843 ], [ 4.1799627, 48.637319 ] ] ] } },
{ "type": "Feature", "properties": { "Aire": "RRN C", "NomUsuel": "Champ Roland", "Nature": "S", "GVO": "SANEF", "Surface": 47574.84398, "Réseau": "C", "Axe": "A26", "id_aire": "A000154" }, "geometry": { "type": "Polygon", "coordinates": [ [ [ 3.9265797, 49.4485685 ], [ 3.9268948, 49.4486111 ], [ 3.9270933, 49.4484844 ], [ 3.9285239, 49.4477718 ], [ 3.9288378, 49.4468551 ], [ 3.9284261, 49.446641 ], [ 3.9287508, 49.4463942 ], [ 3.9288545, 49.4463316 ], [ 3.9288255, 49.446293 ], [ 3.9291826, 49.4453176 ], [ 3.9292055, 49.4451741 ], [ 3.9291998, 49.4450841 ], [ 3.9290466, 49.4450078 ], [ 3.9290214, 49.4449953 ], [ 3.9288413, 49.4448114 ], [ 3.9289026, 49.4447822 ], [ 3.9286291, 49.4445196 ], [ 3.9284415, 49.4442622 ], [ 3.9283845, 49.4441194 ], [ 3.9282472, 49.4440784 ], [ 3.9280476, 49.4440397 ], [ 3.9271093, 49.4469503 ], [ 3.9267978, 49.4477932 ], [ 3.9265448, 49.4484619 ], [ 3.9265599, 49.4485087 ], [ 3.9265797, 49.4485685 ] ] ] } },
{ "type": "Feature", "properties": { "Aire": "RRN C", "NomUsuel": "Changis-sur-Marne", "Nature": "S", "GVO": "SANEF", "Surface": 34992.72551, "Réseau": "C", "Axe": "A4", "id_aire": "A000155" }, "geometry": { "type": "Polygon", "coordinates": [ [ [ 3.0543702, 48.9650991 ], [ 3.0549634, 48.9651899 ], [ 3.0544968, 48.9647071 ], [ 3.0539155, 48.9639853 ], [ 3.0532156, 48.963017 ], [ 3.0528083, 48.9625107 ], [ 3.0524445, 48.9622641 ], [ 3.0522863, 48.9625055 ], [ 3.0520412, 48.9629287 ], [ 3.051709, 48.9634324 ], [ 3.0515825, 48.9637024 ], [ 3.0515785, 48.9638451 ], [ 3.0517485, 48.9640295 ], [ 3.0521044, 48.9642424 ], [ 3.0522982, 48.9644449 ], [ 3.0526738, 48.9647642 ], [ 3.0528716, 48.9648161 ], [ 3.0534608, 48.9649303 ], [ 3.0543702, 48.9650991 ] ] ] } },
{ "type": "Feature", "properties": { "Aire": "RRN C", "NomUsuel": "ASF_A_495 - Pirmil Ouest", "Nature": "R", "GVO": "ASF", "Surface": 58659.51114, "Réseau": "C", "Axe": "A11", "id_aire": "A000156" }, "geometry": { "type": "Polygon", "coordinates": [ [ [ -0.0881919, 47.909537 ], [ -0.0897912, 47.9103191 ], [ -0.0900076, 47.910817 ], [ -0.088382, 47.9119663 ], [ -0.0870331, 47.9120316 ], [ -0.0866952, 47.9120783 ], [ -0.0862526, 47.9122545 ], [ -0.0856303, 47.9124001 ], [ -0.0854882, 47.9121862 ], [ -0.0853004, 47.9119561 ], [ -0.0878539, 47.9095092 ], [ -0.0881919, 47.909537 ] ] ] } },
{ "type": "Feature", "properties": { "Aire": "RRN C", "NomUsuel": "ASF_A_496 - Pirmil Est", "Nature": "R", "GVO": "ASF", "Surface": 54572.44243, "Réseau": "C", "Axe": "A11", "id_aire": "A000157" }, "geometry": { "type": "Polygon", "coordinates": [ [ [ -0.082346, 47.9141242 ], [ -0.0823916, 47.9136694 ], [ -0.0818203, 47.9131912 ], [ -0.0814152, 47.9124253 ], [ -0.0815574, 47.9121215 ], [ -0.0816432, 47.9120478 ], [ -0.0819115, 47.9118464 ], [ -0.0822615, 47.9116514 ], [ -0.0830977, 47.9114593 ], [ -0.0828792, 47.9110582 ], [ -0.0835595, 47.9109346 ], [ -0.0854134, 47.9111023 ], [ -0.0855754, 47.9112567 ], [ -0.0841565, 47.9125943 ], [ -0.0829977, 47.913779 ], [ -0.0826061, 47.9141871 ], [ -0.082346, 47.9141242 ] ] ] } },
{ "type": "Feature", "properties": { "Aire": "RRN C", "NomUsuel": "ASF_A_470 - Coulombiers Sud", "Nature": "R", "GVO": "ASF", "Surface": 52199.32048, "Réseau": "C", "Axe": "A10", "id_aire": "A000158" }, "geometry": { "type": "Polygon", "coordinates": [ [ [ 0.143183, 46.5106885 ], [ 0.1432071, 46.5108278 ], [ 0.143727, 46.5108718 ], [ 0.1441432, 46.5109109 ], [ 0.1453113, 46.5109192 ], [ 0.1453194, 46.5108546 ], [ 0.1466578, 46.5108066 ], [ 0.1473739, 46.5107789 ], [ 0.149694, 46.5107955 ], [ 0.1502868, 46.5108103 ], [ 0.150327, 46.5108786 ], [ 0.150897, 46.5108869 ], [ 0.1511069, 46.5108585 ], [ 0.1515247, 46.5108075 ], [ 0.1512641, 46.5105119 ], [ 0.1507468, 46.5099252 ], [ 0.150484, 46.5098513 ], [ 0.148255, 46.5098938 ], [ 0.1465089, 46.509927 ], [ 0.143183, 46.5106885 ] ] ] } },
{ "type": "Feature", "properties": { "Aire": "RRN C", "NomUsuel": "ASF_A_469 - Coulombiers Nord", "Nature": "R", "GVO": "ASF", "Surface": 53329.82046, "Réseau": "C", "Axe": "A10", "id_aire": "A000159" }, "geometry": { "type": "Polygon", "coordinates": [ [ [ 0.1431602, 46.5113142 ], [ 0.1431017, 46.5113244 ], [ 0.1429778, 46.5113659 ], [ 0.1429483, 46.5114139 ], [ 0.1431629, 46.5115339 ], [ 0.1430851, 46.5116557 ], [ 0.1430247, 46.511736 ], [ 0.1435504, 46.5119649 ], [ 0.1435612, 46.5120812 ], [ 0.1447601, 46.5130282 ], [ 0.1459698, 46.5127254 ], [ 0.1465974, 46.5125039 ], [ 0.1473887, 46.5121661 ], [ 0.1480485, 46.5119852 ], [ 0.1481825, 46.5119644 ], [ 0.1488559, 46.5118597 ], [ 0.1491769, 46.5118337 ], [ 0.1522853, 46.5113739 ], [ 0.1519753, 46.5111564 ], [ 0.1501165, 46.5112875 ], [ 0.1494325, 46.5114185 ], [ 0.1492455, 46.5113862 ], [ 0.1491335, 46.5113585 ], [ 0.1477736, 46.5116281 ], [ 0.1475858, 46.5116225 ], [ 0.1475322, 46.5115358 ], [ 0.1473927, 46.5114859 ], [ 0.1465103, 46.5114564 ], [ 0.1462072, 46.5114195 ], [ 0.1459524, 46.5114472 ], [ 0.1456761, 46.5114379 ], [ 0.1455044, 46.5115708 ], [ 0.1451611, 46.5115801 ], [ 0.144909, 46.5114656 ], [ 0.1445737, 46.5115154 ], [ 0.1444745, 46.5118477 ], [ 0.1441928, 46.5118145 ], [ 0.1439514, 46.5117259 ], [ 0.1436215, 46.5115265 ], [ 0.1437342, 46.5114158 ], [ 0.1433962, 46.5113253 ], [ 0.1433131, 46.5113844 ], [ 0.1431602, 46.5113142 ] ] ] } },
{ "type": "Feature", "properties": { "Aire": "RRN C", "NomUsuel": "Brouck", "Nature": "R", "GVO": "SANEF", "Surface": 15761.88466, "Réseau": "C", "Axe": "A4", "id_aire": "A000160" }, "geometry": { "type": "Polygon", "coordinates": [ [ [ 6.5251617, 49.1317555 ], [ 6.5268171, 49.1318455 ], [ 6.5280047, 49.1319266 ], [ 6.5292565, 49.1320497 ], [ 6.5292627, 49.1319929 ], [ 6.5292433, 49.1319052 ], [ 6.5288618, 49.131835 ], [ 6.5284739, 49.1313751 ], [ 6.5264837, 49.1312066 ], [ 6.5260604, 49.1311921 ], [ 6.5254323, 49.1315943 ], [ 6.525239, 49.1317153 ], [ 6.5251617, 49.1317555 ] ] ] } },
{ "type": "Feature", "properties": { "Aire": "RRN C", "NomUsuel": "ASF_A_474 - Aire de Sainte-N�omaye Nord", "Nature": "R", "GVO": "ASF", "Surface": 32647.91545, "Réseau": "C", "Axe": "A10", "id_aire": "A000161" }, "geometry": { "type": "Polygon", "coordinates": [ [ [ -0.2761871, 46.3566233 ], [ -0.2756641, 46.3569973 ], [ -0.2753047, 46.3572107 ], [ -0.2749694, 46.3572107 ], [ -0.2746878, 46.3571185 ], [ -0.2745644, 46.3569938 ], [ -0.2744303, 46.3566755 ], [ -0.2740655, 46.3566367 ], [ -0.2735934, 46.3566391 ], [ -0.2733914, 46.3565297 ], [ -0.2732877, 46.3564749 ], [ -0.2759752, 46.354876 ], [ -0.2761694, 46.3551313 ], [ -0.2762434, 46.3553227 ], [ -0.2764234, 46.3559125 ], [ -0.2764285, 46.356352 ], [ -0.2761871, 46.3566233 ] ] ] } },
{ "type": "Feature", "properties": { "Aire": "RRN C", "NomUsuel": "ASF_A_473 - Aire de Sainte-N�omaye Sud", "Nature": "R", "GVO": "ASF", "Surface": 23305.28687, "Réseau": "C", "Axe": "A10", "id_aire": "A000162" }, "geometry": { "type": "Polygon", "coordinates": [ [ [ -0.2699054, 46.3581504 ], [ -0.2699487, 46.3582526 ], [ -0.269959, 46.3583058 ], [ -0.2686769, 46.3591055 ], [ -0.267765, 46.3596905 ], [ -0.2667994, 46.3603161 ], [ -0.2662683, 46.3606937 ], [ -0.2662055, 46.3606233 ], [ -0.2660645, 46.3605197 ], [ -0.2667565, 46.3598682 ], [ -0.2670515, 46.3591759 ], [ -0.2671561, 46.3587766 ], [ -0.2681593, 46.358473 ], [ -0.2691463, 46.3582879 ], [ -0.2699054, 46.3581504 ] ] ] } },
{ "type": "Feature", "properties": { "Aire": "RRN C", "NomUsuel": "Maille", "Nature": "R", "GVO": "COFIROUTE", "Surface": 18026.13917, "Réseau": "C", "Axe": "A10", "id_aire": "A000163" }, "geometry": { "type": "Polygon", "coordinates": [ [ [ 0.5657315, 47.0243795 ], [ 0.5655974, 47.0248658 ], [ 0.5655464, 47.0252834 ], [ 0.5657234, 47.0258575 ], [ 0.5662706, 47.0263805 ], [ 0.5669733, 47.0266181 ], [ 0.5673596, 47.0265267 ], [ 0.5671825, 47.0261976 ], [ 0.5660909, 47.0243173 ], [ 0.5657315, 47.0243795 ] ] ] } },
{ "type": "Feature", "properties": { "Aire": "RRN C", "NomUsuel": "Aire de Tours-La Longue Vue", "Nature": "S", "GVO": "COFIROUTE", "Surface": 89346.77319000001, "Réseau": "C", "Axe": "A10", "id_aire": "A000164" }, "geometry": { "type": "Polygon", "coordinates": [ [ [ 0.7755127, 47.4773228 ], [ 0.7765932, 47.4772365 ], [ 0.7771279, 47.4768813 ], [ 0.7766393, 47.4765363 ], [ 0.7778195, 47.4761737 ], [ 0.7781514, 47.4760711 ], [ 0.7781514, 47.475839 ], [ 0.7761496, 47.4746408 ], [ 0.7742117, 47.4734809 ], [ 0.7740447, 47.4735734 ], [ 0.7740131, 47.4736502 ], [ 0.7742432, 47.4738641 ], [ 0.7740446, 47.4739073 ], [ 0.7737907, 47.4738766 ], [ 0.7733763, 47.474023 ], [ 0.7734896, 47.4741423 ], [ 0.7739955, 47.4745789 ], [ 0.7739985, 47.4746142 ], [ 0.7740063, 47.4747061 ], [ 0.7737657, 47.4756164 ], [ 0.7730545, 47.4762152 ], [ 0.7731303, 47.4766169 ], [ 0.7755127, 47.4773228 ] ] ] } },
{ "type": "Feature", "properties": { "Aire": "RRN C", "NomUsuel": "Blois-Villerbon", "Nature": "S", "GVO": "COFIROUTE", "Surface": 69132.23455, "Réseau": "C", "Axe": "A10", "id_aire": "A000165" }, "geometry": { "type": "Polygon", "coordinates": [ [ [ 1.3844798, 47.6649591 ], [ 1.3860462, 47.6666571 ], [ 1.3870815, 47.6664945 ], [ 1.3879741, 47.6666345 ], [ 1.388487, 47.6667149 ], [ 1.3890208, 47.6665595 ], [ 1.3876394, 47.6651542 ], [ 1.3867167, 47.6640053 ], [ 1.3858718, 47.6630624 ], [ 1.3852093, 47.6633442 ], [ 1.3844798, 47.6649591 ] ] ] } },
{ "type": "Feature", "properties": { "Aire": "RRN C", "NomUsuel": "Blois-Menars", "Nature": "S", "GVO": "COFIROUTE", "Surface": 58171.68041, "Réseau": "C", "Axe": "A10", "id_aire": "A000166" }, "geometry": { "type": "Polygon", "coordinates": [ [ [ 1.3857713, 47.66231 ], [ 1.3876233, 47.6643449 ], [ 1.3887097, 47.6655581 ], [ 1.3888666, 47.6654686 ], [ 1.3890731, 47.6648111 ], [ 1.3895908, 47.6648527 ], [ 1.3898429, 47.6647452 ], [ 1.3903512, 47.6643649 ], [ 1.3902748, 47.6643126 ], [ 1.3887048, 47.6626565 ], [ 1.3885099, 47.662451 ], [ 1.3883471, 47.6624602 ], [ 1.3881277, 47.6624727 ], [ 1.3868858, 47.6622361 ], [ 1.3863198, 47.6619705 ], [ 1.3860872, 47.6621135 ], [ 1.3860669, 47.6621261 ], [ 1.3860508, 47.6621361 ], [ 1.3857713, 47.66231 ] ] ] } },
{ "type": "Feature", "properties": { "Aire": "RRN C", "NomUsuel": "Fonches", "Nature": "R", "GVO": "SANEF", "Surface": 20422.57596, "Réseau": "C", "Axe": "A1", "id_aire": "A000167" }, "geometry": { "type": "Polygon", "coordinates": [ [ [ 2.7997646, 49.7774811 ], [ 2.8000333, 49.7775258 ], [ 2.8006872, 49.7767121 ], [ 2.8005582, 49.7761916 ], [ 2.8003788, 49.7756568 ], [ 2.799528, 49.7754093 ], [ 2.7993038, 49.7752412 ], [ 2.7992034, 49.7752371 ], [ 2.7988419, 49.7752225 ], [ 2.7995607, 49.7774811 ], [ 2.7997646, 49.7774811 ] ] ] } },
{ "type": "Feature", "properties": { "Aire": "RRN C", "NomUsuel": "Coeur des Hauts de France Est", "Nature": "S", "GVO": "SANEF", "Surface": 111728.4318, "Réseau": "C", "Axe": "A1", "id_aire": "A000168" }, "geometry": { "type": "Polygon", "coordinates": [ [ [ 2.838909, 49.8860806 ], [ 2.8388721, 49.8861219 ], [ 2.8387266, 49.8862223 ], [ 2.8390914, 49.8872315 ], [ 2.8397297, 49.8887696 ], [ 2.8404971, 49.8902033 ], [ 2.8405918, 49.8902565 ], [ 2.8408969, 49.8903934 ], [ 2.8410038, 49.890432 ], [ 2.8411514, 49.8904044 ], [ 2.8414598, 49.8906204 ], [ 2.8418058, 49.8906808 ], [ 2.8424066, 49.8907568 ], [ 2.8439408, 49.8896681 ], [ 2.8437638, 49.8891566 ], [ 2.8434687, 49.8887592 ], [ 2.841736, 49.8864781 ], [ 2.8408244, 49.8865294 ], [ 2.8404381, 49.8864292 ], [ 2.8396654, 49.8863018 ], [ 2.838909, 49.8860806 ] ] ] } },
{ "type": "Feature", "properties": { "Aire": "RRN C", "NomUsuel": "Coeur des Hauts de France Ouest", "Nature": "S", "GVO": "SANEF", "Surface": 111736.3056, "Réseau": "C", "Axe": "A1", "id_aire": "A000169" }, "geometry": { "type": "Polygon", "coordinates": [ [ [ 2.8374821, 49.8885829 ], [ 2.8384262, 49.8887937 ], [ 2.838642, 49.8887642 ], [ 2.8390046, 49.8887169 ], [ 2.8391024, 49.8887034 ], [ 2.838099, 49.8860529 ], [ 2.8379703, 49.8856798 ], [ 2.8379112, 49.8854481 ], [ 2.8378277, 49.8854039 ], [ 2.8376916, 49.8853313 ], [ 2.8375357, 49.8853549 ], [ 2.8374995, 49.885252 ], [ 2.8371956, 49.885346 ], [ 2.837128, 49.885367 ], [ 2.8369886, 49.8852702 ], [ 2.8369993, 49.8851717 ], [ 2.8369483, 49.8849971 ], [ 2.8368812, 49.8848605 ], [ 2.8367552, 49.8848139 ], [ 2.836597, 49.8847742 ], [ 2.8348591, 49.8850017 ], [ 2.8347194, 49.8851717 ], [ 2.8344834, 49.885265 ], [ 2.8342902, 49.8853479 ], [ 2.8341186, 49.8857437 ], [ 2.8338238, 49.8863808 ], [ 2.8338613, 49.8866296 ], [ 2.8348052, 49.8880645 ], [ 2.8353524, 49.8881336 ], [ 2.8359374, 49.8881711 ], [ 2.8362375, 49.8883203 ], [ 2.8374821, 49.8885829 ] ] ] } },
{ "type": "Feature", "properties": { "Aire": "RRN C", "NomUsuel": "Barastre", "Nature": "R", "GVO": "SANEF", "Surface": 15298.14234, "Réseau": "C", "Axe": "A2", "id_aire": "A000170" }, "geometry": { "type": "Polygon", "coordinates": [ [ [ 2.9426536, 50.0535586 ], [ 2.9429487, 50.0541791 ], [ 2.9447595, 50.0550668 ], [ 2.9458517, 50.0550411 ], [ 2.9459193, 50.0549612 ], [ 2.9459774, 50.0549 ], [ 2.9442501, 50.0540802 ], [ 2.9433449, 50.0536385 ], [ 2.9426536, 50.0535586 ] ] ] } },
{ "type": "Feature", "properties": { "Aire": "RRN C", "NomUsuel": "Chennevieres", "Nature": "R", "GVO": "SANEF", "Surface": 8275.88257, "Réseau": "C", "Axe": "A1", "id_aire": "A000171" }, "geometry": { "type": "Polygon", "coordinates": [ [ [ 2.5421962, 49.0414074 ], [ 2.5428533, 49.0417334 ], [ 2.5428769, 49.0417398 ], [ 2.5423765, 49.0401862 ], [ 2.5422425, 49.0401606 ], [ 2.5415929, 49.041032 ], [ 2.5415547, 49.0412047 ], [ 2.5415365, 49.0413309 ], [ 2.5421962, 49.0414074 ] ] ] } },
{ "type": "Feature", "properties": { "Aire": "RRN C", "NomUsuel": "ASF_A_356 - Aire de Ledenon Nord", "Nature": "R", "GVO": "ASF", "Surface": 15944.08509, "Réseau": "C", "Axe": "A9", "id_aire": "A000172" }, "geometry": { "type": "Polygon", "coordinates": [ [ [ 4.5318174, 43.901923 ], [ 4.5317708, 43.901995 ], [ 4.532024, 43.9021259 ], [ 4.533129, 43.9026825 ], [ 4.5338988, 43.9027772 ], [ 4.5349851, 43.9028642 ], [ 4.5354786, 43.9026999 ], [ 4.5358273, 43.9026419 ], [ 4.5363718, 43.9026342 ], [ 4.5364092, 43.9024971 ], [ 4.5363077, 43.9024952 ], [ 4.5356825, 43.9024235 ], [ 4.5323834, 43.9020544 ], [ 4.5318174, 43.901923 ] ] ] } },
{ "type": "Feature", "properties": { "Aire": "RRN C", "NomUsuel": "Beaune - Merceuil", "Nature": "S", "GVO": "APRR", "Surface": 146608.8143, "Réseau": "C", "Axe": "A6", "id_aire": "A000173" }, "geometry": { "type": "Polygon", "coordinates": [ [ [ 4.8364665, 46.959029 ], [ 4.8359303, 46.9588588 ], [ 4.8357908, 46.9589046 ], [ 4.836845, 46.9616615 ], [ 4.8370971, 46.9622858 ], [ 4.8377354, 46.9643579 ], [ 4.8378924, 46.9648841 ], [ 4.8381445, 46.9648878 ], [ 4.8388539, 46.9672719 ], [ 4.8391972, 46.9674725 ], [ 4.8393045, 46.9674556 ], [ 4.8397993, 46.9676552 ], [ 4.8399369, 46.967874 ], [ 4.8401618, 46.9679654 ], [ 4.8404143, 46.9680109 ], [ 4.8408103, 46.9679019 ], [ 4.840975, 46.9676934 ], [ 4.8409505, 46.9674271 ], [ 4.8408069, 46.9670367 ], [ 4.8403122, 46.9656595 ], [ 4.8397976, 46.9639442 ], [ 4.8395381, 46.9633766 ], [ 4.8391912, 46.9628458 ], [ 4.8389528, 46.9627551 ], [ 4.8386174, 46.9621655 ], [ 4.8383726, 46.9620573 ], [ 4.8384021, 46.9619681 ], [ 4.8398132, 46.9625358 ], [ 4.8400852, 46.9622383 ], [ 4.8394039, 46.961894 ], [ 4.8398064, 46.9614571 ], [ 4.8394208, 46.9612081 ], [ 4.838938, 46.9617344 ], [ 4.8388234, 46.9616847 ], [ 4.8387579, 46.9613769 ], [ 4.8384523, 46.961219 ], [ 4.8381533, 46.9605018 ], [ 4.8380105, 46.959999 ], [ 4.8380418, 46.9597915 ], [ 4.8377521, 46.9595849 ], [ 4.8364665, 46.959029 ] ] ] } },
{ "type": "Feature", "properties": { "Aire": "RRN C", "NomUsuel": "Beaune - Tailly", "Nature": "S", "GVO": "APRR", "Surface": 299587.9189, "Réseau": "C", "Axe": "A6", "id_aire": "A000174" }, "geometry": { "type": "Polygon", "coordinates": [ [ [ 4.8386511, 46.9693523 ], [ 4.8389954, 46.9692126 ], [ 4.8386521, 46.9685518 ], [ 4.8377535, 46.966187 ], [ 4.8376892, 46.9659399 ], [ 4.8374558, 46.9651693 ], [ 4.8370723, 46.9641881 ], [ 4.836399, 46.9621947 ], [ 4.8362891, 46.9618396 ], [ 4.8357875, 46.9603806 ], [ 4.8355994, 46.959921 ], [ 4.8355005, 46.9599156 ], [ 4.8352443, 46.9598037 ], [ 4.8349439, 46.9598113 ], [ 4.8340797, 46.9596215 ], [ 4.8338989, 46.9597971 ], [ 4.8339542, 46.9600216 ], [ 4.834191, 46.9601176 ], [ 4.8342046, 46.9603485 ], [ 4.8338114, 46.9601752 ], [ 4.8331661, 46.959997 ], [ 4.8329595, 46.9603629 ], [ 4.8336758, 46.9605649 ], [ 4.8337484, 46.9610404 ], [ 4.8331675, 46.9611119 ], [ 4.8331319, 46.9614024 ], [ 4.8328932, 46.962251 ], [ 4.8324876, 46.9629974 ], [ 4.8326719, 46.9631329 ], [ 4.8325309, 46.9637124 ], [ 4.8326164, 46.9646655 ], [ 4.833039, 46.9648836 ], [ 4.8347698, 46.9645638 ], [ 4.8345349, 46.9649479 ], [ 4.8342851, 46.9650821 ], [ 4.8341844, 46.9653285 ], [ 4.8339878, 46.9655229 ], [ 4.8341451, 46.9660208 ], [ 4.8340343, 46.9663146 ], [ 4.8336783, 46.9666153 ], [ 4.833159, 46.9667052 ], [ 4.8328151, 46.9669783 ], [ 4.8329486, 46.9673951 ], [ 4.8334977, 46.9676402 ], [ 4.8341956, 46.9673706 ], [ 4.8342058, 46.9669188 ], [ 4.8348367, 46.9663881 ], [ 4.8347503, 46.9656685 ], [ 4.8351191, 46.9654213 ], [ 4.8351978, 46.9652195 ], [ 4.8354935, 46.9649892 ], [ 4.8367164, 46.965467 ], [ 4.8373416, 46.9659008 ], [ 4.8374476, 46.9661612 ], [ 4.8375503, 46.9664137 ], [ 4.8368623, 46.9667447 ], [ 4.8372444, 46.9671904 ], [ 4.8365681, 46.9676174 ], [ 4.835957, 46.9674667 ], [ 4.8355406, 46.9674953 ], [ 4.8354386, 46.9676942 ], [ 4.8340979, 46.9682862 ], [ 4.8340667, 46.9687543 ], [ 4.8341367, 46.9690787 ], [ 4.8351242, 46.9694676 ], [ 4.8352961, 46.9697156 ], [ 4.8351733, 46.9700777 ], [ 4.8345083, 46.9704495 ], [ 4.8345522, 46.9716514 ], [ 4.835493, 46.9721455 ], [ 4.8356267, 46.971909 ], [ 4.8360706, 46.9714872 ], [ 4.8370135, 46.9704496 ], [ 4.8375217, 46.9700126 ], [ 4.8380968, 46.9695962 ], [ 4.8381361, 46.9693264 ], [ 4.8382392, 46.9691755 ], [ 4.8385094, 46.9691722 ], [ 4.8386511, 46.9693523 ] ] ] } },
{ "type": "Feature", "properties": { "Aire": "RRN C", "NomUsuel": "Aire du péage de Vienne Est", "Nature": "P", "GVO": "ASF", "Surface": 14842.17387, "Réseau": "C", "Axe": "A7N", "id_aire": "A000175" }, "geometry": { "type": "Polygon", "coordinates": [ [ [ 4.8345802, 45.4777916 ], [ 4.8350609, 45.4770533 ], [ 4.8352875, 45.4765102 ], [ 4.8353288, 45.4763449 ], [ 4.8353189, 45.4761342 ], [ 4.8350157, 45.4760937 ], [ 4.8348528, 45.4763902 ], [ 4.8347469, 45.4763788 ], [ 4.834429, 45.4770891 ], [ 4.8346415, 45.4773782 ], [ 4.8344987, 45.4773397 ], [ 4.8343755, 45.4773375 ], [ 4.8342632, 45.4773852 ], [ 4.8342047, 45.4773774 ], [ 4.8336773, 45.4786599 ], [ 4.8336562, 45.4787172 ], [ 4.8335819, 45.4790674 ], [ 4.8335577, 45.479113 ], [ 4.8335408, 45.479135 ], [ 4.83377, 45.4792558 ], [ 4.8338741, 45.4792414 ], [ 4.8339133, 45.4792561 ], [ 4.8339394, 45.4792365 ], [ 4.8341063, 45.4791113 ], [ 4.8345802, 45.4777916 ] ] ] } },
{ "type": "Feature", "properties": { "Aire": "RRN C", "NomUsuel": "ASF_A_443 - Aire de Baziège", "Nature": "R", "GVO": "ASF", "Surface": 26671.33357, "Réseau": "C", "Axe": "A61", "id_aire": "A000176" }, "geometry": { "type": "Polygon", "coordinates": [ [ [ 1.6171602, 43.4376009 ], [ 1.617541, 43.4376048 ], [ 1.6178254, 43.4377917 ], [ 1.6189841, 43.4374879 ], [ 1.6198531, 43.4367556 ], [ 1.6200409, 43.4362921 ], [ 1.6192469, 43.4360038 ], [ 1.6187856, 43.4359843 ], [ 1.6171709, 43.4372191 ], [ 1.6171602, 43.4376009 ] ] ] } },
{ "type": "Feature", "properties": { "Aire": "RRN C", "NomUsuel": "ASF_A_503 - Sainte-Florence", "Nature": "R", "GVO": "ASF", "Surface": 122832.5293, "Réseau": "C", "Axe": "A83", "id_aire": "A000177" }, "geometry": { "type": "Polygon", "coordinates": [ [ [ -1.176551, 46.7660152 ], [ -1.1769158, 46.7660538 ], [ -1.1793512, 46.7692505 ], [ -1.1805743, 46.7704851 ], [ -1.1803812, 46.7707643 ], [ -1.1792439, 46.7704851 ], [ -1.1789328, 46.7708966 ], [ -1.1771625, 46.7707937 ], [ -1.175403, 46.7702793 ], [ -1.1752206, 46.7700442 ], [ -1.1755854, 46.7687729 ], [ -1.1753923, 46.767891 ], [ -1.1760145, 46.7665388 ], [ -1.176551, 46.7660152 ] ] ] } },
{ "type": "Feature", "properties": { "Aire": "RRN C", "NomUsuel": "ASF_A_499 - Aire de Baun� Ouest", "Nature": "R", "GVO": "ASF", "Surface": 50954.90548, "Réseau": "C", "Axe": "A11", "id_aire": "A000178" }, "geometry": { "type": "Polygon", "coordinates": [ [ [ -0.3635895, 47.5208779 ], [ -0.371502, 47.5194759 ], [ -0.3716362, 47.5195809 ], [ -0.3709602, 47.5197403 ], [ -0.369941, 47.5200591 ], [ -0.3692544, 47.5205156 ], [ -0.3687179, 47.5211894 ], [ -0.3675377, 47.5216169 ], [ -0.3665936, 47.5215734 ], [ -0.3654134, 47.5213271 ], [ -0.3639865, 47.5212111 ], [ -0.3635895, 47.5208779 ] ] ] } },
{ "type": "Feature", "properties": { "Aire": "RRN C", "NomUsuel": "Fond de la Commanderie", "Nature": "R", "GVO": "SANEF", "Surface": 32020.51691, "Réseau": "C", "Axe": "A16", "id_aire": "A000179" }, "geometry": { "type": "Polygon", "coordinates": [ [ [ 1.6966205, 50.3758876 ], [ 1.6965777, 50.3763665 ], [ 1.6964006, 50.3768557 ], [ 1.696068, 50.3773039 ], [ 1.6959178, 50.3779813 ], [ 1.6953384, 50.3786381 ], [ 1.6959822, 50.3794249 ], [ 1.6966796, 50.3800886 ], [ 1.6971192, 50.3801041 ], [ 1.6971326, 50.3798606 ], [ 1.6970404, 50.3773584 ], [ 1.6969908, 50.3765704 ], [ 1.6966581, 50.3756755 ], [ 1.6966205, 50.3758876 ] ] ] } },
{ "type": "Feature", "properties": { "Aire": "RRN C", "NomUsuel": "Falaises de Widehem Est", "Nature": "R", "GVO": "SANEF", "Surface": 24237.50134, "Réseau": "C", "Axe": "A16", "id_aire": "A000180" }, "geometry": { "type": "Polygon", "coordinates": [ [ [ 1.6445456, 50.5768027 ], [ 1.6446233, 50.5767704 ], [ 1.64509, 50.5767031 ], [ 1.6453153, 50.5766341 ], [ 1.6454641, 50.5765566 ], [ 1.645672, 50.5763633 ], [ 1.6457418, 50.5762168 ], [ 1.6459389, 50.5759059 ], [ 1.6463935, 50.5754188 ], [ 1.6465008, 50.5751991 ], [ 1.6464847, 50.574947 ], [ 1.6462085, 50.5744564 ], [ 1.646128, 50.5742912 ], [ 1.6459751, 50.5743516 ], [ 1.6449666, 50.5754648 ], [ 1.6440815, 50.5762909 ], [ 1.643891, 50.5766214 ], [ 1.6437408, 50.5768598 ], [ 1.6439082, 50.5770442 ], [ 1.6440144, 50.5769901 ], [ 1.6445079, 50.5768752 ], [ 1.6445456, 50.5768027 ] ] ] } },
{ "type": "Feature", "properties": { "Aire": "RRN C", "NomUsuel": "ASF_A_507 - Les oiseaux", "Nature": "R", "GVO": "ASF", "Surface": 93179.67349, "Réseau": "C", "Axe": "A837", "id_aire": "A000181" }, "geometry": { "type": "Polygon", "coordinates": [ [ [ -0.7330853, 45.8682356 ], [ -0.7321572, 45.8646795 ], [ -0.7326293, 45.8648028 ], [ -0.7328492, 45.8650045 ], [ -0.7351184, 45.8657441 ], [ -0.7352525, 45.8655499 ], [ -0.7367223, 45.8660654 ], [ -0.738042, 45.8668162 ], [ -0.7380527, 45.8672196 ], [ -0.7379079, 45.8674624 ], [ -0.7371998, 45.8676828 ], [ -0.7365721, 45.8679218 ], [ -0.7355182, 45.867658 ], [ -0.7344719, 45.867483 ], [ -0.7341518, 45.867448 ], [ -0.7337993, 45.8676653 ], [ -0.7330853, 45.8682356 ] ] ] } },
{ "type": "Feature", "properties": { "Aire": "RRN C", "NomUsuel": "ASF_A_508 - Pierre de Crazannes", "Nature": "R", "GVO": "ASF", "Surface": 45778.66909, "Réseau": "C", "Axe": "A837", "id_aire": "A000182" }, "geometry": { "type": "Polygon", "coordinates": [ [ [ -0.7122606, 45.8400662 ], [ -0.7134354, 45.8423197 ], [ -0.7132029, 45.8423886 ], [ -0.7130983, 45.8424196 ], [ -0.7127479, 45.842488 ], [ -0.7123665, 45.8422662 ], [ -0.7122474, 45.8422259 ], [ -0.7118925, 45.8420285 ], [ -0.7119035, 45.8419621 ], [ -0.7118388, 45.8419345 ], [ -0.711755, 45.841943 ], [ -0.7115082, 45.8420364 ], [ -0.7114626, 45.8420476 ], [ -0.7113714, 45.8420626 ], [ -0.7112481, 45.8420402 ], [ -0.7112414, 45.8421123 ], [ -0.7112093, 45.8422094 ], [ -0.7111335, 45.8422871 ], [ -0.7110242, 45.8423421 ], [ -0.7108945, 45.8423677 ], [ -0.7107601, 45.8423608 ], [ -0.7106371, 45.8423224 ], [ -0.7105404, 45.8422569 ], [ -0.7105131, 45.842255 ], [ -0.7104442, 45.8422015 ], [ -0.7103969, 45.8421054 ], [ -0.7104804, 45.8420447 ], [ -0.710469, 45.8419828 ], [ -0.7104032, 45.8419355 ], [ -0.7100303, 45.8412049 ], [ -0.709982, 45.8411452 ], [ -0.7099761, 45.8410638 ], [ -0.7098766, 45.8409819 ], [ -0.7095614, 45.8408635 ], [ -0.7095759, 45.8408442 ], [ -0.7098305, 45.8405034 ], [ -0.7111388, 45.8406802 ], [ -0.711118, 45.8406357 ], [ -0.711122, 45.8406109 ], [ -0.7111176, 45.8405904 ], [ -0.7110787, 45.8405782 ], [ -0.7110025, 45.8405785 ], [ -0.7109973, 45.8405176 ], [ -0.7110749, 45.8404989 ], [ -0.7110902, 45.8404753 ], [ -0.7110432, 45.8404464 ], [ -0.7110371, 45.8403859 ], [ -0.7110625, 45.8403629 ], [ -0.7111449, 45.8403591 ], [ -0.7111629, 45.8403273 ], [ -0.7110989, 45.8403006 ], [ -0.7111295, 45.8402595 ], [ -0.7112114, 45.8402704 ], [ -0.7112484, 45.8402586 ], [ -0.7112551, 45.8402123 ], [ -0.7113071, 45.8401921 ], [ -0.7114144, 45.8402231 ], [ -0.7114551, 45.8402194 ], [ -0.7114891, 45.8401812 ], [ -0.7116409, 45.840223 ], [ -0.7116812, 45.8401966 ], [ -0.7117643, 45.8402215 ], [ -0.7117826, 45.8402716 ], [ -0.7118171, 45.8402983 ], [ -0.7118618, 45.8402792 ], [ -0.7118998, 45.8403094 ], [ -0.7118898, 45.8403808 ], [ -0.7119106, 45.8404212 ], [ -0.711915, 45.8404419 ], [ -0.7119536, 45.8404225 ], [ -0.711981, 45.8403132 ], [ -0.7119901, 45.8401848 ], [ -0.7119504, 45.8400104 ], [ -0.7120941, 45.8400363 ], [ -0.7121606, 45.8400482 ], [ -0.7122606, 45.8400662 ] ] ] } },
{ "type": "Feature", "properties": { "Aire": "RRN C", "NomUsuel": "Chermignac Ouest", "Nature": "R", "GVO": "ASF", "Surface": 25116.0537, "Réseau": "C", "Axe": "A10", "id_aire": "A000183" }, "geometry": { "type": "Polygon", "coordinates": [ [ [ -0.652892418603463, 45.706107590765143 ], [ -0.651462748529452, 45.702847541236146 ], [ -0.6520182, 45.7033227 ], [ -0.652966217619872, 45.703321965073727 ], [ -0.653644598001497, 45.705239294427535 ], [ -0.652892418603463, 45.706107590765143 ] ] ] } },
{ "type": "Feature", "properties": { "Aire": "RRN C", "NomUsuel": "ASF_A_490 - Saint Caprais", "Nature": "R", "GVO": "ASF", "Surface": 31812.89786, "Réseau": "C", "Axe": "A10", "id_aire": "A000184" }, "geometry": { "type": "Polygon", "coordinates": [ [ [ -0.5557162, 45.2982581 ], [ -0.5553246, 45.2975978 ], [ -0.5544877, 45.2956506 ], [ -0.5553889, 45.295662 ], [ -0.555861, 45.2958544 ], [ -0.5558556, 45.2961601 ], [ -0.5564511, 45.2961638 ], [ -0.5563814, 45.296794 ], [ -0.5570144, 45.2970733 ], [ -0.5568427, 45.2977072 ], [ -0.5563653, 45.2981713 ], [ -0.5557162, 45.2982581 ] ] ] } },
{ "type": "Feature", "properties": { "Aire": "RRN C", "NomUsuel": "ASF_A_452 - Aire de Saubion Nord", "Nature": "R", "GVO": "ASF", "Surface": 51562.77635, "Réseau": "C", "Axe": "A63", "id_aire": "A000185" }, "geometry": { "type": "Polygon", "coordinates": [ [ [ -1.3045594, 43.6809878 ], [ -1.3038406, 43.6806541 ], [ -1.3033739, 43.6804873 ], [ -1.3029608, 43.6804291 ], [ -1.3029354, 43.6802651 ], [ -1.3029233, 43.6802041 ], [ -1.3038728, 43.6800373 ], [ -1.3053319, 43.6796765 ], [ -1.3075796, 43.6789471 ], [ -1.3078424, 43.6788307 ], [ -1.3079214, 43.6788643 ], [ -1.3080356, 43.6789316 ], [ -1.3077405, 43.6791838 ], [ -1.3077459, 43.6795834 ], [ -1.3076601, 43.6799869 ], [ -1.3074991, 43.6803205 ], [ -1.3071236, 43.6807085 ], [ -1.3065872, 43.6809645 ], [ -1.3059327, 43.6811313 ], [ -1.3053748, 43.6811003 ], [ -1.3048008, 43.6810576 ], [ -1.3045594, 43.6809878 ] ] ] } },
{ "type": "Feature", "properties": { "Aire": "RRN C", "NomUsuel": "COEUR D'AQUITAINE", "Nature": "S", "GVO": "ALIENOR", "Surface": 87068.70673000001, "Réseau": "C", "Axe": "A65", "id_aire": "A000186" }, "geometry": { "type": "Polygon", "coordinates": [ [ [ -0.2303052, 44.2882271 ], [ -0.2282452, 44.2879583 ], [ -0.2279019, 44.2874898 ], [ -0.2283481, 44.2859303 ], [ -0.2288139, 44.2843024 ], [ -0.2290499, 44.2840874 ], [ -0.2296829, 44.2839798 ], [ -0.2304446, 44.2841027 ], [ -0.2309274, 44.2844407 ], [ -0.2311635, 44.2849783 ], [ -0.2303052, 44.2882271 ] ] ] } },
{ "type": "Feature", "properties": { "Aire": "RRN C", "NomUsuel": "Beuzeville Nord", "Nature": "S", "GVO": "SAPN", "Surface": 41892.63829, "Réseau": "C", "Axe": "A13", "id_aire": "A000187" }, "geometry": { "type": "Polygon", "coordinates": [ [ [ 0.3254543, 49.3233299 ], [ 0.3253821, 49.3233985 ], [ 0.3252902, 49.3234857 ], [ 0.3258186, 49.3247539 ], [ 0.3277449, 49.3254001 ], [ 0.3278544, 49.3254366 ], [ 0.3282326, 49.3254506 ], [ 0.3303972, 49.325122 ], [ 0.3304998, 49.3250434 ], [ 0.3306044, 49.3249633 ], [ 0.3254543, 49.3233299 ] ] ] } },
{ "type": "Feature", "properties": { "Aire": "RRN C", "NomUsuel": "Beuzeville Sud", "Nature": "S", "GVO": "SAPN", "Surface": 51656.86588, "Réseau": "C", "Axe": "A13", "id_aire": "A000188" }, "geometry": { "type": "Polygon", "coordinates": [ [ [ 0.3178847, 49.3201368 ], [ 0.3178375, 49.3202693 ], [ 0.3178233, 49.320309 ], [ 0.3233591, 49.3221605 ], [ 0.3234342, 49.3220932 ], [ 0.3235549, 49.3219804 ], [ 0.3232878, 49.3215129 ], [ 0.3227893, 49.3206404 ], [ 0.3227448, 49.3205625 ], [ 0.3228253, 49.3205023 ], [ 0.3221694, 49.3202984 ], [ 0.3219992, 49.3201727 ], [ 0.3203791, 49.3196297 ], [ 0.3178847, 49.3201368 ] ] ] } },
{ "type": "Feature", "properties": { "Aire": "RRN C", "NomUsuel": "Eturqueraye", "Nature": "R", "GVO": "SAPN", "Surface": 8910.19349, "Réseau": "C", "Axe": "A13", "id_aire": "A000189" }, "geometry": { "type": "Polygon", "coordinates": [ [ [ 0.6870982, 49.3718181 ], [ 0.6898055, 49.3717246 ], [ 0.6898475, 49.3716891 ], [ 0.6899147, 49.3716297 ], [ 0.6894967, 49.3713491 ], [ 0.6876969, 49.3713351 ], [ 0.6871015, 49.3714591 ], [ 0.6871008, 49.3717409 ], [ 0.6870982, 49.3718181 ] ] ] } },
{ "type": "Feature", "properties": { "Aire": "RRN C", "NomUsuel": "Chateau de Ricoudet", "Nature": "R", "GVO": "COFIROUTE", "Surface": 50129.34523, "Réseau": "C", "Axe": "A81", "id_aire": "A000190" }, "geometry": { "type": "Polygon", "coordinates": [ [ [ -0.7880384, 48.1158679 ], [ -0.7853937, 48.1159109 ], [ -0.7826203, 48.1158286 ], [ -0.7820463, 48.1157963 ], [ -0.7819069, 48.115585 ], [ -0.7812095, 48.115209 ], [ -0.7827813, 48.1146538 ], [ -0.7860375, 48.114772 ], [ -0.7874912, 48.1155671 ], [ -0.7880277, 48.1156889 ], [ -0.7880384, 48.1158679 ] ] ] } },
{ "type": "Feature", "properties": { "Aire": "RRN C", "NomUsuel": "Charmes", "Nature": "R", "GVO": "COFIROUTE", "Surface": 52941.45071, "Réseau": "C", "Axe": "A11", "id_aire": "A000191" }, "geometry": { "type": "Polygon", "coordinates": [ [ [ 0.9409055, 48.2135001 ], [ 0.9403208, 48.2134643 ], [ 0.9391406, 48.2130604 ], [ 0.938395, 48.2134 ], [ 0.9404764, 48.2146439 ], [ 0.9415707, 48.2151551 ], [ 0.9425685, 48.2152695 ], [ 0.9444246, 48.2152051 ], [ 0.9451273, 48.2148727 ], [ 0.944961, 48.2147333 ], [ 0.9409055, 48.2135001 ] ] ] } },
{ "type": "Feature", "properties": { "Aire": "RRN C", "NomUsuel": "Chartres-Bois-Paris", "Nature": "S", "GVO": "COFIROUTE", "Surface": 57907.26109, "Réseau": "C", "Axe": "A11", "id_aire": "A000192" }, "geometry": { "type": "Polygon", "coordinates": [ [ [ 1.5763942, 48.4667361 ], [ 1.5822415, 48.4682922 ], [ 1.5823139, 48.4681784 ], [ 1.5818901, 48.4678387 ], [ 1.5818204, 48.4675986 ], [ 1.5818001, 48.4671398 ], [ 1.5817962, 48.4670509 ], [ 1.5811465, 48.466877 ], [ 1.5807797, 48.4667788 ], [ 1.5812544, 48.4661616 ], [ 1.5782503, 48.4655178 ], [ 1.5780223, 48.466359 ], [ 1.5764774, 48.4665547 ], [ 1.5763942, 48.4667361 ] ] ] } },
{ "type": "Feature", "properties": { "Aire": "RRN C", "NomUsuel": "Chaudonnes", "Nature": "R", "GVO": "COFIROUTE", "Surface": 33329.66998, "Réseau": "C", "Axe": "A11", "id_aire": "A000193" }, "geometry": { "type": "Polygon", "coordinates": [ [ [ 1.7779646, 48.514232 ], [ 1.7779954, 48.514178 ], [ 1.7780504, 48.5140863 ], [ 1.7779029, 48.5137753 ], [ 1.7772243, 48.512846 ], [ 1.7751536, 48.5124303 ], [ 1.7742578, 48.5127501 ], [ 1.7739386, 48.5132974 ], [ 1.7744321, 48.5134519 ], [ 1.7751241, 48.513555 ], [ 1.7752569, 48.5136313 ], [ 1.775387, 48.513706 ], [ 1.7779646, 48.514232 ] ] ] } },
{ "type": "Feature", "properties": { "Aire": "RRN C", "NomUsuel": "Arbonne", "Nature": "R", "GVO": "APRR", "Surface": 5307.54725, "Réseau": "C", "Axe": "A6", "id_aire": "A000194" }, "geometry": { "type": "Polygon", "coordinates": [ [ [ 2.546846, 48.4147548 ], [ 2.5477069, 48.4140658 ], [ 2.5483748, 48.4133146 ], [ 2.5488066, 48.4126541 ], [ 2.5486403, 48.4125989 ], [ 2.548069, 48.4132861 ], [ 2.5473663, 48.4140427 ], [ 2.5467038, 48.4146569 ], [ 2.546846, 48.4147548 ] ] ] } },
{ "type": "Feature", "properties": { "Aire": "RRN C", "NomUsuel": "Les Patures", "Nature": "R", "GVO": "APRR", "Surface": 8189.91134, "Réseau": "C", "Axe": "A6", "id_aire": "A000195" }, "geometry": { "type": "Polygon", "coordinates": [ [ [ 3.4393913, 47.8808905 ], [ 3.4362879, 47.8816766 ], [ 3.4366594, 47.8819032 ], [ 3.4376746, 47.881655 ], [ 3.4388012, 47.8813959 ], [ 3.4396058, 47.8810595 ], [ 3.4394791, 47.8809611 ], [ 3.4393913, 47.8808905 ] ] ] } },
{ "type": "Feature", "properties": { "Aire": "RRN C", "NomUsuel": "La Biche", "Nature": "R", "GVO": "APRR", "Surface": 27002.72679, "Réseau": "C", "Axe": "A6", "id_aire": "A000196" }, "geometry": { "type": "Polygon", "coordinates": [ [ [ 3.4960314, 47.8659121 ], [ 3.4962181, 47.8659567 ], [ 3.4968333, 47.8658114 ], [ 3.4991133, 47.8653291 ], [ 3.499167, 47.8650124 ], [ 3.4977802, 47.864532 ], [ 3.4955084, 47.8650196 ], [ 3.4953609, 47.865339 ], [ 3.4959064, 47.8658053 ], [ 3.4960314, 47.8659121 ] ] ] } },
{ "type": "Feature", "properties": { "Aire": "RRN C", "NomUsuel": "Le Thureau", "Nature": "R", "GVO": "APRR", "Surface": 14329.5258, "Réseau": "C", "Axe": "A6", "id_aire": "A000197" }, "geometry": { "type": "Polygon", "coordinates": [ [ [ 3.6087104, 47.8458583 ], [ 3.6088982, 47.8459627 ], [ 3.6098906, 47.8458619 ], [ 3.6110064, 47.8447495 ], [ 3.6109527, 47.8442346 ], [ 3.6106496, 47.844114 ], [ 3.6087104, 47.8458583 ] ] ] } },
{ "type": "Feature", "properties": { "Aire": "RRN C", "NomUsuel": "Venoy - Soleil Levant", "Nature": "S", "GVO": "APRR", "Surface": 89443.17381, "Réseau": "C", "Axe": "A6", "id_aire": "A000198" }, "geometry": { "type": "Polygon", "coordinates": [ [ [ 3.6737805, 47.7869394 ], [ 3.6719512, 47.7885758 ], [ 3.6694889, 47.7907454 ], [ 3.6695479, 47.7908824 ], [ 3.6686521, 47.7915383 ], [ 3.6689311, 47.7915887 ], [ 3.6701058, 47.7916428 ], [ 3.6712646, 47.7916825 ], [ 3.6721657, 47.791405 ], [ 3.6738945, 47.7905103 ], [ 3.6742593, 47.7902274 ], [ 3.6744135, 47.7899192 ], [ 3.6728993, 47.78984 ], [ 3.6728497, 47.7897219 ], [ 3.6739923, 47.788619 ], [ 3.6738797, 47.788565 ], [ 3.6738331, 47.7884748 ], [ 3.6738602, 47.7884473 ], [ 3.673882, 47.7884251 ], [ 3.6738881, 47.788419 ], [ 3.673591, 47.788205 ], [ 3.6735364, 47.7877901 ], [ 3.6735391, 47.7876044 ], [ 3.673649, 47.7873918 ], [ 3.6739253, 47.7870043 ], [ 3.6737805, 47.7869394 ] ] ] } },
{ "type": "Feature", "properties": { "Aire": "RRN C", "NomUsuel": "Venoy - Chablis", "Nature": "S", "GVO": "APRR", "Surface": 88844.10459, "Réseau": "C", "Axe": "A6", "id_aire": "A000199" }, "geometry": { "type": "Polygon", "coordinates": [ [ [ 3.6690829, 47.7905621 ], [ 3.669899, 47.7898845 ], [ 3.6725718, 47.7875166 ], [ 3.6733966, 47.7865943 ], [ 3.6733564, 47.7862447 ], [ 3.6715834, 47.7867385 ], [ 3.6713198, 47.7871018 ], [ 3.6711448, 47.7872616 ], [ 3.6712843, 47.7873553 ], [ 3.6711153, 47.7875058 ], [ 3.6708994, 47.7875923 ], [ 3.6703965, 47.7876373 ], [ 3.6705843, 47.7874436 ], [ 3.6706634, 47.7872634 ], [ 3.6703992, 47.787167 ], [ 3.6701256, 47.7871566 ], [ 3.6685136, 47.787448 ], [ 3.6682414, 47.7875995 ], [ 3.6678867, 47.7883924 ], [ 3.6678283, 47.7885454 ], [ 3.6678297, 47.7887371 ], [ 3.6679356, 47.790013 ], [ 3.6679463, 47.7900539 ], [ 3.6679731, 47.7900922 ], [ 3.6680083, 47.790128 ], [ 3.6680543, 47.7901567 ], [ 3.6688476, 47.7904112 ], [ 3.6689649, 47.7902445 ], [ 3.6690621, 47.790271 ], [ 3.6689388, 47.7905319 ], [ 3.6690474, 47.7905546 ], [ 3.6690829, 47.7905621 ] ] ] } },
{ "type": "Feature", "properties": { "Aire": "RRN C", "NomUsuel": "Le Buisson Rond", "Nature": "R", "GVO": "APRR", "Surface": 20251.44534, "Réseau": "C", "Axe": "A6", "id_aire": "A000200" }, "geometry": { "type": "Polygon", "coordinates": [ [ [ 3.766956, 47.7161448 ], [ 3.7642524, 47.7171987 ], [ 3.763909, 47.7174441 ], [ 3.7635644, 47.7175479 ], [ 3.763205, 47.7177516 ], [ 3.7642113, 47.7179526 ], [ 3.764943, 47.7176604 ], [ 3.7652959, 47.7175209 ], [ 3.7661525, 47.7171766 ], [ 3.7669222, 47.7169431 ], [ 3.767121, 47.7163586 ], [ 3.766956, 47.7161448 ] ] ] } },
{ "type": "Feature", "properties": { "Aire": "RRN C", "NomUsuel": "La Grosse Tour", "Nature": "R", "GVO": "APRR", "Surface": 33536.51005, "Réseau": "C", "Axe": "A6", "id_aire": "A000201" }, "geometry": { "type": "Polygon", "coordinates": [ [ [ 3.7267698, 47.7502956 ], [ 3.7264024, 47.7506563 ], [ 3.7261878, 47.7508438 ], [ 3.7258177, 47.7513433 ], [ 3.7269764, 47.7541151 ], [ 3.7280842, 47.7546867 ], [ 3.7267698, 47.7502956 ] ] ] } },
{ "type": "Feature", "properties": { "Aire": "RRN C", "NomUsuel": "Le Chevreuil", "Nature": "R", "GVO": "APRR", "Surface": 36645.50404, "Réseau": "C", "Axe": "A6", "id_aire": "A000202" }, "geometry": { "type": "Polygon", "coordinates": [ [ [ 3.8305499, 47.6948651 ], [ 3.8305338, 47.695033 ], [ 3.8309093, 47.6953652 ], [ 3.8321109, 47.6956071 ], [ 3.8337578, 47.6951847 ], [ 3.8349701, 47.6939263 ], [ 3.834716, 47.6936704 ], [ 3.8346188, 47.6935725 ], [ 3.8305499, 47.6948651 ] ] ] } },
{ "type": "Feature", "properties": { "Aire": "RRN C", "NomUsuel": "La Couee", "Nature": "R", "GVO": "APRR", "Surface": 25079.28732, "Réseau": "C", "Axe": "A6", "id_aire": "A000203" }, "geometry": { "type": "Polygon", "coordinates": [ [ [ 3.8569757, 47.6806448 ], [ 3.8567818, 47.6806076 ], [ 3.8565331, 47.6805599 ], [ 3.8553214, 47.6805575 ], [ 3.8541138, 47.681284 ], [ 3.8539984, 47.681898 ], [ 3.8541164, 47.6822592 ], [ 3.8543122, 47.6823837 ], [ 3.8545644, 47.6824289 ], [ 3.854795, 47.6823531 ], [ 3.8550928, 47.6822266 ], [ 3.8569757, 47.6806448 ] ] ] } },
{ "type": "Feature", "properties": { "Aire": "RRN C", "NomUsuel": "Montmorency", "Nature": "R", "GVO": "APRR", "Surface": 25187.97751, "Réseau": "C", "Axe": "A6", "id_aire": "A000204" }, "geometry": { "type": "Polygon", "coordinates": [ [ [ 3.9107654, 47.5982687 ], [ 3.9111462, 47.5973535 ], [ 3.9118865, 47.595997 ], [ 3.9114735, 47.5959065 ], [ 3.9101109, 47.5963406 ], [ 3.9097676, 47.5966337 ], [ 3.9096925, 47.5969882 ], [ 3.9097944, 47.5976755 ], [ 3.90995, 47.598077 ], [ 3.9107654, 47.5982687 ] ] ] } },
{ "type": "Feature", "properties": { "Aire": "RRN C", "NomUsuel": "La Come", "Nature": "R", "GVO": "APRR", "Surface": 11170.55482, "Réseau": "C", "Axe": "A6", "id_aire": "A000205" }, "geometry": { "type": "Polygon", "coordinates": [ [ [ 4.2815875, 47.4491573 ], [ 4.2808753, 47.4493713 ], [ 4.2791507, 47.4498356 ], [ 4.2792419, 47.4499771 ], [ 4.2794135, 47.4500007 ], [ 4.2794672, 47.4501857 ], [ 4.2795959, 47.45028 ], [ 4.2800036, 47.4503072 ], [ 4.2813112, 47.4498157 ], [ 4.2813206, 47.4498017 ], [ 4.2816465, 47.4493187 ], [ 4.2815875, 47.4491573 ] ] ] } },
{ "type": "Feature", "properties": { "Aire": "RRN C", "NomUsuel": "Ruffey", "Nature": "R", "GVO": "APRR", "Surface": 9812.25597, "Réseau": "C", "Axe": "A6", "id_aire": "A000206" }, "geometry": { "type": "Polygon", "coordinates": [ [ [ 4.2812341, 47.44896 ], [ 4.2810893, 47.4488512 ], [ 4.2807915, 47.4489038 ], [ 4.2803946, 47.4488476 ], [ 4.2799869, 47.4487931 ], [ 4.2796865, 47.4487931 ], [ 4.2793163, 47.4488421 ], [ 4.2789757, 47.4489673 ], [ 4.2786806, 47.4491251 ], [ 4.2785063, 47.4492847 ], [ 4.278407, 47.4494588 ], [ 4.2783507, 47.4496021 ], [ 4.2784258, 47.4496982 ], [ 4.2796301, 47.4493663 ], [ 4.2812341, 47.44896 ] ] ] } },
{ "type": "Feature", "properties": { "Aire": "RRN C", "NomUsuel": "Marcigny", "Nature": "R", "GVO": "APRR", "Surface": 22500.99733, "Réseau": "C", "Axe": "A6", "id_aire": "A000207" }, "geometry": { "type": "Polygon", "coordinates": [ [ [ 4.3640747, 47.390829 ], [ 4.3644449, 47.3909979 ], [ 4.3649008, 47.3907981 ], [ 4.3651235, 47.3907545 ], [ 4.3655768, 47.3907981 ], [ 4.3662795, 47.3903678 ], [ 4.3666067, 47.3896505 ], [ 4.3667918, 47.3892564 ], [ 4.3672478, 47.3885392 ], [ 4.3668133, 47.3883921 ], [ 4.3654641, 47.3896904 ], [ 4.3640747, 47.390829 ] ] ] } },
{ "type": "Feature", "properties": { "Aire": "RRN C", "NomUsuel": "Les Locheres", "Nature": "S", "GVO": "APRR", "Surface": 107575.7739, "Réseau": "C", "Axe": "A6", "id_aire": "A000208" }, "geometry": { "type": "Polygon", "coordinates": [ [ [ 4.4982486, 47.3138329 ], [ 4.5004666, 47.3142698 ], [ 4.5012552, 47.3145862 ], [ 4.501695, 47.3137061 ], [ 4.5019418, 47.3120294 ], [ 4.5022261, 47.3113274 ], [ 4.5028538, 47.3095452 ], [ 4.5024836, 47.3089668 ], [ 4.5016188, 47.3083252 ], [ 4.5015019, 47.3082394 ], [ 4.500826, 47.3098071 ], [ 4.5003379, 47.3108146 ], [ 4.4996405, 47.3118075 ], [ 4.499796, 47.3119821 ], [ 4.4982486, 47.3138329 ] ] ] } },
{ "type": "Feature", "properties": { "Aire": "RRN C", "NomUsuel": "Le Chien Blanc", "Nature": "S", "GVO": "APRR", "Surface": 80349.25595000001, "Réseau": "C", "Axe": "A6", "id_aire": "A000209" }, "geometry": { "type": "Polygon", "coordinates": [ [ [ 4.4934419, 47.3183466 ], [ 4.4954804, 47.316161 ], [ 4.4967947, 47.3148408 ], [ 4.4972667, 47.3143025 ], [ 4.4991228, 47.3117784 ], [ 4.498876, 47.3117202 ], [ 4.4977173, 47.3119785 ], [ 4.4972238, 47.3127095 ], [ 4.4966659, 47.3135097 ], [ 4.4961885, 47.3136697 ], [ 4.4943807, 47.3154954 ], [ 4.4939783, 47.31559 ], [ 4.4929108, 47.3167283 ], [ 4.4932649, 47.3176411 ], [ 4.4933078, 47.3179175 ], [ 4.4932112, 47.3182339 ], [ 4.4933475, 47.3183005 ], [ 4.4934419, 47.3183466 ] ] ] } },
{ "type": "Feature", "properties": { "Aire": "RRN C", "NomUsuel": "La Repotte", "Nature": "R", "GVO": "APRR", "Surface": 27254.90002, "Réseau": "C", "Axe": "A6", "id_aire": "A000210" }, "geometry": { "type": "Polygon", "coordinates": [ [ [ 4.5934365, 47.222445 ], [ 4.5937154, 47.2225798 ], [ 4.5947094, 47.2222331 ], [ 4.5950302, 47.2224501 ], [ 4.5948943, 47.2227295 ], [ 4.5941887, 47.2232985 ], [ 4.5943578, 47.2233727 ], [ 4.5950083, 47.2233668 ], [ 4.5953301, 47.2232538 ], [ 4.5950512, 47.2228021 ], [ 4.5961254, 47.221914 ], [ 4.5962622, 47.2206771 ], [ 4.5959417, 47.2205978 ], [ 4.5955125, 47.2207545 ], [ 4.5934365, 47.222445 ] ] ] } },
{ "type": "Feature", "properties": { "Aire": "RRN C", "NomUsuel": "Le Bois des Corbeaux", "Nature": "R", "GVO": "APRR", "Surface": 10594.98412, "Réseau": "C", "Axe": "A6", "id_aire": "A000211" }, "geometry": { "type": "Polygon", "coordinates": [ [ [ 4.7722165, 47.0629559 ], [ 4.7729273, 47.0629788 ], [ 4.7741396, 47.0622626 ], [ 4.7740317, 47.0619533 ], [ 4.7740182, 47.0617413 ], [ 4.7740001, 47.0616852 ], [ 4.7738177, 47.0615829 ], [ 4.7720837, 47.0628408 ], [ 4.7721267, 47.0628804 ], [ 4.7722165, 47.0629559 ] ] ] } },
{ "type": "Feature", "properties": { "Aire": "RRN C", "NomUsuel": "Savigny les Beaune", "Nature": "R", "GVO": "APRR", "Surface": 10716.56913, "Réseau": "C", "Axe": "A6", "id_aire": "A000212" }, "geometry": { "type": "Polygon", "coordinates": [ [ [ 4.8291926, 47.0554254 ], [ 4.829047, 47.0554124 ], [ 4.8289485, 47.0554035 ], [ 4.828219, 47.0561893 ], [ 4.8275457, 47.0566881 ], [ 4.8268122, 47.0570509 ], [ 4.8268466, 47.0570788 ], [ 4.826906, 47.0571267 ], [ 4.8273433, 47.0570198 ], [ 4.8277388, 47.0570125 ], [ 4.8279414, 47.0569906 ], [ 4.8280487, 47.0569339 ], [ 4.8290008, 47.0562066 ], [ 4.8292114, 47.0560175 ], [ 4.8292742, 47.0559317 ], [ 4.8293335, 47.0557534 ], [ 4.829324, 47.0555835 ], [ 4.8293589, 47.0555369 ], [ 4.8293428, 47.0554821 ], [ 4.8292221, 47.0554683 ], [ 4.8291926, 47.0554254 ] ] ] } },
{ "type": "Feature", "properties": { "Aire": "RRN C", "NomUsuel": "Corgoloin", "Nature": "R", "GVO": "APRR", "Surface": 25350.39451, "Réseau": "C", "Axe": "A31", "id_aire": "A000213" }, "geometry": { "type": "Polygon", "coordinates": [ [ [ 4.9246404, 47.0745444 ], [ 4.9249032, 47.0744787 ], [ 4.9250963, 47.0736128 ], [ 4.9245975, 47.0726665 ], [ 4.9234012, 47.0716582 ], [ 4.922795, 47.071618 ], [ 4.9224141, 47.0717714 ], [ 4.9239162, 47.0734594 ], [ 4.9246404, 47.0745444 ] ] ] } },
{ "type": "Feature", "properties": { "Aire": "RRN C", "NomUsuel": "Serrigny", "Nature": "R", "GVO": "APRR", "Surface": 15428.5254, "Réseau": "C", "Axe": "A31", "id_aire": "A000214" }, "geometry": { "type": "Polygon", "coordinates": [ [ [ 4.9240556, 47.0746029 ], [ 4.9236962, 47.074285 ], [ 4.9220654, 47.0722172 ], [ 4.9216792, 47.0723414 ], [ 4.9217543, 47.0730867 ], [ 4.9221996, 47.073664 ], [ 4.9232081, 47.0743179 ], [ 4.9237499, 47.0747234 ], [ 4.9240556, 47.0746029 ] ] ] } },
{ "type": "Feature", "properties": { "Aire": "RRN C", "NomUsuel": "PICCOLARET", "Nature": "R", "GVO": "ESCOTA", "Surface": 15674.57553, "Réseau": "C", "Axe": "A8", "id_aire": "A000215" }, "geometry": { "type": "Polygon", "coordinates": [ [ [ 7.0143584, 43.5817005 ], [ 7.0144297, 43.5817058 ], [ 7.0145034, 43.5817105 ], [ 7.0146054, 43.5817171 ], [ 7.0148583, 43.5816369 ], [ 7.0151627, 43.5815586 ], [ 7.015433, 43.5815096 ], [ 7.0157153, 43.5814696 ], [ 7.0158566, 43.5814599 ], [ 7.016044, 43.5814466 ], [ 7.016232, 43.5814378 ], [ 7.0164439, 43.5814453 ], [ 7.0166508, 43.5814595 ], [ 7.0168363, 43.5814789 ], [ 7.0170786, 43.5815169 ], [ 7.0174535, 43.5815904 ], [ 7.0174724, 43.5815595 ], [ 7.0176937, 43.5816138 ], [ 7.0178757, 43.5816719 ], [ 7.0179981, 43.5817148 ], [ 7.0181205, 43.5817686 ], [ 7.0181145, 43.5816777 ], [ 7.0177927, 43.5814183 ], [ 7.0175681, 43.5812717 ], [ 7.0174305, 43.5812028 ], [ 7.0173059, 43.5811665 ], [ 7.0171369, 43.5811359 ], [ 7.0169618, 43.5811111 ], [ 7.0168531, 43.581079 ], [ 7.0167183, 43.581028 ], [ 7.0165473, 43.5809464 ], [ 7.0163883, 43.5808662 ], [ 7.0162414, 43.5808035 ], [ 7.016169, 43.5807904 ], [ 7.0161146, 43.5807889 ], [ 7.0160482, 43.5807918 ], [ 7.016006, 43.580802 ], [ 7.0159617, 43.580821 ], [ 7.0159033, 43.5808472 ], [ 7.0157786, 43.5808924 ], [ 7.0157202, 43.5809099 ], [ 7.0156538, 43.5809157 ], [ 7.0154969, 43.5809245 ], [ 7.0151548, 43.5809464 ], [ 7.0149898, 43.5809741 ], [ 7.014859, 43.5810192 ], [ 7.0147302, 43.5810834 ], [ 7.0146437, 43.5811388 ], [ 7.0145893, 43.5812087 ], [ 7.0145612, 43.5812612 ], [ 7.0144686, 43.5814769 ], [ 7.0144064, 43.5816251 ], [ 7.0143584, 43.5817005 ] ] ] } },
{ "type": "Feature", "properties": { "Aire": "RRN C", "NomUsuel": "PORT LAURAGAIS NORD", "Nature": "S", "GVO": "ASF", "Surface": 112365.13, "Réseau": "C", "Axe": "A61", "id_aire": "A000216" }, "geometry": { "type": "Polygon", "coordinates": [ [ [ 1.8106875, 43.3523864 ], [ 1.8104136, 43.3520019 ], [ 1.8103281, 43.3518754 ], [ 1.8093035, 43.3524839 ], [ 1.80778, 43.3533109 ], [ 1.8053553, 43.354481 ], [ 1.8048581, 43.3546886 ], [ 1.8040419, 43.3550294 ], [ 1.8040195, 43.3550388 ], [ 1.8039176, 43.3552221 ], [ 1.8043682, 43.3555732 ], [ 1.8048671, 43.3559203 ], [ 1.8058541, 43.3564976 ], [ 1.8064067, 43.3567277 ], [ 1.8066695, 43.356482 ], [ 1.8078551, 43.3553782 ], [ 1.8098614, 43.3538882 ], [ 1.8109128, 43.3531431 ], [ 1.8106875, 43.3523864 ] ] ] } },
{ "type": "Feature", "properties": { "Aire": "RRN C", "NomUsuel": "PORT LAURAGAIS SUD", "Nature": "S", "GVO": "ASF", "Surface": 116183.7288, "Réseau": "C", "Axe": "A61", "id_aire": "A000217" }, "geometry": { "type": "Polygon", "coordinates": [ [ [ 1.808074, 43.3526477 ], [ 1.8076609, 43.3525053 ], [ 1.8072988, 43.3523649 ], [ 1.8068026, 43.3521309 ], [ 1.8062313, 43.3518793 ], [ 1.8055389, 43.3510852 ], [ 1.8052685, 43.3512177 ], [ 1.8051047, 43.351298 ], [ 1.8043484, 43.3509392 ], [ 1.8033321, 43.3511011 ], [ 1.8029536, 43.3507364 ], [ 1.8009741, 43.3516569 ], [ 1.8014301, 43.3520724 ], [ 1.8016903, 43.3524234 ], [ 1.8029831, 43.3530339 ], [ 1.8031923, 43.3533986 ], [ 1.8034284, 43.3536833 ], [ 1.8040185, 43.353578 ], [ 1.8045066, 43.3542645 ], [ 1.8058638, 43.3538043 ], [ 1.8077628, 43.3529149 ], [ 1.808074, 43.3526477 ] ] ] } },
{ "type": "Feature", "properties": { "Aire": "RRN C", "NomUsuel": "Le Granier", "Nature": "S", "GVO": "AREA", "Surface": 40045.34743, "Réseau": "C", "Axe": "A43", "id_aire": "A000218" }, "geometry": { "type": "Polygon", "coordinates": [ [ [ 5.9727748, 45.5268311 ], [ 5.9728152, 45.5268814 ], [ 5.9732232, 45.5273889 ], [ 5.9735289, 45.5278399 ], [ 5.973773, 45.5278737 ], [ 5.9752053, 45.5257146 ], [ 5.9758142, 45.5249357 ], [ 5.9754548, 45.5250356 ], [ 5.9751007, 45.525134 ], [ 5.9740781, 45.525141 ], [ 5.9737697, 45.5251896 ], [ 5.9734671, 45.5252896 ], [ 5.9731481, 45.5254469 ], [ 5.9728451, 45.5257919 ], [ 5.9727135, 45.5260463 ], [ 5.9726653, 45.5263601 ], [ 5.9727748, 45.5268311 ] ] ] } },
{ "type": "Feature", "properties": { "Aire": "RRN C", "NomUsuel": "Le Sophora", "Nature": "R", "GVO": "APRR", "Surface": 18908.18049, "Réseau": "C", "Axe": "A77", "id_aire": "A000219" }, "geometry": { "type": "Polygon", "coordinates": [ [ [ 2.7140634, 48.128189 ], [ 2.7143951, 48.1284624 ], [ 2.7154556, 48.1293285 ], [ 2.7162109, 48.1299477 ], [ 2.7168092, 48.1304827 ], [ 2.7172763, 48.1309497 ], [ 2.717741, 48.1313883 ], [ 2.7181762, 48.13182 ], [ 2.7182346, 48.1318055 ], [ 2.7183841, 48.1317657 ], [ 2.718025, 48.1313966 ], [ 2.7179849, 48.1311458 ], [ 2.7180755, 48.1309737 ], [ 2.7180351, 48.1307181 ], [ 2.7177677, 48.130283 ], [ 2.7172449, 48.1298802 ], [ 2.7167368, 48.1294976 ], [ 2.7165339, 48.129407 ], [ 2.716038, 48.1293202 ], [ 2.7156451, 48.1292692 ], [ 2.7146086, 48.1285111 ], [ 2.7141658, 48.1281445 ], [ 2.7140837, 48.1281789 ], [ 2.7140634, 48.128189 ] ] ] } },
{ "type": "Feature", "properties": { "Aire": "RRN C", "NomUsuel": "Le Hetre Poupre", "Nature": "R", "GVO": "APRR", "Surface": 30266.4188, "Réseau": "C", "Axe": "A77", "id_aire": "A000220" }, "geometry": { "type": "Polygon", "coordinates": [ [ [ 2.7283826, 48.1376332 ], [ 2.7276111, 48.1374029 ], [ 2.7266645, 48.137011 ], [ 2.725685, 48.1365943 ], [ 2.7246843, 48.1361154 ], [ 2.7240567, 48.135807 ], [ 2.7234971, 48.1355224 ], [ 2.7234464, 48.1355989 ], [ 2.7233819, 48.1356853 ], [ 2.7236819, 48.136007 ], [ 2.7238558, 48.1361759 ], [ 2.7238597, 48.1363114 ], [ 2.7238013, 48.1365154 ], [ 2.7237527, 48.1366926 ], [ 2.7238943, 48.1368647 ], [ 2.7242573, 48.137125 ], [ 2.7249252, 48.1374973 ], [ 2.7256948, 48.1377007 ], [ 2.7264146, 48.1376169 ], [ 2.727025, 48.137506 ], [ 2.7274786, 48.1375799 ], [ 2.7283082, 48.137763 ], [ 2.728348, 48.1376926 ], [ 2.7283826, 48.1376332 ] ] ] } },
{ "type": "Feature", "properties": { "Aire": "RRN C", "NomUsuel": "Longeville-les-Saint-Avold Sud", "Nature": "S", "GVO": "SANEF", "Surface": 45040.60054, "Réseau": "C", "Axe": "A4", "id_aire": "A000221" }, "geometry": { "type": "Polygon", "coordinates": [ [ [ 6.6581649, 49.1332404 ], [ 6.6582486, 49.1332845 ], [ 6.6587837, 49.1332075 ], [ 6.6636338, 49.132583 ], [ 6.6641756, 49.1324119 ], [ 6.6632929, 49.1323875 ], [ 6.6612381, 49.1319658 ], [ 6.6605983, 49.1316327 ], [ 6.6599819, 49.1318497 ], [ 6.659641, 49.1317274 ], [ 6.6583661, 49.1319963 ], [ 6.6578341, 49.1323848 ], [ 6.6575957, 49.1328428 ], [ 6.6581649, 49.1332404 ] ] ] } },
{ "type": "Feature", "properties": { "Aire": "RRN C", "NomUsuel": "Le Reveillon", "Nature": "R", "GVO": "COFIROUTE", "Surface": 15638.53373, "Réseau": "C", "Axe": "A11", "id_aire": "A000222" }, "geometry": { "type": "Polygon", "coordinates": [ [ [ -0.7919844, 47.4333961 ], [ -0.7918957, 47.4334949 ], [ -0.7915096, 47.4335549 ], [ -0.7911391, 47.4336714 ], [ -0.7908156, 47.4338196 ], [ -0.7905286, 47.4340314 ], [ -0.7903408, 47.4341691 ], [ -0.7899495, 47.4342255 ], [ -0.7894381, 47.4342996 ], [ -0.7886085, 47.4344126 ], [ -0.7884363, 47.4343032 ], [ -0.7887963, 47.4341302 ], [ -0.7890781, 47.4340208 ], [ -0.7893233, 47.4338232 ], [ -0.7895633, 47.4336467 ], [ -0.7898764, 47.4334561 ], [ -0.7900382, 47.433382 ], [ -0.7902051, 47.4333114 ], [ -0.7904138, 47.433262 ], [ -0.7906434, 47.4332055 ], [ -0.7909199, 47.4331667 ], [ -0.7911913, 47.4331526 ], [ -0.7914678, 47.4331526 ], [ -0.7917548, 47.4331879 ], [ -0.7920157, 47.4332761 ], [ -0.7919844, 47.4333961 ] ] ] } },
{ "type": "Feature", "properties": { "Aire": "RRN C", "NomUsuel": "Aire des Montilets", "Nature": "R", "GVO": "COFIROUTE", "Surface": 39752.53858, "Réseau": "C", "Axe": "A11", "id_aire": "A000223" }, "geometry": { "type": "Polygon", "coordinates": [ [ [ -0.7934925, 47.4344435 ], [ -0.7934722, 47.4346907 ], [ -0.792914, 47.4350889 ], [ -0.7924471, 47.4354185 ], [ -0.7919497, 47.4356039 ], [ -0.7914727, 47.4356862 ], [ -0.790955, 47.4357549 ], [ -0.7899704, 47.4358373 ], [ -0.787981, 47.4350958 ], [ -0.7883667, 47.434883 ], [ -0.792782, 47.4343817 ], [ -0.7934925, 47.4344435 ] ] ] } },
{ "type": "Feature", "properties": { "Aire": "RRN C", "NomUsuel": "Oyeu", "Nature": "R", "GVO": "AREA", "Surface": 24667.80476, "Réseau": "C", "Axe": "A48", "id_aire": "A000224" }, "geometry": { "type": "Polygon", "coordinates": [ [ [ 5.4429906, 45.4245804 ], [ 5.4422155, 45.4247762 ], [ 5.4419231, 45.424843 ], [ 5.4415235, 45.4249079 ], [ 5.4395199, 45.4252553 ], [ 5.4384215, 45.4254031 ], [ 5.439249, 45.4256478 ], [ 5.4412258, 45.4253589 ], [ 5.4423376, 45.4258822 ], [ 5.442996, 45.4252497 ], [ 5.4435365, 45.4247743 ], [ 5.4439831, 45.4245494 ], [ 5.4445718, 45.4242868 ], [ 5.4441923, 45.4241823 ], [ 5.4437631, 45.4243367 ], [ 5.4433045, 45.4245475 ], [ 5.4429906, 45.4245804 ] ] ] } },
{ "type": "Feature", "properties": { "Aire": "RRN C", "NomUsuel": "Reims Champagne Sud", "Nature": "S", "GVO": "SANEF", "Surface": 45464.59186, "Réseau": "C", "Axe": "A4", "id_aire": "A000225" }, "geometry": { "type": "Polygon", "coordinates": [ [ [ 4.2415716, 49.1214283 ], [ 4.2418226, 49.1214393 ], [ 4.2420071, 49.1214474 ], [ 4.2432909, 49.1205391 ], [ 4.2447698, 49.1193832 ], [ 4.2463534, 49.1179446 ], [ 4.2461529, 49.1179308 ], [ 4.2461003, 49.1179271 ], [ 4.2458271, 49.1179083 ], [ 4.2453563, 49.11814 ], [ 4.244531, 49.1183662 ], [ 4.2441045, 49.1186164 ], [ 4.2437771, 49.1188541 ], [ 4.2433699, 49.1189774 ], [ 4.2430267, 49.1193771 ], [ 4.2426092, 49.1196581 ], [ 4.2420586, 49.1201077 ], [ 4.2415767, 49.1200613 ], [ 4.2412238, 49.1202341 ], [ 4.2411352, 49.1207544 ], [ 4.2412163, 49.1209814 ], [ 4.2415716, 49.1214283 ] ] ] } },
{ "type": "Feature", "properties": { "Aire": "RRN C", "NomUsuel": "Reims Champagne Nord", "Nature": "S", "GVO": "SANEF", "Surface": 78685.01187, "Réseau": "C", "Axe": "A4", "id_aire": "A000226" }, "geometry": { "type": "Polygon", "coordinates": [ [ [ 4.2459471, 49.1205986 ], [ 4.2458469, 49.120505 ], [ 4.245838, 49.1203795 ], [ 4.2464589, 49.1198235 ], [ 4.2466001, 49.1197414 ], [ 4.2469345, 49.1194414 ], [ 4.2470964, 49.1194166 ], [ 4.2471141, 49.1194139 ], [ 4.2472688, 49.1193304 ], [ 4.2474077, 49.1190179 ], [ 4.247063, 49.1180666 ], [ 4.2471751, 49.1179155 ], [ 4.247066, 49.1178819 ], [ 4.2470035, 49.1178626 ], [ 4.2463552, 49.118421 ], [ 4.2444026, 49.1200806 ], [ 4.2426052, 49.1213848 ], [ 4.2414107, 49.1221283 ], [ 4.2414726, 49.122167 ], [ 4.2415306, 49.122205 ], [ 4.2418601, 49.1224206 ], [ 4.2419727, 49.1225485 ], [ 4.2422063, 49.1225856 ], [ 4.2424771, 49.1225251 ], [ 4.2430824, 49.1226249 ], [ 4.2433178, 49.1226233 ], [ 4.2434535, 49.122582 ], [ 4.2443251, 49.1225453 ], [ 4.2448906, 49.1220554 ], [ 4.2457869, 49.1212788 ], [ 4.2457581, 49.1211832 ], [ 4.2457289, 49.1211149 ], [ 4.2457751, 49.1210306 ], [ 4.2459232, 49.1207299 ], [ 4.2459471, 49.1205986 ] ] ] } },
{ "type": "Feature", "properties": { "Aire": "RRN C", "NomUsuel": "Vallee de la Selle Ouest", "Nature": "R", "GVO": "SANEF", "Surface": 33054.6325, "Réseau": "C", "Axe": "A16", "id_aire": "A000227" }, "geometry": { "type": "Polygon", "coordinates": [ [ [ 2.2299917, 49.757232 ], [ 2.2298353, 49.7538301 ], [ 2.2290042, 49.7540791 ], [ 2.2280561, 49.7545641 ], [ 2.228093, 49.7556038 ], [ 2.2299917, 49.757232 ] ] ] } },
{ "type": "Feature", "properties": { "Aire": "RRN C", "NomUsuel": "La Talmouse", "Nature": "R", "GVO": "SANEF", "Surface": 21146.53351, "Réseau": "C", "Axe": "A4", "id_aire": "A000228" }, "geometry": { "type": "Polygon", "coordinates": [ [ [ 3.3212671, 49.055543 ], [ 3.3212324, 49.0555871 ], [ 3.3211085, 49.05576 ], [ 3.3210373, 49.0558574 ], [ 3.3210576, 49.0562206 ], [ 3.3213144, 49.0565484 ], [ 3.321774, 49.0569071 ], [ 3.3222674, 49.0574431 ], [ 3.3225445, 49.0575494 ], [ 3.3227712, 49.0575403 ], [ 3.3231851, 49.0574193 ], [ 3.3240154, 49.0571766 ], [ 3.3240585, 49.057164 ], [ 3.3212671, 49.055543 ] ] ] } },
{ "type": "Feature", "properties": { "Aire": "RRN C", "NomUsuel": "Lhery", "Nature": "R", "GVO": "SANEF", "Surface": 22138.79169, "Réseau": "C", "Axe": "A4", "id_aire": "A000229" }, "geometry": { "type": "Polygon", "coordinates": [ [ [ 3.7609191, 49.1995558 ], [ 3.7589824, 49.1977629 ], [ 3.758749, 49.1983188 ], [ 3.7574932, 49.1986856 ], [ 3.7590688, 49.1992466 ], [ 3.7598996, 49.1999219 ], [ 3.7606133, 49.1997391 ], [ 3.7609191, 49.1995558 ] ] ] } },
{ "type": "Feature", "properties": { "Aire": "RRN C", "NomUsuel": "Le Gingko", "Nature": "R", "GVO": "APRR", "Surface": 23106.92904, "Réseau": "C", "Axe": "A77", "id_aire": "A000230" }, "geometry": { "type": "Polygon", "coordinates": [ [ [ 2.7396488, 47.6812495 ], [ 2.7386902, 47.6817698 ], [ 2.7385239, 47.6822999 ], [ 2.7385875, 47.6832844 ], [ 2.7390521, 47.683831 ], [ 2.73982, 47.6845554 ], [ 2.7396488, 47.6812495 ] ] ] } },
{ "type": "Feature", "properties": { "Aire": "RRN C", "NomUsuel": "Le Tulipier", "Nature": "R", "GVO": "APRR", "Surface": 21180.3278, "Réseau": "C", "Axe": "A77", "id_aire": "A000231" }, "geometry": { "type": "Polygon", "coordinates": [ [ [ 2.7400795, 47.6805053 ], [ 2.7402989, 47.6818604 ], [ 2.7403503, 47.6832783 ], [ 2.7410882, 47.6829954 ], [ 2.7414338, 47.682725 ], [ 2.7414805, 47.6818258 ], [ 2.741303, 47.681285 ], [ 2.7409668, 47.6808951 ], [ 2.7400795, 47.6805053 ] ] ] } },
{ "type": "Feature", "properties": { "Aire": "RRN C", "NomUsuel": "Le Champ a la Croix", "Nature": "R", "GVO": "APRR", "Surface": 27552.25006, "Réseau": "C", "Axe": "A5", "id_aire": "A000232" }, "geometry": { "type": "Polygon", "coordinates": [ [ [ 5.1510764, 47.9615517 ], [ 5.1478787, 47.9643966 ], [ 5.1480329, 47.9643744 ], [ 5.1485613, 47.9642877 ], [ 5.1498328, 47.9640499 ], [ 5.1507588, 47.9634163 ], [ 5.1512116, 47.9627556 ], [ 5.151107, 47.9618238 ], [ 5.1510921, 47.9616727 ], [ 5.1510764, 47.9615517 ] ] ] } },
{ "type": "Feature", "properties": { "Aire": "RRN C", "NomUsuel": "La Grande Bucaille", "Nature": "R", "GVO": "SANEF", "Surface": 14056.25767, "Réseau": "C", "Axe": "A26", "id_aire": "A000233" }, "geometry": { "type": "Polygon", "coordinates": [ [ [ 2.5384892, 50.5402535 ], [ 2.5382851, 50.540389 ], [ 2.5388932, 50.5404493 ], [ 2.5397622, 50.5406719 ], [ 2.5409834, 50.5402509 ], [ 2.5414056, 50.5394417 ], [ 2.5414987, 50.5392183 ], [ 2.5406903, 50.5395424 ], [ 2.5399339, 50.5397947 ], [ 2.5388181, 50.5402141 ], [ 2.5384892, 50.5402535 ] ] ] } },
{ "type": "Feature", "properties": { "Aire": "RRN C", "NomUsuel": "Les Trois Cretes", "Nature": "R", "GVO": "SANEF", "Surface": 13881.71284, "Réseau": "C", "Axe": "A26", "id_aire": "A000234" }, "geometry": { "type": "Polygon", "coordinates": [ [ [ 2.8154403, 50.3323935 ], [ 2.8184482, 50.3311759 ], [ 2.8183663, 50.3311439 ], [ 2.8182709, 50.3311066 ], [ 2.8170524, 50.330963 ], [ 2.815702, 50.3315072 ], [ 2.8154258, 50.3322438 ], [ 2.8154307, 50.3322949 ], [ 2.8154403, 50.3323935 ] ] ] } },
{ "type": "Feature", "properties": { "Aire": "RRN C", "NomUsuel": "La Cressonniere", "Nature": "R", "GVO": "SANEF", "Surface": 14004.32337, "Réseau": "C", "Axe": "A26", "id_aire": "A000235" }, "geometry": { "type": "Polygon", "coordinates": [ [ [ 2.8161854, 50.3328437 ], [ 2.8162381, 50.3328876 ], [ 2.8162881, 50.3329293 ], [ 2.8164549, 50.3328779 ], [ 2.8166345, 50.3328675 ], [ 2.8175436, 50.3330024 ], [ 2.8176604, 50.3329989 ], [ 2.8177809, 50.3329742 ], [ 2.8189281, 50.3325171 ], [ 2.8189984, 50.3324474 ], [ 2.8190356, 50.3323729 ], [ 2.8193309, 50.3317234 ], [ 2.8193282, 50.3316551 ], [ 2.8193256, 50.3315885 ], [ 2.8188407, 50.3317942 ], [ 2.8186932, 50.3317685 ], [ 2.8184267, 50.3318728 ], [ 2.8184016, 50.3319339 ], [ 2.8176004, 50.3322692 ], [ 2.8161854, 50.3328437 ] ] ] } },
{ "type": "Feature", "properties": { "Aire": "RRN C", "NomUsuel": "Le Plateau", "Nature": "R", "GVO": "SANEF", "Surface": 22263.55222, "Réseau": "C", "Axe": "A26", "id_aire": "A000236" }, "geometry": { "type": "Polygon", "coordinates": [ [ [ 3.1706526, 50.0923034 ], [ 3.172119, 50.0917761 ], [ 3.1725299, 50.090314 ], [ 3.1716707, 50.0892713 ], [ 3.1706526, 50.0923034 ] ] ] } },
{ "type": "Feature", "properties": { "Aire": "RRN C", "NomUsuel": "La Vacquerie", "Nature": "R", "GVO": "SANEF", "Surface": 14538.82726, "Réseau": "C", "Axe": "A26", "id_aire": "A000237" }, "geometry": { "type": "Polygon", "coordinates": [ [ [ 3.1709763, 50.0850512 ], [ 3.1720768, 50.0860931 ], [ 3.1726686, 50.0841348 ], [ 3.1712698, 50.084411 ], [ 3.1709372, 50.08491 ], [ 3.1709763, 50.0850512 ] ] ] } },
{ "type": "Feature", "properties": { "Aire": "RRN C", "NomUsuel": "Mont de Charme", "Nature": "R", "GVO": "SANEF", "Surface": 21846.58597, "Réseau": "C", "Axe": "A4", "id_aire": "A000238" }, "geometry": { "type": "Polygon", "coordinates": [ [ [ 4.5190203, 49.0267048 ], [ 4.5190762, 49.0268036 ], [ 4.5196619, 49.0269724 ], [ 4.5196648, 49.0270235 ], [ 4.5196684, 49.027074 ], [ 4.5199253, 49.0270588 ], [ 4.520068, 49.0270503 ], [ 4.5217296, 49.0272534 ], [ 4.5220743, 49.0271233 ], [ 4.5225129, 49.0272974 ], [ 4.5226705, 49.0272277 ], [ 4.5228667, 49.0270617 ], [ 4.5223867, 49.0264574 ], [ 4.5222429, 49.0264097 ], [ 4.5214829, 49.0263108 ], [ 4.5209604, 49.0262559 ], [ 4.5197785, 49.0263214 ], [ 4.5194585, 49.0264997 ], [ 4.5190203, 49.0267048 ] ] ] } },
{ "type": "Feature", "properties": { "Aire": "RRN C", "NomUsuel": "La Noblette", "Nature": "R", "GVO": "SANEF", "Surface": 29330.58473, "Réseau": "C", "Axe": "A4", "id_aire": "A000239" }, "geometry": { "type": "Polygon", "coordinates": [ [ [ 4.5221183, 49.0277015 ], [ 4.5220963, 49.0279325 ], [ 4.5220876, 49.0282658 ], [ 4.522535, 49.028659 ], [ 4.5229518, 49.0289118 ], [ 4.5246468, 49.0291155 ], [ 4.5250103, 49.0291169 ], [ 4.5253212, 49.0290743 ], [ 4.5256798, 49.0289977 ], [ 4.5258841, 49.0283079 ], [ 4.5259062, 49.0282491 ], [ 4.5221183, 49.0277015 ] ] ] } },
{ "type": "Feature", "properties": { "Aire": "RRN C", "NomUsuel": "Villy le Moutier", "Nature": "R", "GVO": "APRR", "Surface": 31018.83133, "Réseau": "C", "Axe": "A36", "id_aire": "A000240" }, "geometry": { "type": "Polygon", "coordinates": [ [ [ 5.0030286, 47.0447033 ], [ 5.0026283, 47.0447674 ], [ 5.0026264, 47.0448509 ], [ 5.0026254, 47.0448953 ], [ 5.0040284, 47.0449591 ], [ 5.0061065, 47.0450804 ], [ 5.0062343, 47.04506 ], [ 5.0066704, 47.0450871 ], [ 5.0070807, 47.0451474 ], [ 5.0088421, 47.0452683 ], [ 5.0088578, 47.0452288 ], [ 5.0089382, 47.0450039 ], [ 5.0078224, 47.0447782 ], [ 5.0073906, 47.0445419 ], [ 5.0071786, 47.0444327 ], [ 5.0070445, 47.0443825 ], [ 5.0068762, 47.0443551 ], [ 5.0056674, 47.0442352 ], [ 5.0047284, 47.044184 ], [ 5.0044481, 47.0442134 ], [ 5.0042412, 47.0442583 ], [ 5.0042309, 47.0443688 ], [ 5.004019, 47.0444437 ], [ 5.0038983, 47.0444346 ], [ 5.003657, 47.044411 ], [ 5.0030286, 47.0447033 ] ] ] } },
{ "type": "Feature", "properties": { "Aire": "RRN C", "NomUsuel": "Saint-Nicolas-de-Bourgueil", "Nature": "R", "GVO": "COFIROUTE", "Surface": 58616.38779, "Réseau": "C", "Axe": "A85", "id_aire": "A000241" }, "geometry": { "type": "Polygon", "coordinates": [ [ [ 0.1411862, 47.2605388 ], [ 0.1417216, 47.2606863 ], [ 0.1426223, 47.2610758 ], [ 0.1427125, 47.2611673 ], [ 0.1427634, 47.2615311 ], [ 0.142824, 47.261681 ], [ 0.1430707, 47.2619272 ], [ 0.1433288, 47.2620323 ], [ 0.1435565, 47.262089 ], [ 0.1437242, 47.2620867 ], [ 0.1438903, 47.2620542 ], [ 0.1444969, 47.2619097 ], [ 0.1450489, 47.2618038 ], [ 0.1454558, 47.26169 ], [ 0.1463211, 47.2614312 ], [ 0.146309, 47.2607872 ], [ 0.1464119, 47.2606497 ], [ 0.1464964, 47.2605075 ], [ 0.1466493, 47.2605093 ], [ 0.1466353, 47.2604143 ], [ 0.1465523, 47.2602028 ], [ 0.1462781, 47.2602716 ], [ 0.1457037, 47.2603461 ], [ 0.1453939, 47.2603548 ], [ 0.1453165, 47.260311 ], [ 0.14531, 47.2601884 ], [ 0.1454972, 47.2599826 ], [ 0.145936, 47.2596935 ], [ 0.1455341, 47.259765 ], [ 0.1413874, 47.260503 ], [ 0.1411862, 47.2605388 ] ] ] } },
{ "type": "Feature", "properties": { "Aire": "RRN C", "NomUsuel": "Grundviller", "Nature": "R", "GVO": "SANEF", "Surface": 18269.96399, "Réseau": "C", "Axe": "A4", "id_aire": "A000242" }, "geometry": { "type": "Polygon", "coordinates": [ [ [ 6.993656, 49.0473316 ], [ 6.9952607, 49.0471663 ], [ 6.9962423, 49.0470461 ], [ 6.9970996, 49.046907 ], [ 6.99816, 49.0467325 ], [ 6.9993925, 49.0464765 ], [ 6.9992354, 49.0464401 ], [ 6.9990645, 49.0464005 ], [ 6.9986144, 49.0464679 ], [ 6.9983074, 49.0464494 ], [ 6.9979424, 49.0463342 ], [ 6.9976935, 49.0463132 ], [ 6.9953236, 49.0466245 ], [ 6.9947831, 49.0467278 ], [ 6.9945689, 49.0467888 ], [ 6.9943739, 49.0468956 ], [ 6.9940447, 49.0471038 ], [ 6.9937252, 49.0472137 ], [ 6.9936879, 49.0472771 ], [ 6.993656, 49.0473316 ] ] ] } },
{ "type": "Feature", "properties": { "Aire": "RRN C", "NomUsuel": "Petit Hambach", "Nature": "R", "GVO": "SANEF", "Surface": 19754.15018, "Réseau": "C", "Axe": "A4", "id_aire": "A000243" }, "geometry": { "type": "Polygon", "coordinates": [ [ [ 6.9954165, 49.0473972 ], [ 6.9955252, 49.0474533 ], [ 6.9956133, 49.0474987 ], [ 6.9961831, 49.0475347 ], [ 6.9968493, 49.047762 ], [ 6.9971438, 49.0477469 ], [ 6.9996862, 49.0472999 ], [ 6.9999363, 49.0471759 ], [ 7.0002605, 49.0468011 ], [ 7.0007835, 49.0464978 ], [ 7.000791, 49.0464039 ], [ 7.0007968, 49.0463326 ], [ 6.9996676, 49.0466574 ], [ 6.9984101, 49.0469612 ], [ 6.9968133, 49.0472444 ], [ 6.9954165, 49.0473972 ] ] ] } },
{ "type": "Feature", "properties": { "Aire": "RRN C", "NomUsuel": "La Fontaine d'Olive Sud", "Nature": "R", "GVO": "SANEF", "Surface": 36581.94884, "Réseau": "C", "Axe": "A4", "id_aire": "A000244" }, "geometry": { "type": "Polygon", "coordinates": [ [ [ 4.9572033, 49.0826333 ], [ 4.9566828, 49.0826434 ], [ 4.9565937, 49.0826743 ], [ 4.9607045, 49.0837117 ], [ 4.9606758, 49.0836257 ], [ 4.9608448, 49.0834692 ], [ 4.9614269, 49.0834867 ], [ 4.9612157, 49.0828872 ], [ 4.9609803, 49.0822959 ], [ 4.9589721, 49.0817718 ], [ 4.9590525, 49.0819773 ], [ 4.9588452, 49.0820855 ], [ 4.9585897, 49.0821268 ], [ 4.9582438, 49.0821828 ], [ 4.958128, 49.0822693 ], [ 4.9581038, 49.0823558 ], [ 4.958005, 49.0824191 ], [ 4.9577693, 49.08257 ], [ 4.9572033, 49.0826333 ] ] ] } },
{ "type": "Feature", "properties": { "Aire": "RRN C", "NomUsuel": "La Fontaine d'Olive Nord", "Nature": "R", "GVO": "SANEF", "Surface": 48195.97792, "Réseau": "C", "Axe": "A4", "id_aire": "A000245" }, "geometry": { "type": "Polygon", "coordinates": [ [ [ 4.9565402, 49.0828964 ], [ 4.95649, 49.08294 ], [ 4.9563591, 49.0830536 ], [ 4.955888, 49.0834625 ], [ 4.9559015, 49.0838919 ], [ 4.9560502, 49.0842416 ], [ 4.9562732, 49.0844807 ], [ 4.9566652, 49.0846356 ], [ 4.95726, 49.0847108 ], [ 4.9588363, 49.0850507 ], [ 4.9590611, 49.0850625 ], [ 4.9602976, 49.0840717 ], [ 4.9603208, 49.0839621 ], [ 4.9603506, 49.083861 ], [ 4.9565402, 49.0828964 ] ] ] } },
{ "type": "Feature", "properties": { "Aire": "RRN C", "NomUsuel": "La Vallee du Loing", "Nature": "R", "GVO": "ARCOUR", "Surface": 21803.72216, "Réseau": "C", "Axe": "A19", "id_aire": "A000246" }, "geometry": { "type": "Polygon", "coordinates": [ [ [ 2.7310202, 48.0576199 ], [ 2.7314869, 48.0579461 ], [ 2.7320609, 48.0584589 ], [ 2.7323935, 48.0586489 ], [ 2.7340726, 48.0589501 ], [ 2.7344803, 48.0589142 ], [ 2.7349631, 48.0587457 ], [ 2.735875, 48.058484 ], [ 2.7357243, 48.0584572 ], [ 2.7312414, 48.0576593 ], [ 2.7310202, 48.0576199 ] ] ] } },
{ "type": "Feature", "properties": { "Aire": "RRN C", "NomUsuel": "Philippe Rossi", "Nature": "R", "GVO": "ARCOUR", "Surface": 22147.84299, "Réseau": "C", "Axe": "A19", "id_aire": "A000247" }, "geometry": { "type": "Polygon", "coordinates": [ [ [ 2.9468938, 48.0398782 ], [ 2.9470699, 48.0398199 ], [ 2.9482975, 48.0394139 ], [ 2.9497598, 48.0388514 ], [ 2.9510256, 48.0382765 ], [ 2.9513151, 48.038145 ], [ 2.9509385, 48.0381941 ], [ 2.9504886, 48.0381974 ], [ 2.9500191, 48.0381254 ], [ 2.9497158, 48.0380666 ], [ 2.949393, 48.0380764 ], [ 2.9492218, 48.0381287 ], [ 2.9489871, 48.0382432 ], [ 2.9486496, 48.0384001 ], [ 2.9481508, 48.0386029 ], [ 2.9477399, 48.0387304 ], [ 2.9476274, 48.0388089 ], [ 2.9473829, 48.0391228 ], [ 2.9472411, 48.0394825 ], [ 2.9471237, 48.0396493 ], [ 2.9468938, 48.0398782 ] ] ] } },
{ "type": "Feature", "properties": { "Aire": "RRN C", "NomUsuel": "Launay", "Nature": "R", "GVO": "COFIROUTE", "Surface": 22624.89457, "Réseau": "C", "Axe": "A11", "id_aire": "A000248" }, "geometry": { "type": "Polygon", "coordinates": [ [ [ -1.3828719, 47.3385264 ], [ -1.3803172, 47.3393785 ], [ -1.3802433, 47.3393375 ], [ -1.3801293, 47.3392748 ], [ -1.3800849, 47.338976 ], [ -1.3799435, 47.3386489 ], [ -1.3798963, 47.3383348 ], [ -1.3800088, 47.3381459 ], [ -1.3801653, 47.3379802 ], [ -1.3803903, 47.337884 ], [ -1.3806642, 47.3377979 ], [ -1.380938, 47.3377813 ], [ -1.3812909, 47.3378847 ], [ -1.3816813, 47.3380371 ], [ -1.3820699, 47.3382283 ], [ -1.3823883, 47.3383378 ], [ -1.3828103, 47.3384231 ], [ -1.3828424, 47.3384792 ], [ -1.3828719, 47.3385264 ] ] ] } },
{ "type": "Feature", "properties": { "Aire": "RRN C", "NomUsuel": "Le Cellier", "Nature": "R", "GVO": "COFIROUTE", "Surface": 28334.262, "Réseau": "C", "Axe": "A11", "id_aire": "A000249" }, "geometry": { "type": "Polygon", "coordinates": [ [ [ -1.3848179, 47.3387258 ], [ -1.3844497, 47.339107 ], [ -1.3841367, 47.3395644 ], [ -1.3837943, 47.3398925 ], [ -1.3837148, 47.3399401 ], [ -1.3834666, 47.3400947 ], [ -1.3831683, 47.3401975 ], [ -1.3827379, 47.3402538 ], [ -1.3823906, 47.3402339 ], [ -1.3820238, 47.3401477 ], [ -1.3815005, 47.3399754 ], [ -1.3808989, 47.3398793 ], [ -1.3808505, 47.3398158 ], [ -1.3808326, 47.3397881 ], [ -1.3807744, 47.3397079 ], [ -1.3828477, 47.3390535 ], [ -1.3829416, 47.3390517 ], [ -1.3835478, 47.3388627 ], [ -1.3838697, 47.3387227 ], [ -1.3846927, 47.3384677 ], [ -1.3853046, 47.338272 ], [ -1.3849968, 47.3385564 ], [ -1.3849003, 47.338649 ], [ -1.3848179, 47.3387258 ] ] ] } },
{ "type": "Feature", "properties": { "Aire": "RRN C", "NomUsuel": "St Girod", "Nature": "R", "GVO": "AREA", "Surface": 8329.90778, "Réseau": "C", "Axe": "A41", "id_aire": "A000250" }, "geometry": { "type": "Polygon", "coordinates": [ [ [ 5.9645676, 45.7839292 ], [ 5.9657609, 45.7860404 ], [ 5.9658196, 45.7856891 ], [ 5.9657903, 45.7854742 ], [ 5.9656387, 45.7847171 ], [ 5.9655017, 45.7844101 ], [ 5.9653892, 45.7842328 ], [ 5.9651496, 45.7839974 ], [ 5.9650228, 45.7839442 ], [ 5.9645676, 45.7839292 ] ] ] } },
{ "type": "Feature", "properties": { "Aire": "RRN C", "NomUsuel": "Le Liquidambar", "Nature": "R", "GVO": "APRR", "Surface": 23948.97313, "Réseau": "C", "Axe": "A77", "id_aire": "A000251" }, "geometry": { "type": "Polygon", "coordinates": [ [ [ 2.6731744, 47.9747887 ], [ 2.6739382, 47.9766211 ], [ 2.6743707, 47.9782137 ], [ 2.6746165, 47.9777104 ], [ 2.6747327, 47.9776089 ], [ 2.6750534, 47.9774084 ], [ 2.675175, 47.9773134 ], [ 2.6752156, 47.9771914 ], [ 2.6752021, 47.9769378 ], [ 2.6750398, 47.9762501 ], [ 2.6748236, 47.9758293 ], [ 2.6746681, 47.9756755 ], [ 2.6742829, 47.9754266 ], [ 2.6734515, 47.9748746 ], [ 2.6731744, 47.9747887 ] ] ] } },
{ "type": "Feature", "properties": { "Aire": "RRN C", "NomUsuel": "La Michaille", "Nature": "R", "GVO": "APRR", "Surface": 9593.30335, "Réseau": "C", "Axe": "A40", "id_aire": "A000252" }, "geometry": { "type": "Polygon", "coordinates": [ [ [ 5.7868416, 46.1538349 ], [ 5.7892274, 46.1520183 ], [ 5.7888692, 46.1520745 ], [ 5.788146, 46.1522899 ], [ 5.786801, 46.1532309 ], [ 5.7867808, 46.1536898 ], [ 5.7868416, 46.1538349 ] ] ] } },
{ "type": "Feature", "properties": { "Aire": "RRN C", "NomUsuel": "La Semine", "Nature": "R", "GVO": "APRR", "Surface": 9331.07728, "Réseau": "C", "Axe": "A40", "id_aire": "A000253" }, "geometry": { "type": "Polygon", "coordinates": [ [ [ 5.7862063, 46.154776 ], [ 5.7874026, 46.1547526 ], [ 5.7881122, 46.1542423 ], [ 5.7881122, 46.1534135 ], [ 5.7862063, 46.154776 ] ] ] } },
{ "type": "Feature", "properties": { "Aire": "RRN C", "NomUsuel": "Les Bonnettes", "Nature": "R", "GVO": "SANEF", "Surface": 28222.77817, "Réseau": "C", "Axe": "A26", "id_aire": "A000254" }, "geometry": { "type": "Polygon", "coordinates": [ [ [ 2.9563403, 50.2854375 ], [ 2.9564859, 50.2854686 ], [ 2.9568668, 50.2855498 ], [ 2.9571376, 50.2855856 ], [ 2.9573425, 50.2855645 ], [ 2.9588468, 50.284965 ], [ 2.9589438, 50.2849741 ], [ 2.9591331, 50.2850732 ], [ 2.9594986, 50.2851982 ], [ 2.9596644, 50.2852059 ], [ 2.9600143, 50.2850724 ], [ 2.9603599, 50.2848814 ], [ 2.9604791, 50.2847835 ], [ 2.9605094, 50.2846666 ], [ 2.960416, 50.2844577 ], [ 2.9601825, 50.2842428 ], [ 2.9590933, 50.283727 ], [ 2.959037, 50.2837003 ], [ 2.9563403, 50.2854375 ] ] ] } },
{ "type": "Feature", "properties": { "Aire": "RRN C", "NomUsuel": "Le Bois d'Huez", "Nature": "R", "GVO": "SANEF", "Surface": 27704.79425, "Réseau": "C", "Axe": "A26", "id_aire": "A000255" }, "geometry": { "type": "Polygon", "coordinates": [ [ [ 2.962918, 50.2802864 ], [ 2.9630819, 50.2803638 ], [ 2.9644552, 50.2793474 ], [ 2.9641695, 50.2792344 ], [ 2.9639858, 50.2792445 ], [ 2.9638126, 50.2791741 ], [ 2.9625267, 50.2786509 ], [ 2.9617695, 50.2783946 ], [ 2.961508, 50.2784961 ], [ 2.9612278, 50.2787706 ], [ 2.9611251, 50.2790094 ], [ 2.9611718, 50.2791884 ], [ 2.9616014, 50.2796779 ], [ 2.9622552, 50.2800539 ], [ 2.962489, 50.280136 ], [ 2.962918, 50.2802864 ] ] ] } },
{ "type": "Feature", "properties": { "Aire": "RRN C", "NomUsuel": "la Tille", "Nature": "R", "GVO": "APRR", "Surface": 51529.67465, "Réseau": "C", "Axe": "A31", "id_aire": "A000256" }, "geometry": { "type": "Polygon", "coordinates": [ [ [ 5.1713549, 47.3173731 ], [ 5.1713095, 47.3173931 ], [ 5.1705506, 47.317593 ], [ 5.1697868, 47.3180512 ], [ 5.169548, 47.318283 ], [ 5.1692461, 47.318963 ], [ 5.1690298, 47.3203788 ], [ 5.1688879, 47.3209424 ], [ 5.1693272, 47.3213547 ], [ 5.1699658, 47.3214402 ], [ 5.1703889, 47.3214969 ], [ 5.1704559, 47.3215059 ], [ 5.1713549, 47.3173731 ] ] ] } },
{ "type": "Feature", "properties": { "Aire": "RRN C", "NomUsuel": "Pre d'Azur", "Nature": "R", "GVO": "APRR", "Surface": 53506.41943, "Réseau": "C", "Axe": "A31", "id_aire": "A000257" }, "geometry": { "type": "Polygon", "coordinates": [ [ [ 5.1706587, 47.3224955 ], [ 5.1707136, 47.3225071 ], [ 5.1711791, 47.3225917 ], [ 5.1725512, 47.3216067 ], [ 5.1729634, 47.3193754 ], [ 5.1729364, 47.3192059 ], [ 5.1721929, 47.3180237 ], [ 5.1717795, 47.3179586 ], [ 5.1716387, 47.3179321 ], [ 5.1706587, 47.3224955 ] ] ] } },
{ "type": "Feature", "properties": { "Aire": "RRN C", "NomUsuel": "Sainte Gertrude", "Nature": "R", "GVO": "APRR", "Surface": 37625.82425, "Réseau": "C", "Axe": "A31", "id_aire": "A000258" }, "geometry": { "type": "Polygon", "coordinates": [ [ [ 5.2091655, 47.5882032 ], [ 5.2100311, 47.5846951 ], [ 5.2094878, 47.584898 ], [ 5.2092523, 47.584986 ], [ 5.2090394, 47.5850655 ], [ 5.2082735, 47.5850781 ], [ 5.208012, 47.5873396 ], [ 5.2079822, 47.587894 ], [ 5.208456, 47.587822 ], [ 5.2088769, 47.5882833 ], [ 5.2091655, 47.5882032 ] ] ] } },
{ "type": "Feature", "properties": { "Aire": "RRN C", "NomUsuel": "Grand Repenti", "Nature": "R", "GVO": "APRR", "Surface": 19496.70011, "Réseau": "C", "Axe": "A31", "id_aire": "A000259" }, "geometry": { "type": "Polygon", "coordinates": [ [ [ 5.6874069, 48.146368 ], [ 5.6866161, 48.1472203 ], [ 5.6865417, 48.1473962 ], [ 5.6866364, 48.1475901 ], [ 5.6871095, 48.1481763 ], [ 5.6871906, 48.1482394 ], [ 5.6873325, 48.148253 ], [ 5.6888735, 48.1482981 ], [ 5.6874069, 48.146368 ] ] ] } },
{ "type": "Feature", "properties": { "Aire": "RRN C", "NomUsuel": "Le Vernay", "Nature": "R", "GVO": "AREA", "Surface": 12570.21998, "Réseau": "C", "Axe": "A43", "id_aire": "A000260" }, "geometry": { "type": "Polygon", "coordinates": [ [ [ 5.3246039, 45.5716394 ], [ 5.3274899, 45.5715935 ], [ 5.3279309, 45.5715797 ], [ 5.3279319, 45.5714265 ], [ 5.3278162, 45.5714142 ], [ 5.3270618, 45.5712057 ], [ 5.3268228, 45.5711261 ], [ 5.3264718, 45.5710231 ], [ 5.3257052, 45.5712002 ], [ 5.324297, 45.5712554 ], [ 5.3243646, 45.5715175 ], [ 5.3244317, 45.5715213 ], [ 5.3244352, 45.5715456 ], [ 5.3244397, 45.5715776 ], [ 5.3246039, 45.5716394 ] ] ] } },
{ "type": "Feature", "properties": { "Aire": "RRN C", "NomUsuel": "l'Omble", "Nature": "R", "GVO": "AREA", "Surface": 4435.87856, "Réseau": "C", "Axe": "A43", "id_aire": "A000261" }, "geometry": { "type": "Polygon", "coordinates": [ [ [ 5.7913759, 45.5719839 ], [ 5.7911046, 45.5720634 ], [ 5.791015, 45.5721046 ], [ 5.7908613, 45.5722803 ], [ 5.7907947, 45.5726173 ], [ 5.7908306, 45.572802 ], [ 5.7909253, 45.5730315 ], [ 5.7910713, 45.5732305 ], [ 5.7912634, 45.5733757 ], [ 5.791289, 45.5727123 ], [ 5.7913759, 45.5719839 ] ] ] } },
{ "type": "Feature", "properties": { "Aire": "RRN C", "NomUsuel": "ASF_A_342 - Aire des Chaninats", "Nature": "R", "GVO": "ASF", "Surface": 21452.33292, "Réseau": "C", "Axe": "A72", "id_aire": "A000262" }, "geometry": { "type": "Polygon", "coordinates": [ [ [ 4.2097564, 45.6021209 ], [ 4.2091888, 45.6045116 ], [ 4.2111012, 45.6035926 ], [ 4.211223, 45.6034591 ], [ 4.2112366, 45.6032747 ], [ 4.2111419, 45.6031328 ], [ 4.2107489, 45.6027378 ], [ 4.2097564, 45.6021209 ] ] ] } },
{ "type": "Feature", "properties": { "Aire": "RRN C", "NomUsuel": "Saint Brice", "Nature": "R", "GVO": "SANEF", "Surface": 25180.57206, "Réseau": "C", "Axe": "A26", "id_aire": "A000263" }, "geometry": { "type": "Polygon", "coordinates": [ [ [ 3.5315203, 49.6645105 ], [ 3.5317767, 49.6644164 ], [ 3.5330507, 49.6639488 ], [ 3.5348839, 49.6633094 ], [ 3.5368064, 49.6627281 ], [ 3.5368882, 49.6627034 ], [ 3.5370027, 49.6625618 ], [ 3.5370521, 49.6625009 ], [ 3.5370915, 49.6624521 ], [ 3.5365989, 49.6623856 ], [ 3.5361338, 49.6623793 ], [ 3.5361308, 49.66238 ], [ 3.5354488, 49.6625402 ], [ 3.535059, 49.6626917 ], [ 3.5348293, 49.6628894 ], [ 3.5345214, 49.6629706 ], [ 3.534322, 49.6630592 ], [ 3.5342052, 49.6630666 ], [ 3.5336055, 49.6629626 ], [ 3.5333481, 49.6630208 ], [ 3.5320197, 49.6636244 ], [ 3.5319851, 49.6637074 ], [ 3.5318258, 49.6640883 ], [ 3.5318035, 49.6641417 ], [ 3.5316645, 49.6642927 ], [ 3.5313917, 49.6644468 ], [ 3.5314653, 49.6644833 ], [ 3.5315203, 49.6645105 ] ] ] } },
{ "type": "Feature", "properties": { "Aire": "RRN C", "NomUsuel": "Le Broyon", "Nature": "R", "GVO": "SANEF", "Surface": 15720.67324, "Réseau": "C", "Axe": "A26", "id_aire": "A000264" }, "geometry": { "type": "Polygon", "coordinates": [ [ [ 3.532525, 49.6643892 ], [ 3.532659, 49.664417 ], [ 3.5334993, 49.6645911 ], [ 3.533712, 49.6646491 ], [ 3.5338162, 49.6646775 ], [ 3.5347163, 49.6643752 ], [ 3.535436, 49.6642019 ], [ 3.5355098, 49.6640531 ], [ 3.5355561, 49.6639597 ], [ 3.5357893, 49.6635477 ], [ 3.5359879, 49.6633939 ], [ 3.5359894, 49.6632548 ], [ 3.53599, 49.6632006 ], [ 3.5356957, 49.6632975 ], [ 3.5342415, 49.6637765 ], [ 3.5332908, 49.6641158 ], [ 3.532525, 49.6643892 ] ] ] } },
{ "type": "Feature", "properties": { "Aire": "RRN C", "NomUsuel": "L'Omignon", "Nature": "R", "GVO": "SANEF", "Surface": 25830.06454, "Réseau": "C", "Axe": "A26", "id_aire": "A000265" }, "geometry": { "type": "Polygon", "coordinates": [ [ [ 3.2404338, 49.910906 ], [ 3.2439453, 49.908162 ], [ 3.2437571, 49.9080813 ], [ 3.2436866, 49.9080511 ], [ 3.2434127, 49.9082206 ], [ 3.2429785, 49.9083474 ], [ 3.2429248, 49.9085167 ], [ 3.2427987, 49.9086013 ], [ 3.2426606, 49.9085547 ], [ 3.2426807, 49.9084795 ], [ 3.2429141, 49.9083275 ], [ 3.2426861, 49.9083716 ], [ 3.242269, 49.9083474 ], [ 3.2421899, 49.9084571 ], [ 3.2422395, 49.9085046 ], [ 3.2421094, 49.9085521 ], [ 3.241923, 49.9085098 ], [ 3.2419002, 49.9086289 ], [ 3.2417111, 49.9086963 ], [ 3.2416709, 49.908781 ], [ 3.2414952, 49.9088466 ], [ 3.2405618, 49.9095937 ], [ 3.2405162, 49.9096973 ], [ 3.2405765, 49.9099892 ], [ 3.2404545, 49.910054 ], [ 3.2403673, 49.9099936 ], [ 3.2402346, 49.9103554 ], [ 3.2401487, 49.9105402 ], [ 3.2400035, 49.9108302 ], [ 3.2402431, 49.9108724 ], [ 3.2404338, 49.910906 ] ] ] } },
{ "type": "Feature", "properties": { "Aire": "RRN C", "NomUsuel": "Aire de la haute Bruyère", "Nature": "R", "GVO": "SANEF", "Surface": 48160.13948, "Réseau": "C", "Axe": "A26", "id_aire": "A000266" }, "geometry": { "type": "Polygon", "coordinates": [ [ [ 3.2292634, 49.9226791 ], [ 3.2295567, 49.9227221 ], [ 3.2299095, 49.9227791 ], [ 3.2300249, 49.9226847 ], [ 3.2302089, 49.9226425 ], [ 3.2303969, 49.9226291 ], [ 3.2313367, 49.922735 ], [ 3.2321584, 49.9229873 ], [ 3.2326412, 49.9231513 ], [ 3.2328075, 49.9228975 ], [ 3.2336293, 49.9217691 ], [ 3.2337564, 49.9216553 ], [ 3.2335693, 49.9215764 ], [ 3.2320764, 49.9210178 ], [ 3.2317185, 49.9208839 ], [ 3.2317078, 49.9207458 ], [ 3.2313799, 49.9206689 ], [ 3.2311124, 49.9206042 ], [ 3.2292634, 49.9226791 ] ] ] } },
{ "type": "Feature", "properties": { "Aire": "RRN C", "NomUsuel": "Crocs de la Terre", "Nature": "R", "GVO": "APRR", "Surface": 61120.0315, "Réseau": "C", "Axe": "A26", "id_aire": "A000267" }, "geometry": { "type": "Polygon", "coordinates": [ [ [ 4.1672938, 48.3286893 ], [ 4.1674432, 48.3314339 ], [ 4.1674712, 48.3330421 ], [ 4.1677047, 48.3333588 ], [ 4.1695727, 48.3313532 ], [ 4.1695821, 48.3293972 ], [ 4.1672938, 48.3286893 ] ] ] } },
{ "type": "Feature", "properties": { "Aire": "RRN C", "NomUsuel": "Aire de Villechétif", "Nature": "R", "GVO": "APRR", "Surface": 54642.11858, "Réseau": "C", "Axe": "A26", "id_aire": "A000268" }, "geometry": { "type": "Polygon", "coordinates": [ [ [ 4.1647462, 48.3341228 ], [ 4.1664311, 48.3345659 ], [ 4.1668548, 48.3345261 ], [ 4.1669325, 48.3310426 ], [ 4.1661971, 48.331152 ], [ 4.1646448, 48.3318507 ], [ 4.1647462, 48.3341228 ] ] ] } },
{ "type": "Feature", "properties": { "Aire": "RRN C", "NomUsuel": "Aire de Saint-Julien-Mont-Denis", "Nature": "S", "GVO": "SFTRF", "Surface": 77818.82214, "Réseau": "C", "Axe": "A43", "id_aire": "A000269" }, "geometry": { "type": "Polygon", "coordinates": [ [ [ 6.4189172, 45.2462838 ], [ 6.4184222, 45.2466718 ], [ 6.4182915, 45.2470072 ], [ 6.4183568, 45.2472505 ], [ 6.4186464, 45.2474083 ], [ 6.4198979, 45.2474609 ], [ 6.4207572, 45.2473951 ], [ 6.4215511, 45.2471979 ], [ 6.4239141, 45.2465469 ], [ 6.4266694, 45.2458498 ], [ 6.4289577, 45.2451264 ], [ 6.4279303, 45.2452317 ], [ 6.4268095, 45.2453829 ], [ 6.4250256, 45.2455605 ], [ 6.4226906, 45.2457709 ], [ 6.4215138, 45.2458893 ], [ 6.4189172, 45.2462838 ] ] ] } },
{ "type": "Feature", "properties": { "Aire": "RRN C", "NomUsuel": "ASF_A_341 - Aire des Bruyères", "Nature": "R", "GVO": "ASF", "Surface": 27014.01753, "Réseau": "C", "Axe": "A89", "id_aire": "A000270" }, "geometry": { "type": "Polygon", "coordinates": [ [ [ 4.0910644, 45.840901 ], [ 4.0931123, 45.8391965 ], [ 4.0930007, 45.8392107 ], [ 4.092727, 45.8392436 ], [ 4.092308, 45.8393001 ], [ 4.0921029, 45.8392176 ], [ 4.0917725, 45.8390491 ], [ 4.0913678, 45.8389425 ], [ 4.0912156, 45.8389024 ], [ 4.0902818, 45.8388534 ], [ 4.0896248, 45.8394343 ], [ 4.0909857, 45.8402156 ], [ 4.0910238, 45.8405196 ], [ 4.0910573, 45.8408087 ], [ 4.0910644, 45.840901 ] ] ] } },
{ "type": "Feature", "properties": { "Aire": "RRN C", "NomUsuel": "ASF_A_341 - Aire des Ardilliers", "Nature": "R", "GVO": "ASF", "Surface": 28882.47668, "Réseau": "C", "Axe": "A89", "id_aire": "A000271" }, "geometry": { "type": "Polygon", "coordinates": [ [ [ 4.0912671, 45.84116 ], [ 4.0914459, 45.8411458 ], [ 4.0920849, 45.8410988 ], [ 4.0919693, 45.8413096 ], [ 4.0927784, 45.8413686 ], [ 4.0934204, 45.8418417 ], [ 4.0941602, 45.84125 ], [ 4.0944745, 45.8410077 ], [ 4.0938397, 45.840354 ], [ 4.0933744, 45.8398178 ], [ 4.0933894, 45.8397427 ], [ 4.0933149, 45.8395364 ], [ 4.0932812, 45.8394555 ], [ 4.0912671, 45.84116 ] ] ] } },
{ "type": "Feature", "properties": { "Aire": "RRN C", "NomUsuel": "Les Croiselles", "Nature": "R", "GVO": "COFIROUTE", "Surface": 21381.99385, "Réseau": "C", "Axe": "A28", "id_aire": "A000272" }, "geometry": { "type": "Polygon", "coordinates": [ [ [ 0.3042702, 47.8812328 ], [ 0.3046762, 47.8838863 ], [ 0.3051178, 47.8837939 ], [ 0.3058852, 47.8829343 ], [ 0.3058063, 47.882306 ], [ 0.3044701, 47.8811391 ], [ 0.3042702, 47.8812328 ] ] ] } },
{ "type": "Feature", "properties": { "Aire": "RRN C", "NomUsuel": "Les Perrieres", "Nature": "R", "GVO": "COFIROUTE", "Surface": 20107.20715, "Réseau": "C", "Axe": "A28", "id_aire": "A000273" }, "geometry": { "type": "Polygon", "coordinates": [ [ [ 0.30385, 47.8812531 ], [ 0.3035467, 47.8814171 ], [ 0.3024971, 47.8825004 ], [ 0.3031438, 47.8831224 ], [ 0.3039448, 47.8839188 ], [ 0.3043097, 47.8839329 ], [ 0.30385, 47.8812531 ] ] ] } },
{ "type": "Feature", "properties": { "Aire": "RRN C", "NomUsuel": "L'Esperance", "Nature": "R", "GVO": "SANEF", "Surface": 21179.35652, "Réseau": "C", "Axe": "A4", "id_aire": "A000274" }, "geometry": { "type": "Polygon", "coordinates": [ [ [ 4.1625339, 49.1761422 ], [ 4.1639314, 49.1753611 ], [ 4.1656526, 49.1744724 ], [ 4.1656148, 49.1744352 ], [ 4.1654812, 49.1743435 ], [ 4.1639974, 49.1744804 ], [ 4.1638261, 49.1745228 ], [ 4.1618659, 49.17559 ], [ 4.1617484, 49.1757167 ], [ 4.1617297, 49.1759136 ], [ 4.1619469, 49.1760658 ], [ 4.162407, 49.1760714 ], [ 4.1624677, 49.1761053 ], [ 4.1625339, 49.1761422 ] ] ] } },
{ "type": "Feature", "properties": { "Aire": "RRN C", "NomUsuel": "La Vesle", "Nature": "R", "GVO": "SANEF", "Surface": 15547.79025, "Réseau": "C", "Axe": "A4", "id_aire": "A000275" }, "geometry": { "type": "Polygon", "coordinates": [ [ [ 4.1637003, 49.1757986 ], [ 4.1637584, 49.1758287 ], [ 4.1638007, 49.1758599 ], [ 4.1640803, 49.1757981 ], [ 4.1645868, 49.1759829 ], [ 4.1651276, 49.1758397 ], [ 4.1665544, 49.1750854 ], [ 4.1666622, 49.1749306 ], [ 4.1669272, 49.1745041 ], [ 4.1668324, 49.1742522 ], [ 4.1667916, 49.1742127 ], [ 4.1637003, 49.1757986 ] ] ] } },
{ "type": "Feature", "properties": { "Aire": "RRN C", "NomUsuel": "SANARY-SUD", "Nature": "R", "GVO": "ESCOTA", "Surface": 12381.65469, "Réseau": "C", "Axe": "A50", "id_aire": "A000276" }, "geometry": { "type": "Polygon", "coordinates": [ [ [ 5.7910007, 43.141259 ], [ 5.7907256, 43.1413169 ], [ 5.7904011, 43.1414323 ], [ 5.7902368, 43.1416345 ], [ 5.7893103, 43.1424046 ], [ 5.7893382, 43.1424265 ], [ 5.7893866, 43.1424631 ], [ 5.7899746, 43.1421984 ], [ 5.7904697, 43.1419965 ], [ 5.7910545, 43.1417834 ], [ 5.7916974, 43.141572 ], [ 5.7924622, 43.141346 ], [ 5.7936692, 43.1410047 ], [ 5.7936571, 43.1409806 ], [ 5.7936466, 43.1409597 ], [ 5.7936283, 43.1409175 ], [ 5.7932099, 43.1409904 ], [ 5.7923066, 43.1411747 ], [ 5.7921073, 43.1412122 ], [ 5.792024, 43.141221 ], [ 5.7918639, 43.1412258 ], [ 5.7915771, 43.1412285 ], [ 5.791419, 43.1412345 ], [ 5.7910007, 43.141259 ] ] ] } },
{ "type": "Feature", "properties": { "Aire": "RRN C", "NomUsuel": "SANARY-NORD", "Nature": "R", "GVO": "ESCOTA", "Surface": 12048.00321, "Réseau": "C", "Axe": "A50", "id_aire": "A000277" }, "geometry": { "type": "Polygon", "coordinates": [ [ [ 5.7858622, 43.144722 ], [ 5.7858707, 43.1447481 ], [ 5.7858912, 43.1447667 ], [ 5.7859092, 43.1447925 ], [ 5.7870215, 43.1445363 ], [ 5.7873273, 43.1444922 ], [ 5.7874996, 43.144414 ], [ 5.7881668, 43.1440587 ], [ 5.7882933, 43.1439448 ], [ 5.7891405, 43.1431106 ], [ 5.7890654, 43.1430244 ], [ 5.7890424, 43.1429967 ], [ 5.7890307, 43.1429825 ], [ 5.7883902, 43.1433312 ], [ 5.7874954, 43.1438257 ], [ 5.7869064, 43.1441605 ], [ 5.7858622, 43.144722 ] ] ] } },
{ "type": "Feature", "properties": { "Aire": "RRN C", "NomUsuel": "La Terrasse", "Nature": "R", "GVO": "AREA", "Surface": 15000.94704, "Réseau": "C", "Axe": "A41", "id_aire": "A000278" }, "geometry": { "type": "Polygon", "coordinates": [ [ [ 5.9547716, 45.3274714 ], [ 5.9548369, 45.3277677 ], [ 5.954755, 45.3280465 ], [ 5.9542707, 45.3282451 ], [ 5.9545134, 45.3285361 ], [ 5.9549619, 45.328974 ], [ 5.9553863, 45.3293075 ], [ 5.9560266, 45.3294473 ], [ 5.9563928, 45.3294458 ], [ 5.9564949, 45.329294 ], [ 5.9547716, 45.3274714 ] ] ] } },
{ "type": "Feature", "properties": { "Aire": "RRN C", "NomUsuel": "Le Lac", "Nature": "R", "GVO": "APRR", "Surface": 36605.46829, "Réseau": "C", "Axe": "A40", "id_aire": "A000279" }, "geometry": { "type": "Polygon", "coordinates": [ [ [ 5.6507746, 46.1566961 ], [ 5.6507331, 46.1568303 ], [ 5.6508189, 46.1571164 ], [ 5.6510496, 46.157187 ], [ 5.6510818, 46.1573431 ], [ 5.6509745, 46.1574843 ], [ 5.6508297, 46.1576404 ], [ 5.6507868, 46.1577741 ], [ 5.650776, 46.157854 ], [ 5.6507573, 46.1579739 ], [ 5.6506339, 46.1580166 ], [ 5.6505695, 46.1580194 ], [ 5.6505258, 46.1580268 ], [ 5.6512137, 46.1592722 ], [ 5.6515045, 46.1593645 ], [ 5.6516075, 46.1592995 ], [ 5.6517911, 46.1590948 ], [ 5.6519266, 46.158884 ], [ 5.651983, 46.1586102 ], [ 5.6519956, 46.1582369 ], [ 5.6521081, 46.1579117 ], [ 5.6521179, 46.1577728 ], [ 5.6519369, 46.157346 ], [ 5.6518587, 46.1569902 ], [ 5.651888, 46.1567429 ], [ 5.6519467, 46.1565024 ], [ 5.6519272, 46.156316 ], [ 5.6518147, 46.1561229 ], [ 5.6513598, 46.1557503 ], [ 5.6503917, 46.1549751 ], [ 5.6504094, 46.1553886 ], [ 5.6504291, 46.1558485 ], [ 5.6505411, 46.1561073 ], [ 5.6506906, 46.1562173 ], [ 5.650812, 46.1563596 ], [ 5.6507746, 46.1566961 ] ] ] } },
{ "type": "Feature", "properties": { "Aire": "RRN C", "NomUsuel": "Les Neyrolles", "Nature": "R", "GVO": "APRR", "Surface": 25553.62927, "Réseau": "C", "Axe": "A40", "id_aire": "A000280" }, "geometry": { "type": "Polygon", "coordinates": [ [ [ 5.6488418, 46.1570017 ], [ 5.6486706, 46.1569068 ], [ 5.6483625, 46.156873 ], [ 5.6479957, 46.1569678 ], [ 5.6478245, 46.1570898 ], [ 5.647712, 46.1572558 ], [ 5.6476729, 46.1575166 ], [ 5.6477552, 46.1576968 ], [ 5.6478881, 46.1578927 ], [ 5.6480935, 46.1580519 ], [ 5.6492575, 46.1590005 ], [ 5.6493407, 46.1590479 ], [ 5.6495608, 46.1590886 ], [ 5.6497026, 46.1590614 ], [ 5.6498542, 46.1589124 ], [ 5.6500009, 46.1586346 ], [ 5.6500547, 46.1584652 ], [ 5.6500498, 46.1583704 ], [ 5.6498689, 46.1580824 ], [ 5.6496488, 46.1577809 ], [ 5.6488418, 46.1570017 ] ] ] } },
{ "type": "Feature", "properties": { "Aire": "RRN C", "NomUsuel": "Val de Gris", "Nature": "R", "GVO": "APRR", "Surface": 51582.93905, "Réseau": "C", "Axe": "A31", "id_aire": "A000281" }, "geometry": { "type": "Polygon", "coordinates": [ [ [ 5.2997065, 47.9420863 ], [ 5.3008187, 47.94274 ], [ 5.3020219, 47.9434215 ], [ 5.3037857, 47.9443731 ], [ 5.3046009, 47.9447514 ], [ 5.3050153, 47.9443907 ], [ 5.3051498, 47.9441347 ], [ 5.305263, 47.9438739 ], [ 5.3054258, 47.9433191 ], [ 5.3053834, 47.9431911 ], [ 5.3050436, 47.9430394 ], [ 5.3048171, 47.942992 ], [ 5.304626, 47.9429872 ], [ 5.3043782, 47.9429825 ], [ 5.3040668, 47.9429777 ], [ 5.3036987, 47.9429066 ], [ 5.3031466, 47.9427502 ], [ 5.3027077, 47.9426838 ], [ 5.3025379, 47.9426411 ], [ 5.3022264, 47.9424372 ], [ 5.3019008, 47.9422807 ], [ 5.3017592, 47.942148 ], [ 5.3016531, 47.9420863 ], [ 5.3014478, 47.9420294 ], [ 5.3011363, 47.941982 ], [ 5.3004136, 47.9418285 ], [ 5.2998902, 47.9419266 ], [ 5.2997065, 47.9420863 ] ] ] } },
{ "type": "Feature", "properties": { "Aire": "RRN C", "NomUsuel": "la Cote Robert", "Nature": "R", "GVO": "APRR", "Surface": 73743.46737, "Réseau": "C", "Axe": "A31", "id_aire": "A000282" }, "geometry": { "type": "Polygon", "coordinates": [ [ [ 5.3001466, 47.94267 ], [ 5.2990459, 47.9420126 ], [ 5.2984974, 47.9422182 ], [ 5.2982302, 47.9424261 ], [ 5.2978012, 47.9424363 ], [ 5.2975434, 47.9424833 ], [ 5.2977249, 47.9431382 ], [ 5.2979829, 47.943514 ], [ 5.2988007, 47.9441212 ], [ 5.2993747, 47.9439999 ], [ 5.2999683, 47.9438441 ], [ 5.300577, 47.943678 ], [ 5.3019391, 47.9452154 ], [ 5.3026154, 47.9457929 ], [ 5.3035686, 47.9456022 ], [ 5.3047911, 47.9451136 ], [ 5.3048649, 47.9450786 ], [ 5.3031165, 47.9443141 ], [ 5.3017764, 47.9436261 ], [ 5.3001466, 47.94267 ] ] ] } },
{ "type": "Feature", "properties": { "Aire": "RRN C", "NomUsuel": "Mondeville", "Nature": "R", "GVO": "APRR", "Surface": 56447.78082, "Réseau": "C", "Axe": "A5", "id_aire": "A000283" }, "geometry": { "type": "Polygon", "coordinates": [ [ [ 4.6475306, 48.1354932 ], [ 4.650964, 48.1343671 ], [ 4.6537933, 48.1334806 ], [ 4.6537792, 48.133456 ], [ 4.6537157, 48.1333451 ], [ 4.6529505, 48.1334517 ], [ 4.6507082, 48.1326657 ], [ 4.6486256, 48.133274 ], [ 4.6483595, 48.1338513 ], [ 4.6483129, 48.1341089 ], [ 4.6485125, 48.1342732 ], [ 4.6487853, 48.1343753 ], [ 4.6481333, 48.1349925 ], [ 4.6475478, 48.1353744 ], [ 4.6475404, 48.1354458 ], [ 4.6475306, 48.1354932 ] ] ] } },
{ "type": "Feature", "properties": { "Aire": "RRN C", "NomUsuel": "Le Liard", "Nature": "R", "GVO": "APRR", "Surface": 15417.11421, "Réseau": "C", "Axe": "A6", "id_aire": "A000284" }, "geometry": { "type": "Polygon", "coordinates": [ [ [ 2.8804044, 48.1605368 ], [ 2.8840443, 48.1590311 ], [ 2.8839379, 48.1589113 ], [ 2.8831064, 48.1590508 ], [ 2.8820174, 48.1592441 ], [ 2.8809612, 48.1596393 ], [ 2.8803759, 48.1597772 ], [ 2.8804, 48.1604198 ], [ 2.8804044, 48.1605368 ] ] ] } },
{ "type": "Feature", "properties": { "Aire": "RRN C", "NomUsuel": "Sonville", "Nature": "R", "GVO": "APRR", "Surface": 30379.39733, "Réseau": "C", "Axe": "A6", "id_aire": "A000285" }, "geometry": { "type": "Polygon", "coordinates": [ [ [ 2.8243157, 48.1873826 ], [ 2.8273382, 48.1859935 ], [ 2.8252841, 48.1854979 ], [ 2.8251276, 48.1855077 ], [ 2.8235967, 48.18615 ], [ 2.823494, 48.1862218 ], [ 2.82345, 48.1863261 ], [ 2.8234793, 48.1864174 ], [ 2.8243157, 48.1873826 ] ] ] } },
{ "type": "Feature", "properties": { "Aire": "RRN C", "NomUsuel": "La Coloterie", "Nature": "R", "GVO": "APRR", "Surface": 30854.23353, "Réseau": "C", "Axe": "A5", "id_aire": "A000286" }, "geometry": { "type": "Polygon", "coordinates": [ [ [ 4.0505817, 48.2327567 ], [ 4.0507866, 48.2328109 ], [ 4.0512412, 48.2329252 ], [ 4.0515894, 48.2330919 ], [ 4.0518308, 48.2332241 ], [ 4.0521955, 48.2333385 ], [ 4.0528339, 48.2333313 ], [ 4.0531933, 48.2332813 ], [ 4.0532262, 48.233317 ], [ 4.0532631, 48.2333528 ], [ 4.053939, 48.2331277 ], [ 4.0540509, 48.2329747 ], [ 4.0551662, 48.2316249 ], [ 4.0552806, 48.2314864 ], [ 4.0505817, 48.2327567 ] ] ] } },
{ "type": "Feature", "properties": { "Aire": "RRN C", "NomUsuel": "Aire de Saint Pouange", "Nature": "R", "GVO": "APRR", "Surface": 41597.94669, "Réseau": "C", "Axe": "A5", "id_aire": "A000287" }, "geometry": { "type": "Polygon", "coordinates": [ [ [ 4.0342255, 48.2342152 ], [ 4.0397661, 48.2339574 ], [ 4.039711, 48.2339213 ], [ 4.0392193, 48.233599 ], [ 4.0384014, 48.2331134 ], [ 4.0379565, 48.2329201 ], [ 4.0375767, 48.2326142 ], [ 4.0372145, 48.2325027 ], [ 4.0368146, 48.2325175 ], [ 4.0363969, 48.2327869 ], [ 4.0356371, 48.2330947 ], [ 4.0350636, 48.2334273 ], [ 4.034827, 48.2337695 ], [ 4.0345499, 48.2339901 ], [ 4.0343385, 48.2341401 ], [ 4.0342255, 48.2342152 ] ] ] } },
{ "type": "Feature", "properties": { "Aire": "RRN C", "NomUsuel": "Montaphilant", "Nature": "R", "GVO": "APRR", "Surface": 132087.1408, "Réseau": "C", "Axe": "A5", "id_aire": "A000288" }, "geometry": { "type": "Polygon", "coordinates": [ [ [ 3.3383596, 48.2527568 ], [ 3.3381687, 48.2529057 ], [ 3.3373899, 48.253537 ], [ 3.337179, 48.2536892 ], [ 3.3365715, 48.2541631 ], [ 3.3365012, 48.2543206 ], [ 3.3358991, 48.2547325 ], [ 3.3335941, 48.2561027 ], [ 3.3339498, 48.2563284 ], [ 3.3351145, 48.2572559 ], [ 3.3371557, 48.2562405 ], [ 3.3373377, 48.256413 ], [ 3.3380014, 48.256731 ], [ 3.33865, 48.2567569 ], [ 3.3390647, 48.2566037 ], [ 3.3406672, 48.2559966 ], [ 3.3400328, 48.2547182 ], [ 3.3397263, 48.2541043 ], [ 3.339037, 48.2527272 ], [ 3.3384792, 48.2526999 ], [ 3.3383596, 48.2527568 ] ] ] } },
{ "type": "Feature", "properties": { "Aire": "RRN C", "NomUsuel": "Les Rasets", "Nature": "R", "GVO": "APRR", "Surface": 45643.26915, "Réseau": "C", "Axe": "A5", "id_aire": "A000289" }, "geometry": { "type": "Polygon", "coordinates": [ [ [ 3.1233173, 48.3710424 ], [ 3.1247463, 48.3708996 ], [ 3.1258391, 48.370788 ], [ 3.1293789, 48.3702916 ], [ 3.1305464, 48.370093 ], [ 3.1312002, 48.3699441 ], [ 3.1319873, 48.3697652 ], [ 3.132265, 48.3696897 ], [ 3.1306211, 48.3693795 ], [ 3.1304063, 48.3693857 ], [ 3.1251759, 48.370093 ], [ 3.1247463, 48.3702357 ], [ 3.1234888, 48.3709511 ], [ 3.1233173, 48.3710424 ] ] ] } },
{ "type": "Feature", "properties": { "Aire": "RRN C", "NomUsuel": "Gravon", "Nature": "R", "GVO": "APRR", "Surface": 91392.99902, "Réseau": "C", "Axe": "A5", "id_aire": "A000290" }, "geometry": { "type": "Polygon", "coordinates": [ [ [ 3.1241002, 48.3714475 ], [ 3.1220186, 48.3716007 ], [ 3.1229196, 48.3718089 ], [ 3.1290314, 48.3729341 ], [ 3.1311405, 48.3719624 ], [ 3.1313996, 48.3709199 ], [ 3.1305148, 48.3705154 ], [ 3.130481, 48.3704839 ], [ 3.1278939, 48.3709989 ], [ 3.1261473, 48.3712533 ], [ 3.1241002, 48.3714475 ] ] ] } },
{ "type": "Feature", "properties": { "Aire": "RRN C", "NomUsuel": "Malvaux", "Nature": "R", "GVO": "APRR", "Surface": 43160.18143, "Réseau": "C", "Axe": "A31", "id_aire": "A000291" }, "geometry": { "type": "Polygon", "coordinates": [ [ [ 5.912052, 48.5054499 ], [ 5.9130684, 48.5083237 ], [ 5.9134922, 48.5083518 ], [ 5.9149039, 48.5074375 ], [ 5.914981, 48.5073267 ], [ 5.9145234, 48.5060277 ], [ 5.9125158, 48.5053611 ], [ 5.912052, 48.5054499 ] ] ] } },
{ "type": "Feature", "properties": { "Aire": "RRN C", "NomUsuel": "Gottesheim", "Nature": "R", "GVO": "SANEF", "Surface": 14643.23223, "Réseau": "C", "Axe": "A4", "id_aire": "A000292" }, "geometry": { "type": "Polygon", "coordinates": [ [ [ 7.4853989, 48.7705381 ], [ 7.4857639, 48.7705958 ], [ 7.4866979, 48.7707174 ], [ 7.4881403, 48.7708459 ], [ 7.4883792, 48.7708592 ], [ 7.4886732, 48.7708115 ], [ 7.4889625, 48.7707528 ], [ 7.4892273, 48.770721 ], [ 7.4893049, 48.7706222 ], [ 7.4893426, 48.7705742 ], [ 7.4859482, 48.7701653 ], [ 7.4848217, 48.7700257 ], [ 7.4846541, 48.7701196 ], [ 7.4846565, 48.7701734 ], [ 7.4848531, 48.7702534 ], [ 7.4851448, 48.7704602 ], [ 7.4853989, 48.7705381 ] ] ] } },
{ "type": "Feature", "properties": { "Aire": "RRN C", "NomUsuel": "Lienbach", "Nature": "R", "GVO": "SANEF", "Surface": 15852.54543, "Réseau": "C", "Axe": "A4", "id_aire": "A000293" }, "geometry": { "type": "Polygon", "coordinates": [ [ [ 7.4916001, 48.7705289 ], [ 7.4940064, 48.7706574 ], [ 7.4966238, 48.7706801 ], [ 7.4966319, 48.7706458 ], [ 7.4966385, 48.7705815 ], [ 7.4961386, 48.7705245 ], [ 7.4960182, 48.7704879 ], [ 7.4955338, 48.7702164 ], [ 7.4953846, 48.7701737 ], [ 7.4952229, 48.7701585 ], [ 7.4928303, 48.7701095 ], [ 7.4926098, 48.7701367 ], [ 7.4924227, 48.7701996 ], [ 7.4920864, 48.7703851 ], [ 7.4918294, 48.7704351 ], [ 7.4915974, 48.7704467 ], [ 7.4915989, 48.7704923 ], [ 7.4916001, 48.7705289 ] ] ] } },
{ "type": "Feature", "properties": { "Aire": "RRN C", "NomUsuel": "La Bardolle", "Nature": "R", "GVO": "SANEF", "Surface": 23818.39133, "Réseau": "C", "Axe": "A26", "id_aire": "A000294" }, "geometry": { "type": "Polygon", "coordinates": [ [ [ 4.2903252, 48.8840734 ], [ 4.2901851, 48.8853632 ], [ 4.2899703, 48.8867143 ], [ 4.2897462, 48.8876048 ], [ 4.2902038, 48.8873408 ], [ 4.2903066, 48.8871811 ], [ 4.2903813, 48.886831 ], [ 4.2904653, 48.8866959 ], [ 4.2916328, 48.8861677 ], [ 4.2917729, 48.8860695 ], [ 4.2918103, 48.8859221 ], [ 4.2917636, 48.885787 ], [ 4.2903252, 48.8840734 ] ] ] } },
{ "type": "Feature", "properties": { "Aire": "RRN C", "NomUsuel": "Previlliers", "Nature": "R", "GVO": "SANEF", "Surface": 20278.32155, "Réseau": "C", "Axe": "A4", "id_aire": "A000295" }, "geometry": { "type": "Polygon", "coordinates": [ [ [ 2.9414918, 48.9074063 ], [ 2.9414148, 48.907792 ], [ 2.9416176, 48.9080541 ], [ 2.9420265, 48.9083584 ], [ 2.9422056, 48.9084584 ], [ 2.9436197, 48.9089 ], [ 2.9437837, 48.9089182 ], [ 2.944071, 48.9089337 ], [ 2.9446184, 48.9089115 ], [ 2.945562, 48.90872 ], [ 2.9434917, 48.9080904 ], [ 2.9414918, 48.9074063 ] ] ] } },
{ "type": "Feature", "properties": { "Aire": "RRN C", "NomUsuel": "La Garenne", "Nature": "R", "GVO": "SANEF", "Surface": 23149.48028, "Réseau": "C", "Axe": "A26", "id_aire": "A000296" }, "geometry": { "type": "Polygon", "coordinates": [ [ [ 4.2895367, 48.9519888 ], [ 4.2896331, 48.9497838 ], [ 4.2894526, 48.9497371 ], [ 4.2893554, 48.949712 ], [ 4.2891545, 48.9501534 ], [ 4.2890667, 48.9502462 ], [ 4.2889423, 48.9503176 ], [ 4.2887451, 48.9503249 ], [ 4.2885794, 48.950246 ], [ 4.2882894, 48.9499581 ], [ 4.2881339, 48.9498293 ], [ 4.2878636, 48.9497583 ], [ 4.2876067, 48.9497761 ], [ 4.2873904, 48.9498471 ], [ 4.287235, 48.9499669 ], [ 4.2871268, 48.9501134 ], [ 4.2871539, 48.9502599 ], [ 4.287235, 48.9504108 ], [ 4.289103, 48.9515699 ], [ 4.2892678, 48.9517784 ], [ 4.2893488, 48.9519782 ], [ 4.2894494, 48.9519839 ], [ 4.2895367, 48.9519888 ] ] ] } },
{ "type": "Feature", "properties": { "Aire": "RRN C", "NomUsuel": "Grands Traquiers", "Nature": "R", "GVO": "SANEF", "Surface": 24791.07369, "Réseau": "C", "Axe": "A26", "id_aire": "A000297" }, "geometry": { "type": "Polygon", "coordinates": [ [ [ 4.2986361, 49.0088101 ], [ 4.2989506, 49.0085841 ], [ 4.3004521, 49.0079136 ], [ 4.3006637, 49.0072887 ], [ 4.3006566, 49.007177 ], [ 4.3005864, 49.0070814 ], [ 4.3004685, 49.0069962 ], [ 4.3001148, 49.0069193 ], [ 4.2999737, 49.0068444 ], [ 4.2994486, 49.0064694 ], [ 4.2992389, 49.0062262 ], [ 4.2991737, 49.0062364 ], [ 4.2990309, 49.0062587 ], [ 4.2984571, 49.0087965 ], [ 4.2985432, 49.0088037 ], [ 4.2986361, 49.0088101 ] ] ] } },
{ "type": "Feature", "properties": { "Aire": "RRN C", "NomUsuel": "La Villeneuve-en-Chevrie Sud", "Nature": "R", "GVO": "SAPN", "Surface": 5508.55734, "Réseau": "C", "Axe": "A13", "id_aire": "A000298" }, "geometry": { "type": "Polygon", "coordinates": [ [ [ 1.5442555, 49.0205677 ], [ 1.546746, 49.0207032 ], [ 1.5464713, 49.0203825 ], [ 1.5462385, 49.0203286 ], [ 1.5461152, 49.0203527 ], [ 1.5459224, 49.0203361 ], [ 1.5458225, 49.0203227 ], [ 1.545769, 49.0203201 ], [ 1.5456837, 49.020281 ], [ 1.5456242, 49.0202719 ], [ 1.5455488, 49.0202849 ], [ 1.5454674, 49.0202641 ], [ 1.5453662, 49.0202472 ], [ 1.545275, 49.0202615 ], [ 1.5451996, 49.0202667 ], [ 1.5451361, 49.0202485 ], [ 1.5450091, 49.0202836 ], [ 1.5448941, 49.0203109 ], [ 1.5447195, 49.0203903 ], [ 1.5445667, 49.0204202 ], [ 1.5442889, 49.020548 ], [ 1.5442555, 49.0205677 ] ] ] } },
{ "type": "Feature", "properties": { "Aire": "RRN C", "NomUsuel": "La Villeneuve-en-Chevrie Nord", "Nature": "R", "GVO": "SAPN", "Surface": 6248.67966, "Réseau": "C", "Axe": "A13", "id_aire": "A000299" }, "geometry": { "type": "Polygon", "coordinates": [ [ [ 1.5451203, 49.0209898 ], [ 1.545384, 49.021034 ], [ 1.5455888, 49.0211039 ], [ 1.5457123, 49.0211444 ], [ 1.5457319, 49.0211978 ], [ 1.5457151, 49.0212677 ], [ 1.5456758, 49.0213081 ], [ 1.5455804, 49.0213597 ], [ 1.5454598, 49.021459 ], [ 1.5459732, 49.0216614 ], [ 1.5462634, 49.0218029 ], [ 1.5464743, 49.0216665 ], [ 1.5468668, 49.0212426 ], [ 1.5474396, 49.0210985 ], [ 1.5451203, 49.0209898 ] ] ] } },
{ "type": "Feature", "properties": { "Aire": "RRN C", "NomUsuel": "La Fontenelle", "Nature": "R", "GVO": "SANEF", "Surface": 19211.43539, "Réseau": "C", "Axe": "A4", "id_aire": "A000300" }, "geometry": { "type": "Polygon", "coordinates": [ [ [ 3.2900538, 49.0476211 ], [ 3.2919127, 49.0478087 ], [ 3.2936537, 49.0480121 ], [ 3.2937653, 49.0475723 ], [ 3.2931936, 49.0472313 ], [ 3.2928675, 49.04719 ], [ 3.2913557, 49.0469986 ], [ 3.2901408, 49.0472644 ], [ 3.2900538, 49.0476211 ] ] ] } },
{ "type": "Feature", "properties": { "Aire": "RRN C", "NomUsuel": "Rarecourt", "Nature": "R", "GVO": "SANEF", "Surface": 22104.51052, "Réseau": "C", "Axe": "A4", "id_aire": "A000301" }, "geometry": { "type": "Polygon", "coordinates": [ [ [ 5.1389344, 49.0918172 ], [ 5.1421659, 49.0915565 ], [ 5.1421414, 49.0914613 ], [ 5.1420639, 49.0911656 ], [ 5.1407195, 49.0907713 ], [ 5.1392579, 49.090846 ], [ 5.138321, 49.0916397 ], [ 5.1388351, 49.0917791 ], [ 5.1389344, 49.0918172 ] ] ] } },
{ "type": "Feature", "properties": { "Aire": "RRN C", "NomUsuel": "Jubecourt", "Nature": "R", "GVO": "SANEF", "Surface": 23173.51434, "Réseau": "C", "Axe": "A4", "id_aire": "A000302" }, "geometry": { "type": "Polygon", "coordinates": [ [ [ 5.1424199, 49.0917505 ], [ 5.1388888, 49.0920291 ], [ 5.1388442, 49.0920663 ], [ 5.1385859, 49.0922912 ], [ 5.1386034, 49.0923695 ], [ 5.139492, 49.0929144 ], [ 5.141241, 49.0927573 ], [ 5.142503, 49.0919759 ], [ 5.1424405, 49.0918049 ], [ 5.1424199, 49.0917505 ] ] ] } },
{ "type": "Feature", "properties": { "Aire": "RRN C", "NomUsuel": "la Rouge Haie", "Nature": "R", "GVO": "SANEF", "Surface": 8268.99149, "Réseau": "C", "Axe": "A4", "id_aire": "A000303" }, "geometry": { "type": "Polygon", "coordinates": [ [ [ 5.2973823, 49.0980372 ], [ 5.2993942, 49.0980594 ], [ 5.2994076, 49.0979263 ], [ 5.2994111, 49.0978918 ], [ 5.2990329, 49.0976611 ], [ 5.2987383, 49.0974798 ], [ 5.2983792, 49.0973784 ], [ 5.2978301, 49.097382 ], [ 5.2973622, 49.0979107 ], [ 5.2973687, 49.0979513 ], [ 5.2973823, 49.0980372 ] ] ] } },
{ "type": "Feature", "properties": { "Aire": "RRN C", "NomUsuel": "Les Genievres", "Nature": "R", "GVO": "SANEF", "Surface": 10160.01343, "Réseau": "C", "Axe": "A4", "id_aire": "A000304" }, "geometry": { "type": "Polygon", "coordinates": [ [ [ 5.295661, 49.0982135 ], [ 5.2956597, 49.0983052 ], [ 5.2956587, 49.0983725 ], [ 5.2967229, 49.0987465 ], [ 5.2970216, 49.0989569 ], [ 5.2974355, 49.098941 ], [ 5.2977059, 49.0987516 ], [ 5.2985567, 49.0984227 ], [ 5.2985896, 49.0983457 ], [ 5.2986167, 49.0982699 ], [ 5.2965668, 49.0982483 ], [ 5.295661, 49.0982135 ] ] ] } },
{ "type": "Feature", "properties": { "Aire": "RRN C", "NomUsuel": "Romigny", "Nature": "R", "GVO": "SANEF", "Surface": 16895.63204, "Réseau": "C", "Axe": "A4", "id_aire": "A000305" }, "geometry": { "type": "Polygon", "coordinates": [ [ [ 3.752758, 49.1873009 ], [ 3.7539611, 49.1898114 ], [ 3.7541367, 49.1896344 ], [ 3.7547375, 49.1888351 ], [ 3.7538373, 49.1876157 ], [ 3.75314, 49.187433 ], [ 3.752758, 49.1873009 ] ] ] } },
{ "type": "Feature", "properties": { "Aire": "RRN C", "NomUsuel": "Lormaison Ouest", "Nature": "R", "GVO": "SANEF", "Surface": 37338.68568, "Réseau": "C", "Axe": "A16", "id_aire": "A000306" }, "geometry": { "type": "Polygon", "coordinates": [ [ [ 2.0988277, 49.2403957 ], [ 2.096857, 49.2404262 ], [ 2.0966421, 49.2404628 ], [ 2.096474, 49.2405115 ], [ 2.0962685, 49.2406884 ], [ 2.0959977, 49.241225 ], [ 2.095951, 49.2413896 ], [ 2.0962032, 49.2422006 ], [ 2.0970157, 49.2433043 ], [ 2.0988277, 49.2403957 ] ] ] } },
{ "type": "Feature", "properties": { "Aire": "RRN C", "NomUsuel": "Lormaison Est", "Nature": "R", "GVO": "SANEF", "Surface": 35230.92604, "Réseau": "C", "Axe": "A16", "id_aire": "A000307" }, "geometry": { "type": "Polygon", "coordinates": [ [ [ 2.0965529, 49.2448633 ], [ 2.0952224, 49.2475301 ], [ 2.0958935, 49.2473363 ], [ 2.0963711, 49.2472941 ], [ 2.0969519, 49.2473194 ], [ 2.0972875, 49.2473784 ], [ 2.0974811, 49.2473616 ], [ 2.0977134, 49.2472773 ], [ 2.0981652, 49.2465948 ], [ 2.0982168, 49.2464684 ], [ 2.0981781, 49.2463336 ], [ 2.0976758, 49.2455394 ], [ 2.0968897, 49.2452875 ], [ 2.0965529, 49.2448633 ] ] ] } },
{ "type": "Feature", "properties": { "Aire": "RRN C", "NomUsuel": "Grand Courtil", "Nature": "R", "GVO": "SANEF", "Surface": 29663.81298, "Réseau": "C", "Axe": "A16", "id_aire": "A000308" }, "geometry": { "type": "Polygon", "coordinates": [ [ [ 2.1076219, 49.3659611 ], [ 2.1075849, 49.364276 ], [ 2.1075273, 49.3615666 ], [ 2.1065533, 49.3632214 ], [ 2.1063759, 49.3636837 ], [ 2.1062633, 49.3641148 ], [ 2.1064599, 49.3651496 ], [ 2.1066654, 49.3653686 ], [ 2.1070577, 49.365618 ], [ 2.1076219, 49.3659611 ] ] ] } },
{ "type": "Feature", "properties": { "Aire": "RRN C", "NomUsuel": "Grand Bois", "Nature": "R", "GVO": "SANEF", "Surface": 42203.69163, "Réseau": "C", "Axe": "A16", "id_aire": "A000309" }, "geometry": { "type": "Polygon", "coordinates": [ [ [ 2.1602809, 49.4653396 ], [ 2.1604196, 49.4652893 ], [ 2.1580897, 49.4623014 ], [ 2.1578934, 49.462486 ], [ 2.1569651, 49.4626274 ], [ 2.1564305, 49.4628041 ], [ 2.1563037, 49.4627901 ], [ 2.1559143, 49.4628441 ], [ 2.156763, 49.4641425 ], [ 2.1567731, 49.4642023 ], [ 2.1585407, 49.4643979 ], [ 2.1590699, 49.4646428 ], [ 2.1593269, 49.4646634 ], [ 2.1595801, 49.4648485 ], [ 2.1597589, 49.4652488 ], [ 2.1598904, 49.465352 ], [ 2.1602809, 49.4653396 ] ] ] } },
{ "type": "Feature", "properties": { "Aire": "RRN C", "NomUsuel": "Vallee de la Selle Est", "Nature": "R", "GVO": "SANEF", "Surface": 53754.33564, "Réseau": "C", "Axe": "A16", "id_aire": "A000310" }, "geometry": { "type": "Polygon", "coordinates": [ [ [ 2.2306598, 49.7581013 ], [ 2.2309229, 49.7600865 ], [ 2.2314977, 49.7633123 ], [ 2.2317814, 49.7632312 ], [ 2.2320394, 49.7628605 ], [ 2.2323757, 49.762379 ], [ 2.2328502, 49.7617611 ], [ 2.2323441, 49.7589963 ], [ 2.2312258, 49.75827 ], [ 2.2309429, 49.7580862 ], [ 2.2306598, 49.7581013 ] ] ] } },
{ "type": "Feature", "properties": { "Aire": "RRN C", "NomUsuel": "Aire de la Rouge Haie - Les châtaigniers", "Nature": "R", "GVO": "APRR", "Surface": 14951.72889, "Réseau": "C", "Axe": "A6", "id_aire": "A000311" }, "geometry": { "type": "Polygon", "coordinates": [ [ [ 3.1432078, 48.0166868 ], [ 3.1447623, 48.0155791 ], [ 3.1462019, 48.0145167 ], [ 3.1467224, 48.0141369 ], [ 3.1452152, 48.0144534 ], [ 3.1447758, 48.0146071 ], [ 3.1444987, 48.0148874 ], [ 3.1432078, 48.0166868 ] ] ] } },
{ "type": "Feature", "properties": { "Aire": "RRN C", "NomUsuel": "Le Lavaret", "Nature": "R", "GVO": "AREA", "Surface": 6858.18007, "Réseau": "C", "Axe": "A43", "id_aire": "A000312" }, "geometry": { "type": "Polygon", "coordinates": [ [ [ 5.7897812, 45.5672468 ], [ 5.7900701, 45.5674943 ], [ 5.7902308, 45.5676488 ], [ 5.7903822, 45.5678033 ], [ 5.7906487, 45.5681011 ], [ 5.7908902, 45.5684086 ], [ 5.7909328, 45.5684761 ], [ 5.7909633, 45.5684675 ], [ 5.7910167, 45.5684532 ], [ 5.7909757, 45.5683575 ], [ 5.7910669, 45.568077 ], [ 5.7910907, 45.5680175 ], [ 5.7911565, 45.5678528 ], [ 5.7911883, 45.567713 ], [ 5.791201, 45.5676887 ], [ 5.7912058, 45.5676643 ], [ 5.7911996, 45.5676447 ], [ 5.7911903, 45.5676302 ], [ 5.791187, 45.5676157 ], [ 5.7911937, 45.5675917 ], [ 5.7912333, 45.5674823 ], [ 5.791229, 45.5674533 ], [ 5.7912128, 45.5674271 ], [ 5.7911825, 45.5673961 ], [ 5.7911079, 45.5673562 ], [ 5.791049, 45.5672899 ], [ 5.7909363, 45.5672791 ], [ 5.7908466, 45.5673024 ], [ 5.7906648, 45.5673275 ], [ 5.790483, 45.5673401 ], [ 5.7903754, 45.5673419 ], [ 5.7902371, 45.5673293 ], [ 5.7900415, 45.5672897 ], [ 5.7899595, 45.5672467 ], [ 5.7898775, 45.5671955 ], [ 5.7898442, 45.5672093 ], [ 5.7897812, 45.5672468 ] ] ] } },
{ "type": "Feature", "properties": { "Aire": "RRN C", "NomUsuel": "Neuville sur Ain", "Nature": "R", "GVO": "APRR", "Surface": 8343.8706, "Réseau": "C", "Axe": "A40", "id_aire": "A000313" }, "geometry": { "type": "Polygon", "coordinates": [ [ [ 5.3815138, 46.0877178 ], [ 5.3814047, 46.0877359 ], [ 5.3789514, 46.0881081 ], [ 5.3789959, 46.0881355 ], [ 5.3792384, 46.0882901 ], [ 5.3796582, 46.0884469 ], [ 5.3800482, 46.088499 ], [ 5.3807047, 46.0884129 ], [ 5.3808354, 46.0883678 ], [ 5.3812451, 46.0878983 ], [ 5.3815138, 46.0877178 ] ] ] } },
{ "type": "Feature", "properties": { "Aire": "RRN C", "NomUsuel": "Saint-Martin-aux-Arbres Sud", "Nature": "R", "GVO": "SAPN", "Surface": 33739.54522, "Réseau": "C", "Axe": "A29", "id_aire": "A000314" }, "geometry": { "type": "Polygon", "coordinates": [ [ [ 0.8797198, 49.6557914 ], [ 0.8800808, 49.6557991 ], [ 0.8852357, 49.6559067 ], [ 0.8855384, 49.6559133 ], [ 0.8838172, 49.6548144 ], [ 0.8819532, 49.6547174 ], [ 0.8797198, 49.6557914 ] ] ] } },
{ "type": "Feature", "properties": { "Aire": "RRN C", "NomUsuel": "Saint-Martin-aux-Arbres Nord", "Nature": "R", "GVO": "SAPN", "Surface": 28928.99492, "Réseau": "C", "Axe": "A29", "id_aire": "A000315" }, "geometry": { "type": "Polygon", "coordinates": [ [ [ 0.8797708, 49.6561705 ], [ 0.8816104, 49.6572137 ], [ 0.8836029, 49.6570959 ], [ 0.8855126, 49.656276 ], [ 0.8850745, 49.6562685 ], [ 0.8802482, 49.6561787 ], [ 0.8797708, 49.6561705 ] ] ] } },
{ "type": "Feature", "properties": { "Aire": "RRN C", "NomUsuel": "Cottevrard Sud", "Nature": "P", "GVO": "SAPN", "Surface": 3913.59018, "Réseau": "C", "Axe": "A29", "id_aire": "A000316" }, "geometry": { "type": "Polygon", "coordinates": [ [ [ 1.2432881, 49.6467779 ], [ 1.2433733, 49.6467981 ], [ 1.2447569, 49.6471118 ], [ 1.2449705, 49.647158 ], [ 1.2448776, 49.6467431 ], [ 1.2443875, 49.6466477 ], [ 1.2443703, 49.6466795 ], [ 1.2438119, 49.6465719 ], [ 1.2437359, 49.6466024 ], [ 1.2432881, 49.6467779 ] ] ] } },
{ "type": "Feature", "properties": { "Aire": "RRN C", "NomUsuel": "Quetteville Nord", "Nature": "P", "GVO": "SAPN", "Surface": 2684.71001, "Réseau": "C", "Axe": "A29", "id_aire": "A000317" }, "geometry": { "type": "Polygon", "coordinates": [ [ [ 0.3063392, 49.3229362 ], [ 0.3070696, 49.3230288 ], [ 0.3071855, 49.3230221 ], [ 0.3074784, 49.3228999 ], [ 0.307534, 49.3228395 ], [ 0.3076632, 49.3224498 ], [ 0.3063392, 49.3229362 ] ] ] } },
{ "type": "Feature", "properties": { "Aire": "RRN C", "NomUsuel": "Ripaille", "Nature": "S", "GVO": "AREA", "Surface": 40938.11232, "Réseau": "C", "Axe": "A41", "id_aire": "A000318" }, "geometry": { "type": "Polygon", "coordinates": [ [ [ 6.0714569, 45.8764063 ], [ 6.0740724, 45.8785748 ], [ 6.07442, 45.8785087 ], [ 6.0743517, 45.8783022 ], [ 6.0743623, 45.8781409 ], [ 6.0744023, 45.8778071 ], [ 6.0744707, 45.8775691 ], [ 6.0744973, 45.8774708 ], [ 6.0744742, 45.8774015 ], [ 6.0741563, 45.8772025 ], [ 6.0742815, 45.8767916 ], [ 6.0742043, 45.8766547 ], [ 6.0737692, 45.8764767 ], [ 6.0727328, 45.8758491 ], [ 6.0722844, 45.8757137 ], [ 6.0718646, 45.8756048 ], [ 6.0716869, 45.8756946 ], [ 6.0712509, 45.8757138 ], [ 6.0711852, 45.8757293 ], [ 6.0711248, 45.8757435 ], [ 6.0708171, 45.875692 ], [ 6.0706487, 45.8757424 ], [ 6.0714569, 45.8764063 ] ] ] } },
{ "type": "Feature", "properties": { "Aire": "RRN C", "NomUsuel": "PECH MONTAT Flux 1", "Nature": "S", "GVO": "ASF", "Surface": 57107.62578, "Réseau": "C", "Axe": "A20", "id_aire": "A000319" }, "geometry": { "type": "Polygon", "coordinates": [ [ [ 1.5250084, 45.035987 ], [ 1.525683298605496, 45.034636197035525 ], [ 1.524709845360793, 45.033570928222154 ], [ 1.524913781345075, 45.031273867826734 ], [ 1.52505024835283, 45.030146842883973 ], [ 1.525446896762009, 45.029828589777971 ], [ 1.526927761031506, 45.029621048984374 ], [ 1.52792671306635, 45.029283221945747 ], [ 1.525930586287977, 45.02915356536819 ], [ 1.524702743619577, 45.030073407627434 ], [ 1.523732655422845, 45.031189585241627 ], [ 1.5235651, 45.0320746 ], [ 1.5244148, 45.0348396 ], [ 1.5250084, 45.035987 ] ] ] } },
{ "type": "Feature", "properties": { "Aire": "RRN C", "NomUsuel": "Aire de l'Adour", "Nature": "S", "GVO": "ALIENOR", "Surface": 36963.81661, "Réseau": "C", "Axe": "A65", "id_aire": "A000320" }, "geometry": { "type": "Polygon", "coordinates": [ [ [ -0.2699634, 43.7210187 ], [ -0.2700673, 43.7214064 ], [ -0.2700834, 43.7215912 ], [ -0.270083, 43.7216644 ], [ -0.2700642, 43.7217434 ], [ -0.2700267, 43.7218151 ], [ -0.2699427, 43.72189 ], [ -0.2698225, 43.7219487 ], [ -0.268948, 43.7221572 ], [ -0.2688033, 43.7221836 ], [ -0.2686643, 43.7221665 ], [ -0.2686233, 43.7220263 ], [ -0.2685738, 43.7215639 ], [ -0.2685309, 43.7214777 ], [ -0.2683479, 43.7211721 ], [ -0.2682074, 43.720132 ], [ -0.2682345, 43.7200739 ], [ -0.2682678, 43.7200148 ], [ -0.2683184, 43.719969 ], [ -0.2685142, 43.7198959 ], [ -0.269654, 43.7195626 ], [ -0.2697404, 43.7195442 ], [ -0.2698479, 43.7195365 ], [ -0.269957, 43.7195563 ], [ -0.2700484, 43.7195904 ], [ -0.2701226, 43.7196513 ], [ -0.2701556, 43.719705 ], [ -0.2701806, 43.7197684 ], [ -0.2702039, 43.7202537 ], [ -0.270333, 43.7208203 ], [ -0.2702478, 43.7208504 ], [ -0.2699634, 43.7210187 ] ] ] } },
{ "type": "Feature", "properties": { "Aire": "RRN C", "NomUsuel": "Aire du Marsan", "Nature": "R", "GVO": "ALIENOR", "Surface": 16081.61715, "Réseau": "C", "Axe": "A65", "id_aire": "A000321" }, "geometry": { "type": "Polygon", "coordinates": [ [ [ -0.3952289, 43.9473393 ], [ -0.3953831, 43.9474243 ], [ -0.39554, 43.9476183 ], [ -0.3952785, 43.9480673 ], [ -0.3950156, 43.9483415 ], [ -0.3945395, 43.9485501 ], [ -0.3944175, 43.9485636 ], [ -0.3942311, 43.9485424 ], [ -0.3939092, 43.9485511 ], [ -0.3938422, 43.9483937 ], [ -0.3940044, 43.9483724 ], [ -0.3940406, 43.9483676 ], [ -0.3940822, 43.948329 ], [ -0.394097, 43.9482575 ], [ -0.3940795, 43.9481948 ], [ -0.3940259, 43.9479312 ], [ -0.3940152, 43.9477912 ], [ -0.3940313, 43.9476463 ], [ -0.3941332, 43.9474271 ], [ -0.394443, 43.9469917 ], [ -0.3945583, 43.9469067 ], [ -0.394671, 43.9468555 ], [ -0.3948507, 43.9468449 ], [ -0.3950103, 43.9469289 ], [ -0.3952289, 43.9473393 ] ] ] } },
{ "type": "Feature", "properties": { "Aire": "RRN C", "NomUsuel": "Ocean Est", "Nature": "S", "GVO": "ATLANDES", "Surface": 137033.8946, "Réseau": "C", "Axe": "A63", "id_aire": "A000322" }, "geometry": { "type": "Polygon", "coordinates": [ [ [ -1.0920678, 43.9363974 ], [ -1.0883838, 43.9390874 ], [ -1.0881628, 43.9390329 ], [ -1.0881069, 43.9389987 ], [ -1.088073, 43.9389779 ], [ -1.0878664, 43.938553 ], [ -1.0884349, 43.9375684 ], [ -1.0871799, 43.9371639 ], [ -1.0886025, 43.9350627 ], [ -1.0896151, 43.9345077 ], [ -1.0916782, 43.9343336 ], [ -1.093772, 43.9347298 ], [ -1.0931294, 43.93562 ], [ -1.0920678, 43.9363974 ] ] ] } },
{ "type": "Feature", "properties": { "Aire": "RRN C", "NomUsuel": "Ocean Ouest", "Nature": "S", "GVO": "ATLANDES", "Surface": 134180.9054, "Réseau": "C", "Axe": "A63", "id_aire": "A000323" }, "geometry": { "type": "Polygon", "coordinates": [ [ [ -1.0873439, 43.940336 ], [ -1.08814, 43.9398412 ], [ -1.0905647, 43.9381222 ], [ -1.0936363, 43.9357903 ], [ -1.0947973, 43.9352579 ], [ -1.0937539, 43.9382671 ], [ -1.0936043, 43.9383506 ], [ -1.0933093, 43.9383101 ], [ -1.0933037, 43.9383878 ], [ -1.0932912, 43.9384767 ], [ -1.093601, 43.9384844 ], [ -1.0936305, 43.9385172 ], [ -1.0935017, 43.9388707 ], [ -1.0933931, 43.9391024 ], [ -1.0932362, 43.9393052 ], [ -1.0930592, 43.9394849 ], [ -1.0927641, 43.9396896 ], [ -1.0917436, 43.940211 ], [ -1.0914814, 43.9402666 ], [ -1.0913996, 43.9403129 ], [ -1.0912346, 43.9404573 ], [ -1.0908598, 43.9406137 ], [ -1.0904413, 43.94072 ], [ -1.0900283, 43.9407625 ], [ -1.089626, 43.9407393 ], [ -1.0892934, 43.9406852 ], [ -1.0881722, 43.9404042 ], [ -1.0876706, 43.9404235 ], [ -1.0873439, 43.940336 ] ] ] } },
{ "type": "Feature", "properties": { "Aire": "RRN C", "NomUsuel": "Rumaucourt", "Nature": "S", "GVO": "SANEF", "Surface": 43637.2811, "Réseau": "C", "Axe": "A26", "id_aire": "A000324" }, "geometry": { "type": "Polygon", "coordinates": [ [ [ 3.0666327, 50.2265769 ], [ 3.0641009, 50.2269929 ], [ 3.0615758, 50.2274238 ], [ 3.0616381, 50.2275488 ], [ 3.0616306, 50.2275783 ], [ 3.061378, 50.2278861 ], [ 3.0612922, 50.2279991 ], [ 3.0612633, 50.2281458 ], [ 3.0611289, 50.2282437 ], [ 3.0617081, 50.2285235 ], [ 3.0618039, 50.228545 ], [ 3.0619279, 50.2285391 ], [ 3.0629005, 50.2283784 ], [ 3.0637106, 50.2282379 ], [ 3.0654111, 50.2279503 ], [ 3.0656498, 50.2278793 ], [ 3.0657457, 50.2277867 ], [ 3.0657629, 50.2277533 ], [ 3.0659413, 50.2274089 ], [ 3.0659829, 50.2273502 ], [ 3.0659925, 50.2273365 ], [ 3.0661948, 50.2270487 ], [ 3.0664064, 50.2268676 ], [ 3.0667021, 50.2267557 ], [ 3.0666834, 50.2267011 ], [ 3.0666327, 50.2265769 ] ] ] } },
{ "type": "Feature", "properties": { "Aire": "RRN C", "NomUsuel": "Verdun Saint Nicolas Nord", "Nature": "S", "GVO": "SANEF", "Surface": 46018.02224, "Réseau": "C", "Axe": "A4", "id_aire": "A000325" }, "geometry": { "type": "Polygon", "coordinates": [ [ [ 5.5061275, 49.1192742 ], [ 5.506095, 49.1198414 ], [ 5.5065187, 49.120052 ], [ 5.5072752, 49.1207208 ], [ 5.5082488, 49.1207261 ], [ 5.508484, 49.1207721 ], [ 5.5096969, 49.1204712 ], [ 5.5107647, 49.1198466 ], [ 5.5116311, 49.1196447 ], [ 5.5114825, 49.1193346 ], [ 5.5061275, 49.1192742 ] ] ] } },
{ "type": "Feature", "properties": { "Aire": "RRN C", "NomUsuel": "Verdun Saint Nicolas Sud", "Nature": "S", "GVO": "SANEF", "Surface": 41935.7648, "Réseau": "C", "Axe": "A4", "id_aire": "A000326" }, "geometry": { "type": "Polygon", "coordinates": [ [ [ 5.5069144, 49.1190232 ], [ 5.511332, 49.1190634 ], [ 5.5114406, 49.1184264 ], [ 5.5108412, 49.1175583 ], [ 5.5095806, 49.1175417 ], [ 5.5086243, 49.1178243 ], [ 5.5080147, 49.1180845 ], [ 5.5068755, 49.1187249 ], [ 5.5069144, 49.1190232 ] ] ] } },
{ "type": "Feature", "properties": { "Aire": "RRN C", "NomUsuel": "Saverne Eckartswiller", "Nature": "S", "GVO": "SANEF", "Surface": 55967.00055, "Réseau": "C", "Axe": "A4", "id_aire": "A000327" }, "geometry": { "type": "Polygon", "coordinates": [ [ [ 7.367659, 48.7626019 ], [ 7.3668783, 48.7621841 ], [ 7.3660004, 48.761752 ], [ 7.3651372, 48.7614232 ], [ 7.3638998, 48.7610492 ], [ 7.3621146, 48.76073 ], [ 7.3606669, 48.7606043 ], [ 7.3611909, 48.7610309 ], [ 7.3614378, 48.7611593 ], [ 7.3618282, 48.7614474 ], [ 7.361784, 48.7616498 ], [ 7.3617847, 48.7616666 ], [ 7.3618001, 48.7616799 ], [ 7.3621863, 48.7620715 ], [ 7.3622225, 48.7620715 ], [ 7.3622453, 48.7620591 ], [ 7.36231, 48.7618934 ], [ 7.3626054, 48.762227 ], [ 7.3627961, 48.7623043 ], [ 7.3643789, 48.7627008 ], [ 7.3648869, 48.7625629 ], [ 7.3657649, 48.762789 ], [ 7.3662314, 48.7627347 ], [ 7.3669565, 48.7626191 ], [ 7.3672844, 48.7626212 ], [ 7.367659, 48.7626019 ] ] ] } },
{ "type": "Feature", "properties": { "Aire": "RRN C", "NomUsuel": "Saverne Monswiller", "Nature": "S", "GVO": "SANEF", "Surface": 54996.68644, "Réseau": "C", "Axe": "A4", "id_aire": "A000328" }, "geometry": { "type": "Polygon", "coordinates": [ [ [ 7.3606046, 48.7601681 ], [ 7.3616487, 48.7602381 ], [ 7.3628096, 48.7603921 ], [ 7.3640023, 48.7605858 ], [ 7.3652198, 48.7609217 ], [ 7.366055, 48.7612903 ], [ 7.3668018, 48.7616753 ], [ 7.3671875, 48.7618853 ], [ 7.3671645, 48.7616038 ], [ 7.3671209, 48.7615579 ], [ 7.3670896, 48.7614905 ], [ 7.3670653, 48.7614124 ], [ 7.3670579, 48.7613413 ], [ 7.3670686, 48.7612953 ], [ 7.3670673, 48.7612423 ], [ 7.3670435, 48.7611304 ], [ 7.3669486, 48.7610242 ], [ 7.3668373, 48.7609748 ], [ 7.3667602, 48.7609405 ], [ 7.3667078, 48.7609116 ], [ 7.3666549, 48.7608749 ], [ 7.3666108, 48.7608296 ], [ 7.3665945, 48.7607963 ], [ 7.3665873, 48.7607382 ], [ 7.366595, 48.7606159 ], [ 7.3665892, 48.7605624 ], [ 7.3665677, 48.760505 ], [ 7.3665106, 48.7603644 ], [ 7.3665395, 48.7603114 ], [ 7.3665167, 48.7602313 ], [ 7.3665462, 48.7601474 ], [ 7.3665375, 48.7601102 ], [ 7.3665208, 48.7600762 ], [ 7.3664806, 48.760046 ], [ 7.3661659, 48.7598805 ], [ 7.3658191, 48.7597621 ], [ 7.3655648, 48.7596689 ], [ 7.3653524, 48.759751 ], [ 7.3652549, 48.7596775 ], [ 7.3650977, 48.7595906 ], [ 7.364932, 48.759523 ], [ 7.364277, 48.7593962 ], [ 7.3640772, 48.7593561 ], [ 7.363479, 48.7592362 ], [ 7.362751, 48.7592013 ], [ 7.3623619, 48.7593963 ], [ 7.3619445, 48.7594404 ], [ 7.3608885, 48.7600059 ], [ 7.3606046, 48.7601681 ] ] ] } },
{ "type": "Feature", "properties": { "Aire": "RRN C", "NomUsuel": "Urvillers", "Nature": "S", "GVO": "SANEF", "Surface": 115484.0556, "Réseau": "C", "Axe": "A26", "id_aire": "A000329" }, "geometry": { "type": "Polygon", "coordinates": [ [ [ 3.3309894, 49.7865475 ], [ 3.3313634, 49.7867909 ], [ 3.3317473, 49.7871063 ], [ 3.3319115, 49.7871828 ], [ 3.3324104, 49.787388 ], [ 3.3330315, 49.7875143 ], [ 3.3336184, 49.7875743 ], [ 3.3339999, 49.7875743 ], [ 3.3341662, 49.7875427 ], [ 3.3342689, 49.787467 ], [ 3.3343313, 49.7873872 ], [ 3.3358031, 49.7874943 ], [ 3.3358679, 49.7875298 ], [ 3.3358915, 49.78758 ], [ 3.3358674, 49.7876449 ], [ 3.3359136, 49.7876896 ], [ 3.335984, 49.7877289 ], [ 3.3360873, 49.7877315 ], [ 3.3361933, 49.7876951 ], [ 3.3362563, 49.7876449 ], [ 3.33644, 49.7876238 ], [ 3.3366165, 49.7875112 ], [ 3.3367376, 49.7873582 ], [ 3.3373198, 49.7872059 ], [ 3.337906, 49.7868925 ], [ 3.3365875, 49.7857397 ], [ 3.3355291, 49.7849618 ], [ 3.3352421, 49.7847188 ], [ 3.3352143, 49.784604 ], [ 3.3351392, 49.7842048 ], [ 3.3351968, 49.7841667 ], [ 3.3350128, 49.7837385 ], [ 3.3349708, 49.7836408 ], [ 3.332023, 49.785579 ], [ 3.3319879, 49.7856744 ], [ 3.3319614, 49.7858127 ], [ 3.331154, 49.786423 ], [ 3.3310998, 49.786464 ], [ 3.3309894, 49.7865475 ] ] ] } },
{ "type": "Feature", "properties": { "Aire": "RRN C", "NomUsuel": "Montigny le Roi", "Nature": "S", "GVO": "APRR", "Surface": 36959.48102, "Réseau": "C", "Axe": "A31", "id_aire": "A000330" }, "geometry": { "type": "Polygon", "coordinates": [ [ [ 5.4976729, 47.9759755 ], [ 5.4973698, 47.9760114 ], [ 5.4973108, 47.9761029 ], [ 5.4963006, 47.9771559 ], [ 5.4962621, 47.9772308 ], [ 5.4963117, 47.9773198 ], [ 5.4968347, 47.9779434 ], [ 5.4969326, 47.9779892 ], [ 5.4972933, 47.9781068 ], [ 5.4975066, 47.9781876 ], [ 5.4975113, 47.9781872 ], [ 5.4989818, 47.9782594 ], [ 5.4995464, 47.9780044 ], [ 5.4990193, 47.9773796 ], [ 5.4980645, 47.9761604 ], [ 5.4976729, 47.9759755 ] ] ] } },
{ "type": "Feature", "properties": { "Aire": "RRN C", "NomUsuel": "Aire de Val de Meuse", "Nature": "S", "GVO": "APRR", "Surface": 19950.99708, "Réseau": "C", "Axe": "A31", "id_aire": "A000331" }, "geometry": { "type": "Polygon", "coordinates": [ [ [ 5.4977241, 47.9745255 ], [ 5.4989752, 47.9761859 ], [ 5.4990993, 47.9761886 ], [ 5.499878, 47.9756518 ], [ 5.4999659, 47.9755387 ], [ 5.4992968, 47.974593 ], [ 5.4995322, 47.9744574 ], [ 5.4982683, 47.9741888 ], [ 5.4980889, 47.9743274 ], [ 5.4977241, 47.9745255 ] ] ] } },
{ "type": "Feature", "properties": { "Aire": "RRN C", "NomUsuel": "LACQ AUDEJOS NORD", "Nature": "S", "GVO": "ASF", "Surface": 25765.02289, "Réseau": "C", "Axe": "A64", "id_aire": "A000332" }, "geometry": { "type": "Polygon", "coordinates": [ [ [ -0.5864838, 43.4189671 ], [ -0.5861941, 43.4192224 ], [ -0.586111, 43.4192983 ], [ -0.5852231, 43.4197075 ], [ -0.5849436, 43.4196607 ], [ -0.5847382, 43.4195648 ], [ -0.5842977, 43.4193005 ], [ -0.5839377, 43.4191627 ], [ -0.5833966, 43.4190353 ], [ -0.5833992, 43.418708 ], [ -0.583595, 43.4185561 ], [ -0.583536, 43.418069 ], [ -0.5835857, 43.418031 ], [ -0.5836965, 43.4179339 ], [ -0.5864838, 43.4189671 ] ] ] } },
{ "type": "Feature", "properties": { "Aire": "RRN C", "NomUsuel": "LACQ AUDEJOS SUD", "Nature": "S", "GVO": "ASF", "Surface": 31562.60522, "Réseau": "C", "Axe": "A64", "id_aire": "A000333" }, "geometry": { "type": "Polygon", "coordinates": [ [ [ -0.6005707, 43.4223258 ], [ -0.5964049, 43.4215253 ], [ -0.5975517, 43.420843 ], [ -0.5978221, 43.4207497 ], [ -0.597991, 43.4207497 ], [ -0.5990326, 43.4209502 ], [ -0.5991036, 43.4209738 ], [ -0.5991948, 43.4207741 ], [ -0.5994965, 43.4208277 ], [ -0.5999431, 43.4216693 ], [ -0.6002864, 43.4217959 ], [ -0.6011099, 43.4219712 ], [ -0.600788, 43.4222069 ], [ -0.6005707, 43.4223258 ] ] ] } },
{ "type": "Feature", "properties": { "Aire": "RRN C", "NomUsuel": "Villeroy", "Nature": "S", "GVO": "APRR", "Surface": 50577.70541, "Réseau": "C", "Axe": "A19", "id_aire": "A000334" }, "geometry": { "type": "Polygon", "coordinates": [ [ [ 3.1741394, 48.1689613 ], [ 3.1739691, 48.1689378 ], [ 3.1738264, 48.1688032 ], [ 3.173802, 48.1686844 ], [ 3.1740756, 48.16861 ], [ 3.1742208, 48.1685386 ], [ 3.1742655, 48.1684112 ], [ 3.1742047, 48.168281 ], [ 3.1740905, 48.1681742 ], [ 3.1739667, 48.16811 ], [ 3.1739716, 48.1680085 ], [ 3.1739262, 48.1679313 ], [ 3.1738321, 48.1678811 ], [ 3.1737138, 48.1678429 ], [ 3.1736408, 48.1678624 ], [ 3.1733379, 48.1680023 ], [ 3.1732554, 48.1681205 ], [ 3.1732646, 48.1682994 ], [ 3.1730991, 48.1682955 ], [ 3.1730351, 48.1681716 ], [ 3.172892, 48.1678227 ], [ 3.1725923, 48.1674776 ], [ 3.1722639, 48.1671082 ], [ 3.1728119, 48.1670221 ], [ 3.1729966, 48.1669413 ], [ 3.1731884, 48.1668461 ], [ 3.1731572, 48.1666828 ], [ 3.1731211, 48.1666097 ], [ 3.1732519, 48.1664864 ], [ 3.1732439, 48.1663563 ], [ 3.1731073, 48.1662435 ], [ 3.1730337, 48.166153 ], [ 3.1730126, 48.165984 ], [ 3.1729937, 48.1657976 ], [ 3.1730376, 48.1656747 ], [ 3.1732457, 48.1654774 ], [ 3.1732582, 48.1654196 ], [ 3.1732482, 48.1653794 ], [ 3.1728247, 48.165384 ], [ 3.1723848, 48.1653052 ], [ 3.1720703, 48.1652418 ], [ 3.171941, 48.1652933 ], [ 3.1714074, 48.1658085 ], [ 3.1712296, 48.1659802 ], [ 3.1712406, 48.1662192 ], [ 3.1715082, 48.1665543 ], [ 3.1707765, 48.1670844 ], [ 3.1707314, 48.1671964 ], [ 3.1709239, 48.1675761 ], [ 3.1711491, 48.1677943 ], [ 3.1713631, 48.1680016 ], [ 3.1715179, 48.1681143 ], [ 3.171722, 48.1681662 ], [ 3.1722685, 48.168074 ], [ 3.1724154, 48.168102 ], [ 3.1724853, 48.1681815 ], [ 3.1725851, 48.1684816 ], [ 3.1727694, 48.1687367 ], [ 3.1730181, 48.1689111 ], [ 3.1733996, 48.1690467 ], [ 3.1739102, 48.1690702 ], [ 3.174166, 48.169029 ], [ 3.1741584, 48.1689988 ], [ 3.1741511, 48.1689849 ], [ 3.1741394, 48.1689613 ] ] ] } },
{ "type": "Feature", "properties": { "Aire": "RRN C", "NomUsuel": "Aire de la Dentelle d'Alen?on", "Nature": "S", "GVO": "COFIROUTE", "Surface": 61107.77914, "Réseau": "C", "Axe": "A28", "id_aire": "A000335" }, "geometry": { "type": "Polygon", "coordinates": [ [ [ 0.128278, 48.4565707 ], [ 0.1280971, 48.4564424 ], [ 0.1252457, 48.4554363 ], [ 0.1252318, 48.4554314 ], [ 0.1251415, 48.4553898 ], [ 0.124944, 48.4552989 ], [ 0.1242265, 48.4560978 ], [ 0.1237661, 48.4566104 ], [ 0.1237518, 48.456735 ], [ 0.123817, 48.4569237 ], [ 0.1233, 48.4571834 ], [ 0.1236337, 48.4572081 ], [ 0.1242076, 48.4574449 ], [ 0.1244356, 48.4577536 ], [ 0.1247108, 48.4577098 ], [ 0.1248174, 48.457612 ], [ 0.1254502, 48.4577968 ], [ 0.1259957, 48.4580506 ], [ 0.1261968, 48.4580691 ], [ 0.126473, 48.4580019 ], [ 0.128278, 48.4565707 ] ] ] } },
{ "type": "Feature", "properties": { "Aire": "RRN C", "NomUsuel": "Villers-Bretonneux", "Nature": "S", "GVO": "SANEF", "Surface": 41261.20316, "Réseau": "C", "Axe": "A29", "id_aire": "A000336" }, "geometry": { "type": "Polygon", "coordinates": [ [ [ 2.5176346, 49.8540776 ], [ 2.5177342, 49.8541969 ], [ 2.5181825, 49.8543441 ], [ 2.5185028, 49.854549 ], [ 2.5187093, 49.854894 ], [ 2.5194993, 49.8549797 ], [ 2.520005, 49.8550084 ], [ 2.5210932, 49.8551099 ], [ 2.5217762, 49.8551477 ], [ 2.5230067, 49.8552534 ], [ 2.523182, 49.855311 ], [ 2.5235553, 49.8553239 ], [ 2.5240825, 49.8549971 ], [ 2.5241162, 49.8549012 ], [ 2.5241298, 49.8547836 ], [ 2.5240892, 49.8546746 ], [ 2.5239991, 49.8545675 ], [ 2.5236161, 49.8542694 ], [ 2.5176346, 49.8540776 ] ] ] } },
{ "type": "Feature", "properties": { "Aire": "RRN C", "NomUsuel": "Aire Marcel Pagnol", "Nature": "S", "GVO": "ESCOTA", "Surface": 22306.83813, "Réseau": "C", "Axe": "A52", "id_aire": "A000337" }, "geometry": { "type": "Polygon", "coordinates": [ [ [ 5.5764165, 43.4021158 ], [ 5.5764165, 43.4012466 ], [ 5.5764571, 43.4006033 ], [ 5.576572, 43.4000828 ], [ 5.5768153, 43.3995131 ], [ 5.5750986, 43.4001859 ], [ 5.575031, 43.4002694 ], [ 5.5750513, 43.4003627 ], [ 5.5751053, 43.4004707 ], [ 5.5751121, 43.4010846 ], [ 5.5751391, 43.4012122 ], [ 5.5752405, 43.4013104 ], [ 5.5764165, 43.4021158 ] ] ] } },
{ "type": "Feature", "properties": { "Aire": "RRN C", "NomUsuel": "NAUZE VERT", "Nature": "S", "GVO": "ASF", "Surface": 19967.35888, "Réseau": "C", "Axe": "A20", "id_aire": "A000338" }, "geometry": { "type": "Polygon", "coordinates": [ [ [ 1.3277324, 43.9586469 ], [ 1.3271222, 43.9567489 ], [ 1.3269398, 43.9568339 ], [ 1.3267466, 43.9569024 ], [ 1.3260466, 43.9570714 ], [ 1.3258387, 43.9572239 ], [ 1.3258106, 43.9573909 ], [ 1.3258347, 43.9575271 ], [ 1.3260033, 43.9578119 ], [ 1.3262084, 43.958074 ], [ 1.3263899, 43.9583158 ], [ 1.3265347, 43.9584104 ], [ 1.3268352, 43.9585069 ], [ 1.327161, 43.9585996 ], [ 1.327389, 43.9587164 ], [ 1.3277324, 43.9586469 ] ] ] } },
{ "type": "Feature", "properties": { "Aire": "RRN C", "NomUsuel": "SORGUES", "Nature": "S", "GVO": "ASF", "Surface": 69404.92238, "Réseau": "C", "Axe": "A7", "id_aire": "A000339" }, "geometry": { "type": "Polygon", "coordinates": [ [ [ 4.8891359, 44.0211794 ], [ 4.8890286, 44.0218428 ], [ 4.8888767, 44.0225889 ], [ 4.8889105, 44.0227126 ], [ 4.8888918, 44.0228554 ], [ 4.8888059, 44.0230559 ], [ 4.888704, 44.0235786 ], [ 4.8885538, 44.0243732 ], [ 4.8884063, 44.0252237 ], [ 4.8883155, 44.0256311 ], [ 4.8884793, 44.0255846 ], [ 4.8895776, 44.0253076 ], [ 4.8901156, 44.0252302 ], [ 4.8905264, 44.0250227 ], [ 4.891441, 44.0236512 ], [ 4.8914997, 44.0232151 ], [ 4.891397, 44.0230955 ], [ 4.8913669, 44.0230806 ], [ 4.8911476, 44.022983 ], [ 4.8899751, 44.0220418 ], [ 4.8896293, 44.0216569 ], [ 4.8895517, 44.0215854 ], [ 4.8892369, 44.0212738 ], [ 4.8891359, 44.0211794 ] ] ] } },
{ "type": "Feature", "properties": { "Aire": "RRN C", "NomUsuel": "St Nazaire - Les Eymes", "Nature": "S", "GVO": "AREA", "Surface": 25543.43941, "Réseau": "C", "Axe": "A41", "id_aire": "A000340" }, "geometry": { "type": "Polygon", "coordinates": [ [ [ 5.8594519, 45.2435058 ], [ 5.8611557, 45.2440838 ], [ 5.862847, 45.2447091 ], [ 5.8643496, 45.2452882 ], [ 5.8642905, 45.2451576 ], [ 5.8639052, 45.2447531 ], [ 5.8632023, 45.2442678 ], [ 5.8617559, 45.243454 ], [ 5.8613166, 45.2432589 ], [ 5.8608773, 45.2431209 ], [ 5.8605867, 45.2431209 ], [ 5.8601473, 45.2432684 ], [ 5.8597469, 45.243367 ], [ 5.8595042, 45.2433689 ], [ 5.8594519, 45.2435058 ] ] ] } },
{ "type": "Feature", "properties": { "Aire": "RRN C", "NomUsuel": "Aire de Longué-la Couaille", "Nature": "S", "GVO": "COFIROUTE", "Surface": 21713.64826, "Réseau": "C", "Axe": "A85", "id_aire": "A000341" }, "geometry": { "type": "Polygon", "coordinates": [ [ [ -0.1363435, 47.4203729 ], [ -0.1321031, 47.4182285 ], [ -0.1322161, 47.4182023 ], [ -0.1329443, 47.4180332 ], [ -0.1333747, 47.4180299 ], [ -0.1339078, 47.4181888 ], [ -0.134496, 47.4184157 ], [ -0.134937, 47.418765 ], [ -0.1351838, 47.419186 ], [ -0.1352377, 47.4192414 ], [ -0.1362369, 47.4202689 ], [ -0.1363435, 47.4203729 ] ] ] } },
{ "type": "Feature", "properties": { "Aire": "RRN C", "NomUsuel": "Longue-les-Cossonnieres", "Nature": "S", "GVO": "COFIROUTE", "Surface": 26540.53493, "Réseau": "C", "Axe": "A85", "id_aire": "A000342" }, "geometry": { "type": "Polygon", "coordinates": [ [ [ -0.130269, 47.4176063 ], [ -0.1351648, 47.4201015 ], [ -0.1343327, 47.4200703 ], [ -0.1331865, 47.4199166 ], [ -0.1329125, 47.4198237 ], [ -0.1322987, 47.4197276 ], [ -0.1319319, 47.4196052 ], [ -0.1317558, 47.4194529 ], [ -0.131433, 47.4191121 ], [ -0.1309097, 47.4184502 ], [ -0.130269, 47.4176063 ] ] ] } },
{ "type": "Feature", "properties": { "Aire": "RRN C", "NomUsuel": "Troyes - Fresnoy", "Nature": "S", "GVO": "APRR", "Surface": 103650.5499, "Réseau": "C", "Axe": "A5", "id_aire": "A000343" }, "geometry": { "type": "Polygon", "coordinates": [ [ [ 4.2379277, 48.2143092 ], [ 4.2410254, 48.2128212 ], [ 4.243723, 48.2113849 ], [ 4.2436581, 48.2113194 ], [ 4.2435443, 48.2112038 ], [ 4.2431407, 48.2112976 ], [ 4.2429462, 48.2113003 ], [ 4.2426619, 48.2112869 ], [ 4.2425643, 48.2112544 ], [ 4.2425036, 48.2112342 ], [ 4.2425546, 48.2110855 ], [ 4.2425922, 48.2108695 ], [ 4.2419565, 48.2106184 ], [ 4.2399671, 48.2099915 ], [ 4.2395411, 48.2099571 ], [ 4.2392069, 48.2100715 ], [ 4.2380181, 48.212202 ], [ 4.237929, 48.2141751 ], [ 4.2379277, 48.2143092 ] ] ] } },
{ "type": "Feature", "properties": { "Aire": "RRN C", "NomUsuel": "Troyes - le Plessis", "Nature": "S", "GVO": "APRR", "Surface": 78776.79184000001, "Réseau": "C", "Axe": "A5", "id_aire": "A000344" }, "geometry": { "type": "Polygon", "coordinates": [ [ [ 4.2384521, 48.2146071 ], [ 4.2387082, 48.2145958 ], [ 4.2388853, 48.2145881 ], [ 4.2393118, 48.2146006 ], [ 4.2400575, 48.2145497 ], [ 4.2401379, 48.2145738 ], [ 4.2403632, 48.2145523 ], [ 4.240433, 48.2145756 ], [ 4.2404719, 48.2146605 ], [ 4.2404941, 48.21477 ], [ 4.2405255, 48.2148213 ], [ 4.2405608, 48.2149322 ], [ 4.2418123, 48.2148971 ], [ 4.2421871, 48.2148866 ], [ 4.2435707, 48.2147662 ], [ 4.2444974, 48.2129675 ], [ 4.2437555, 48.2120252 ], [ 4.2436068, 48.2118407 ], [ 4.240806, 48.2133201 ], [ 4.2381988, 48.2144898 ], [ 4.2382971, 48.2145346 ], [ 4.2384521, 48.2146071 ] ] ] } },
{ "type": "Feature", "properties": { "Aire": "RRN C", "NomUsuel": "Les Jonchets - La Grande Paroisse", "Nature": "S", "GVO": "APRR", "Surface": 73520.72592, "Réseau": "C", "Axe": "A5", "id_aire": "A000345" }, "geometry": { "type": "Polygon", "coordinates": [ [ [ 2.9264572, 48.4286474 ], [ 2.9320937, 48.4252044 ], [ 2.9318601, 48.4251361 ], [ 2.9317284, 48.4251885 ], [ 2.9311724, 48.4253337 ], [ 2.9306571, 48.425234 ], [ 2.9280549, 48.4251807 ], [ 2.9276741, 48.4253699 ], [ 2.92761, 48.4253742 ], [ 2.9275831, 48.4253897 ], [ 2.9275069, 48.4254334 ], [ 2.9269027, 48.4257945 ], [ 2.9266195, 48.4260826 ], [ 2.9265253, 48.4272723 ], [ 2.9263814, 48.4277307 ], [ 2.9264723, 48.4280343 ], [ 2.9261868, 48.4285498 ], [ 2.9264572, 48.4286474 ] ] ] } },
{ "type": "Feature", "properties": { "Aire": "RRN C", "NomUsuel": "Les Jonchets - Les Recompenses", "Nature": "S", "GVO": "APRR", "Surface": 205657.8221, "Réseau": "C", "Axe": "A5", "id_aire": "A000346" }, "geometry": { "type": "Polygon", "coordinates": [ [ [ 2.9252541, 48.4302324 ], [ 2.9266921, 48.4309872 ], [ 2.930492, 48.430495 ], [ 2.9318206, 48.4299239 ], [ 2.9325718, 48.4294408 ], [ 2.9339545, 48.428417 ], [ 2.9340772, 48.4272518 ], [ 2.9333556, 48.4260066 ], [ 2.9324765, 48.4255492 ], [ 2.9249714, 48.4299648 ], [ 2.9252541, 48.4302324 ] ] ] } },
{ "type": "Feature", "properties": { "Aire": "RRN C", "NomUsuel": "Aire de Sommessous", "Nature": "S", "GVO": "SANEF", "Surface": 114883.8437, "Réseau": "C", "Axe": "A26", "id_aire": "A000347" }, "geometry": { "type": "Polygon", "coordinates": [ [ [ 4.222278, 48.7276857 ], [ 4.2236204, 48.729579 ], [ 4.2239208, 48.7299918 ], [ 4.2241597, 48.7303815 ], [ 4.2251482, 48.7306514 ], [ 4.2254794, 48.7312265 ], [ 4.2257565, 48.7313112 ], [ 4.2260652, 48.7308592 ], [ 4.2262224, 48.7308996 ], [ 4.2264243, 48.730957 ], [ 4.226555, 48.7309895 ], [ 4.2267645, 48.7310436 ], [ 4.2275043, 48.73125 ], [ 4.2280124, 48.7311647 ], [ 4.2285074, 48.7310846 ], [ 4.2288997, 48.7309121 ], [ 4.2298804, 48.7302837 ], [ 4.2299644, 48.7301112 ], [ 4.2298991, 48.7300188 ], [ 4.2296469, 48.7298216 ], [ 4.229292, 48.729643 ], [ 4.2294881, 48.7293041 ], [ 4.2277135, 48.7289468 ], [ 4.222278, 48.7276857 ] ] ] } },
{ "type": "Feature", "properties": { "Aire": "RRN C", "NomUsuel": "Rosny-sur-Seine Nord", "Nature": "S", "GVO": "SAPN", "Surface": 22125.38488, "Réseau": "C", "Axe": "A13", "id_aire": "A000348" }, "geometry": { "type": "Polygon", "coordinates": [ [ [ 1.6314637, 48.993204 ], [ 1.6314625, 48.9932356 ], [ 1.6314636, 48.9932761 ], [ 1.6315584, 48.9932703 ], [ 1.6316444, 48.9932812 ], [ 1.6317171, 48.9932996 ], [ 1.6320645, 48.9934355 ], [ 1.632079, 48.9934802 ], [ 1.6320571, 48.9935324 ], [ 1.6320104, 48.993567 ], [ 1.6319395, 48.9935826 ], [ 1.6318646, 48.993581 ], [ 1.6318497, 48.9935739 ], [ 1.6318194, 48.9935594 ], [ 1.6317548, 48.9935129 ], [ 1.6317192, 48.9934958 ], [ 1.6316644, 48.9934861 ], [ 1.6315759, 48.9934997 ], [ 1.6313083, 48.9936662 ], [ 1.631257, 48.9937207 ], [ 1.6312576, 48.9937797 ], [ 1.6314671, 48.9940809 ], [ 1.6315268, 48.9941171 ], [ 1.6315957, 48.9941377 ], [ 1.6316986, 48.9941451 ], [ 1.6323957, 48.9940256 ], [ 1.6324493, 48.9940023 ], [ 1.6324908, 48.9939666 ], [ 1.6325141, 48.9939077 ], [ 1.632551, 48.9938142 ], [ 1.6325871, 48.9937422 ], [ 1.6325993, 48.9937285 ], [ 1.6326206, 48.9937049 ], [ 1.6326695, 48.993681 ], [ 1.6327246, 48.993683 ], [ 1.6328436, 48.9937145 ], [ 1.6329724, 48.9937354 ], [ 1.6331211, 48.9937457 ], [ 1.6332504, 48.9937434 ], [ 1.6335984, 48.9936917 ], [ 1.6339015, 48.9936396 ], [ 1.6342144, 48.9935859 ], [ 1.6343446, 48.9935495 ], [ 1.6344962, 48.9934773 ], [ 1.6345985, 48.9933881 ], [ 1.6346583, 48.993293 ], [ 1.6346788, 48.9931921 ], [ 1.6346827, 48.9930306 ], [ 1.6347056, 48.9929465 ], [ 1.6347608, 48.9928459 ], [ 1.6348755, 48.9927437 ], [ 1.6350233, 48.9926694 ], [ 1.6349966, 48.9926227 ], [ 1.6349856, 48.9926034 ], [ 1.6336572, 48.9928389 ], [ 1.6334406, 48.9928772 ], [ 1.63205, 48.9931241 ], [ 1.6316122, 48.9931939 ], [ 1.6314637, 48.993204 ] ] ] } },
{ "type": "Feature", "properties": { "Aire": "RRN C", "NomUsuel": "Valmy Orbeval", "Nature": "S", "GVO": "SANEF", "Surface": 32637.87443, "Réseau": "C", "Axe": "A4", "id_aire": "A000349" }, "geometry": { "type": "Polygon", "coordinates": [ [ [ 4.7851348, 49.07219 ], [ 4.7906331, 49.0731607 ], [ 4.7908089, 49.0731582 ], [ 4.7912849, 49.0731516 ], [ 4.791171, 49.0730146 ], [ 4.7909912, 49.0728468 ], [ 4.7898647, 49.0721325 ], [ 4.789799, 49.0721325 ], [ 4.7897502, 49.072082 ], [ 4.7897226, 49.0720534 ], [ 4.7897266, 49.0720174 ], [ 4.7895155, 49.0718307 ], [ 4.7892367, 49.0717186 ], [ 4.7888063, 49.0716609 ], [ 4.7881705, 49.0716673 ], [ 4.7878086, 49.071725 ], [ 4.7874711, 49.0718275 ], [ 4.7865533, 49.0721793 ], [ 4.7863312, 49.0721926 ], [ 4.786109, 49.0721756 ], [ 4.7853109, 49.0720651 ], [ 4.7851979, 49.0721452 ], [ 4.7851348, 49.07219 ] ] ] } },
{ "type": "Feature", "properties": { "Aire": "RRN C", "NomUsuel": "Valmy Le Moulin", "Nature": "S", "GVO": "SANEF", "Surface": 52255.95607, "Réseau": "C", "Axe": "A4", "id_aire": "A000350" }, "geometry": { "type": "Polygon", "coordinates": [ [ [ 4.7936743, 49.0739267 ], [ 4.7881676, 49.0729423 ], [ 4.788146, 49.0729843 ], [ 4.7878799, 49.0735022 ], [ 4.788529, 49.0745301 ], [ 4.7911455, 49.0749974 ], [ 4.7915558, 49.0747973 ], [ 4.7927897, 49.0741954 ], [ 4.7928514, 49.0741927 ], [ 4.7929546, 49.0741989 ], [ 4.7929627, 49.0741734 ], [ 4.7930023, 49.0740966 ], [ 4.7935031, 49.07414 ], [ 4.7936293, 49.0739828 ], [ 4.7936743, 49.0739267 ] ] ] } },
{ "type": "Feature", "properties": { "Aire": "RRN C", "NomUsuel": "Aire de Tardenois Sud", "Nature": "S", "GVO": "SANEF", "Surface": 39881.91435, "Réseau": "C", "Axe": "A4", "id_aire": "A000351" }, "geometry": { "type": "Polygon", "coordinates": [ [ [ 3.5343528, 49.1257303 ], [ 3.5375839, 49.1262968 ], [ 3.5403613, 49.1267166 ], [ 3.5395841, 49.1258055 ], [ 3.5394354, 49.1256949 ], [ 3.5391245, 49.1255799 ], [ 3.5389825, 49.1255047 ], [ 3.5386581, 49.1251509 ], [ 3.537793, 49.1250182 ], [ 3.5371306, 49.1252526 ], [ 3.5369549, 49.1252526 ], [ 3.5360987, 49.1250924 ], [ 3.5346565, 49.1256194 ], [ 3.5343528, 49.1257303 ] ] ] } },
{ "type": "Feature", "properties": { "Aire": "RRN C", "NomUsuel": "Tardenois Nord", "Nature": "S", "GVO": "SANEF", "Surface": 52404.60538, "Réseau": "C", "Axe": "A4", "id_aire": "A000352" }, "geometry": { "type": "Polygon", "coordinates": [ [ [ 3.5398679, 49.1269775 ], [ 3.5389487, 49.1268537 ], [ 3.5362114, 49.1264291 ], [ 3.5323116, 49.1256639 ], [ 3.5351614, 49.1274855 ], [ 3.537424, 49.1279445 ], [ 3.5394781, 49.1272514 ], [ 3.5398679, 49.1269775 ] ] ] } },
{ "type": "Feature", "properties": { "Aire": "RRN C", "NomUsuel": "Vrigny", "Nature": "S", "GVO": "SANEF", "Surface": 37161.24636, "Réseau": "C", "Axe": "A4", "id_aire": "A000353" }, "geometry": { "type": "Polygon", "coordinates": [ [ [ 3.9174319, 49.2429898 ], [ 3.9216357, 49.2434875 ], [ 3.9218171, 49.243048 ], [ 3.9213235, 49.2423388 ], [ 3.9212079, 49.2422196 ], [ 3.9188241, 49.2418822 ], [ 3.9172992, 49.2427295 ], [ 3.9174319, 49.2429898 ] ] ] } },
{ "type": "Feature", "properties": { "Aire": "RRN C", "NomUsuel": "Gueux", "Nature": "S", "GVO": "SANEF", "Surface": 33719.06132, "Réseau": "C", "Axe": "A4", "id_aire": "A000354" }, "geometry": { "type": "Polygon", "coordinates": [ [ [ 3.9207235, 49.2437706 ], [ 3.9200052, 49.2438157 ], [ 3.9214863, 49.244847 ], [ 3.9220608, 49.244947 ], [ 3.9238493, 49.2451649 ], [ 3.9256233, 49.2447049 ], [ 3.9257933, 49.2444813 ], [ 3.9207235, 49.2437706 ] ] ] } },
{ "type": "Feature", "properties": { "Aire": "RRN C", "NomUsuel": "Sandaucourt - La Trelle", "Nature": "S", "GVO": "APRR", "Surface": 143994.5944, "Réseau": "C", "Axe": "A31", "id_aire": "A000355" }, "geometry": { "type": "Polygon", "coordinates": [ [ [ 5.8635377, 48.2640342 ], [ 5.8632051, 48.2639917 ], [ 5.8626167, 48.2647028 ], [ 5.8612681, 48.2655299 ], [ 5.858734, 48.2657951 ], [ 5.8572843, 48.2682692 ], [ 5.8592174, 48.2698905 ], [ 5.8588261, 48.2713242 ], [ 5.8582152, 48.2717379 ], [ 5.8587709, 48.2720376 ], [ 5.8592856, 48.2713221 ], [ 5.8603799, 48.2697189 ], [ 5.8618176, 48.2673943 ], [ 5.8630031, 48.265266 ], [ 5.8635377, 48.2640342 ] ] ] } },
{ "type": "Feature", "properties": { "Aire": "RRN C", "NomUsuel": "LA BIGUE", "Nature": "S", "GVO": "ESCOTA", "Surface": 11185.84947, "Réseau": "C", "Axe": "A57", "id_aire": "A000356" }, "geometry": { "type": "Polygon", "coordinates": [ [ [ 6.0096882, 43.1425161 ], [ 6.0096801, 43.1426497 ], [ 6.0104088, 43.1428718 ], [ 6.0114048, 43.1430514 ], [ 6.0118421, 43.1430999 ], [ 6.0119538, 43.1430467 ], [ 6.0123263, 43.1431176 ], [ 6.0123443, 43.1430265 ], [ 6.0124008, 43.1427407 ], [ 6.010493, 43.1423377 ], [ 6.0102679, 43.142346 ], [ 6.0096849, 43.142437 ], [ 6.0096882, 43.1425161 ] ] ] } },
{ "type": "Feature", "properties": { "Aire": "RRN C", "NomUsuel": "Aire de Morainvilliers Sud", "Nature": "S", "GVO": "SAPN", "Surface": 35424.55248, "Réseau": "C", "Axe": "A13", "id_aire": "A000357" }, "geometry": { "type": "Polygon", "coordinates": [ [ [ 1.9529057, 48.9409978 ], [ 1.9528762, 48.9409564 ], [ 1.9528306, 48.9409308 ], [ 1.952616, 48.9409713 ], [ 1.9517711, 48.940848 ], [ 1.9516289, 48.9407441 ], [ 1.9515592, 48.9405961 ], [ 1.9519132, 48.9401821 ], [ 1.9518703, 48.9401559 ], [ 1.9517589, 48.9401085 ], [ 1.9516472, 48.9401941 ], [ 1.949531, 48.9423168 ], [ 1.9501915, 48.9430367 ], [ 1.950217, 48.943156 ], [ 1.9501246, 48.9433345 ], [ 1.9503881, 48.9434104 ], [ 1.9504943, 48.9434448 ], [ 1.9516879, 48.9421958 ], [ 1.9529057, 48.9409978 ] ] ] } },
{ "type": "Feature", "properties": { "Aire": "RRN C", "NomUsuel": "L'ESTALOT", "Nature": "S", "GVO": "ASF", "Surface": 43005.49032, "Réseau": "C", "Axe": "A10", "id_aire": "A000358" }, "geometry": { "type": "Polygon", "coordinates": [ [ [ -0.4309639, 44.9793691 ], [ -0.4310352, 44.9790697 ], [ -0.4310524, 44.9789725 ], [ -0.4324311, 44.977098 ], [ -0.4324429, 44.9771319 ], [ -0.4324624, 44.9772031 ], [ -0.4325402, 44.9774642 ], [ -0.4327246, 44.9774952 ], [ -0.4335107, 44.9774399 ], [ -0.4338718, 44.9776205 ], [ -0.4338607, 44.9777469 ], [ -0.4338312, 44.9778759 ], [ -0.4338178, 44.9780675 ], [ -0.4338178, 44.9783028 ], [ -0.4334584, 44.9788151 ], [ -0.433268, 44.9791642 ], [ -0.4326966, 44.9799212 ], [ -0.4314736, 44.9797447 ], [ -0.4309639, 44.9793691 ] ] ] } },
{ "type": "Feature", "properties": { "Aire": "RRN C", "NomUsuel": "Les Marceaux", "Nature": "R", "GVO": "AREA", "Surface": 6939.8919, "Réseau": "C", "Axe": "A51N", "id_aire": "A000359" }, "geometry": { "type": "Polygon", "coordinates": [ [ [ 5.6492874, 44.9616039 ], [ 5.6491721, 44.9615014 ], [ 5.6480619, 44.9621739 ], [ 5.6473643, 44.9625965 ], [ 5.6475091, 44.9626952 ], [ 5.6477424, 44.9626686 ], [ 5.6480241, 44.9626211 ], [ 5.6483406, 44.96253 ], [ 5.6486893, 44.9623668 ], [ 5.6489682, 44.9621733 ], [ 5.6491452, 44.9619569 ], [ 5.6492874, 44.9616039 ] ] ] } },
{ "type": "Feature", "properties": { "Aire": "RRN C", "NomUsuel": "Les Jaillets", "Nature": "R", "GVO": "AREA", "Surface": 8243.57172, "Réseau": "C", "Axe": "A51N", "id_aire": "A000360" }, "geometry": { "type": "Polygon", "coordinates": [ [ [ 5.6489307, 44.9611142 ], [ 5.6477103, 44.9614672 ], [ 5.6472194, 44.9617614 ], [ 5.6464818, 44.9625414 ], [ 5.6466535, 44.9626553 ], [ 5.6490272, 44.9611864 ], [ 5.6489307, 44.9611142 ] ] ] } },
{ "type": "Feature", "properties": { "Aire": "RRN C", "NomUsuel": "Hardivillers", "Nature": "S", "GVO": "SANEF", "Surface": 54415.59555, "Réseau": "C", "Axe": "A16", "id_aire": "A000361" }, "geometry": { "type": "Polygon", "coordinates": [ [ [ 2.2062135, 49.6098722 ], [ 2.2053122, 49.6078178 ], [ 2.2052203, 49.6078323 ], [ 2.204875, 49.6078891 ], [ 2.2042144, 49.6080055 ], [ 2.2023378, 49.6083363 ], [ 2.2021754, 49.6083679 ], [ 2.2020239, 49.6083949 ], [ 2.2027145, 49.6100217 ], [ 2.2028474, 49.6099962 ], [ 2.2041884, 49.6097453 ], [ 2.2043909, 49.6101859 ], [ 2.2044325, 49.610272 ], [ 2.205956, 49.6100147 ], [ 2.2060343, 49.6099789 ], [ 2.2061203, 49.6099267 ], [ 2.2062135, 49.6098722 ] ] ] } },
{ "type": "Feature", "properties": { "Aire": "RRN C", "NomUsuel": "Saint-Leger", "Nature": "S", "GVO": "SANEF", "Surface": 20557.18222, "Réseau": "C", "Axe": "A1", "id_aire": "A000362" }, "geometry": { "type": "Polygon", "coordinates": [ [ [ 2.8741211, 50.1724561 ], [ 2.8740792, 50.172438 ], [ 2.8739655, 50.1724387 ], [ 2.8737161, 50.1726276 ], [ 2.8734452, 50.1727238 ], [ 2.8733405, 50.172729 ], [ 2.8731635, 50.1727599 ], [ 2.8730267, 50.1728407 ], [ 2.8729302, 50.1728905 ], [ 2.87278, 50.1729712 ], [ 2.8727666, 50.1735501 ], [ 2.87278, 50.1739847 ], [ 2.8728524, 50.1741222 ], [ 2.8730844, 50.1742425 ], [ 2.8733807, 50.1744108 ], [ 2.873884, 50.1746816 ], [ 2.874008, 50.1748305 ], [ 2.874118, 50.1748715 ], [ 2.8743041, 50.1748137 ], [ 2.8742731, 50.1744748 ], [ 2.8741211, 50.1724561 ] ] ] } },
{ "type": "Feature", "properties": { "Aire": "RRN C", "NomUsuel": "L'Allier (Saulzet)", "Nature": "S", "GVO": "APRR", "Surface": 103479.6471, "Réseau": "C", "Axe": "A71", "id_aire": "A000363" }, "geometry": { "type": "Polygon", "coordinates": [ [ [ 2.8057837, 46.3572586 ], [ 2.8061529, 46.3571506 ], [ 2.8063934, 46.3570272 ], [ 2.8068746, 46.3566442 ], [ 2.8072187, 46.3563398 ], [ 2.8073863, 46.3561123 ], [ 2.8082513, 46.3547589 ], [ 2.8081556, 46.3546925 ], [ 2.8078661, 46.3544916 ], [ 2.8042926, 46.355527 ], [ 2.8022312, 46.3560825 ], [ 2.8020608, 46.3561223 ], [ 2.8019401, 46.3561797 ], [ 2.8015606, 46.3562704 ], [ 2.8011811, 46.3563306 ], [ 2.800418, 46.3564963 ], [ 2.8002812, 46.3565277 ], [ 2.8002699, 46.3566445 ], [ 2.8002551, 46.3568251 ], [ 2.8007662, 46.3568902 ], [ 2.8008315, 46.3568313 ], [ 2.8011007, 46.3569067 ], [ 2.8015163, 46.356998 ], [ 2.80156, 46.3571235 ], [ 2.8016117, 46.3575828 ], [ 2.8017352, 46.3575652 ], [ 2.8019442, 46.3575523 ], [ 2.8033644, 46.3574561 ], [ 2.803433, 46.3574459 ], [ 2.8036219, 46.3575209 ], [ 2.8037761, 46.3575505 ], [ 2.8038928, 46.3575514 ], [ 2.8040443, 46.3575153 ], [ 2.8041328, 46.3574533 ], [ 2.8042133, 46.3573978 ], [ 2.8044166, 46.3575448 ], [ 2.8044507, 46.3575709 ], [ 2.8044882, 46.3575959 ], [ 2.8057837, 46.3572586 ] ] ] } },
{ "type": "Feature", "properties": { "Aire": "RRN C", "NomUsuel": "Vignacourt Ouest", "Nature": "R", "GVO": "SANEF", "Surface": 20547.64902, "Réseau": "C", "Axe": "A16", "id_aire": "A000364" }, "geometry": { "type": "Polygon", "coordinates": [ [ [ 2.1788442, 49.9916704 ], [ 2.1791936, 49.9917245 ], [ 2.1794772, 49.9906702 ], [ 2.1801209, 49.9893804 ], [ 2.1793806, 49.9890217 ], [ 2.1788549, 49.9896977 ], [ 2.17834, 49.9905426 ], [ 2.1782809, 49.9906633 ], [ 2.1785062, 49.9907599 ], [ 2.1783882, 49.9909565 ], [ 2.1784633, 49.9911324 ], [ 2.1784204, 49.9912427 ], [ 2.1782219, 49.9913152 ], [ 2.1784419, 49.9915531 ], [ 2.1788442, 49.9916704 ] ] ] } },
{ "type": "Feature", "properties": { "Aire": "RRN C", "NomUsuel": "Vignacourt Est", "Nature": "R", "GVO": "SANEF", "Surface": 30996.98476, "Réseau": "C", "Axe": "A16", "id_aire": "A000365" }, "geometry": { "type": "Polygon", "coordinates": [ [ [ 2.1800888, 49.9915221 ], [ 2.1800727, 49.9916463 ], [ 2.1802819, 49.9918014 ], [ 2.1802497, 49.9919946 ], [ 2.1800941, 49.9920394 ], [ 2.1796811, 49.9920222 ], [ 2.1794128, 49.9926291 ], [ 2.1797401, 49.9927361 ], [ 2.1802551, 49.9926464 ], [ 2.1807057, 49.9927912 ], [ 2.1812206, 49.9926257 ], [ 2.1813011, 49.9927223 ], [ 2.1824545, 49.9923188 ], [ 2.1817517, 49.9913048 ], [ 2.1810275, 49.9904668 ], [ 2.1807033, 49.9903391 ], [ 2.1800888, 49.9915221 ] ] ] } },
{ "type": "Feature", "properties": { "Aire": "RRN C", "NomUsuel": "Montard", "Nature": "R", "GVO": "APRR", "Surface": 58937.89754, "Réseau": "C", "Axe": "A5", "id_aire": "A000366" }, "geometry": { "type": "Polygon", "coordinates": [ [ [ 3.3454952, 48.2475097 ], [ 3.3460289, 48.2477044 ], [ 3.3472326, 48.2472404 ], [ 3.3497974, 48.2462613 ], [ 3.350227, 48.2461565 ], [ 3.3514877, 48.245748 ], [ 3.3519711, 48.245574 ], [ 3.3512109, 48.2454306 ], [ 3.3506021, 48.2454235 ], [ 3.3496526, 48.2453253 ], [ 3.3492208, 48.2452288 ], [ 3.3486012, 48.2450305 ], [ 3.3463991, 48.2458986 ], [ 3.3454952, 48.2475097 ] ] ] } },
{ "type": "Feature", "properties": { "Aire": "RRN C", "NomUsuel": "Val de Loing Barriere Est", "Nature": "P", "GVO": "APRR", "Surface": 5404.98235, "Réseau": "C", "Axe": "A77", "id_aire": "A000367" }, "geometry": { "type": "Polygon", "coordinates": [ [ [ 2.7674147, 48.1767573 ], [ 2.7674051, 48.1769154 ], [ 2.7673351, 48.1780677 ], [ 2.7673182, 48.1783455 ], [ 2.7675623, 48.1781076 ], [ 2.7679324, 48.1778572 ], [ 2.767978, 48.1772205 ], [ 2.7678037, 48.1770309 ], [ 2.7674147, 48.1767573 ] ] ] } },
{ "type": "Feature", "properties": { "Aire": "RRN C", "NomUsuel": "Val de Loing Barriere Ouest", "Nature": "P", "GVO": "APRR", "Surface": 5019.81734, "Réseau": "C", "Axe": "A77", "id_aire": "A000368" }, "geometry": { "type": "Polygon", "coordinates": [ [ [ 2.7664465, 48.1754051 ], [ 2.7664787, 48.1752162 ], [ 2.7666965, 48.1739391 ], [ 2.7665135, 48.1739956 ], [ 2.7660683, 48.174246 ], [ 2.7659637, 48.1748703 ], [ 2.7663714, 48.1753049 ], [ 2.7664465, 48.1754051 ] ] ] } },
{ "type": "Feature", "properties": { "Aire": "RRN C", "NomUsuel": "Vaucourtois", "Nature": "R", "GVO": "SANEF", "Surface": 19205.05103, "Réseau": "C", "Axe": "A4", "id_aire": "A000369" }, "geometry": { "type": "Polygon", "coordinates": [ [ [ 2.9526535, 48.910025 ], [ 2.9561511, 48.9105098 ], [ 2.9562146, 48.910445 ], [ 2.9561806, 48.910152 ], [ 2.9554966, 48.9097447 ], [ 2.9535654, 48.9094521 ], [ 2.951907, 48.9097239 ], [ 2.9526535, 48.910025 ] ] ] } },
{ "type": "Feature", "properties": { "Aire": "RRN C", "NomUsuel": "Porte des Landes Est", "Nature": "S", "GVO": "ATLANDES", "Surface": 180824.684, "Réseau": "C", "Axe": "A63", "id_aire": "A000370" }, "geometry": { "type": "Polygon", "coordinates": [ [ [ -0.8531978, 44.3574305 ], [ -0.8530497, 44.357645 ], [ -0.8530906, 44.3577494 ], [ -0.8495671, 44.3632208 ], [ -0.8493256, 44.3633907 ], [ -0.8487529, 44.3643599 ], [ -0.8476271, 44.3624716 ], [ -0.847074, 44.3613799 ], [ -0.8473077, 44.3612184 ], [ -0.8472337, 44.36099 ], [ -0.8468831, 44.360795 ], [ -0.8470506, 44.360465 ], [ -0.8481336, 44.35878 ], [ -0.8483751, 44.358514 ], [ -0.8485835, 44.3583789 ], [ -0.8487491, 44.3582953 ], [ -0.8498476, 44.3579876 ], [ -0.8509072, 44.3577745 ], [ -0.8523388, 44.357606 ], [ -0.8531978, 44.3574305 ] ] ] } },
{ "type": "Feature", "properties": { "Aire": "RRN C", "NomUsuel": "Courcy Est", "Nature": "P", "GVO": "SANEF", "Surface": 3530.94548, "Réseau": "C", "Axe": "A26", "id_aire": "A000371" }, "geometry": { "type": "Polygon", "coordinates": [ [ [ 3.9824346, 49.3238007 ], [ 3.9824212, 49.3238699 ], [ 3.9824377, 49.3239042 ], [ 3.9825129, 49.3238785 ], [ 3.9828855, 49.3238496 ], [ 3.982959, 49.3238273 ], [ 3.9836735, 49.3232624 ], [ 3.9836923, 49.3232 ], [ 3.9836821, 49.3231432 ], [ 3.9836137, 49.3230106 ], [ 3.9836137, 49.3229661 ], [ 3.9835511, 49.3229774 ], [ 3.9835026, 49.3229861 ], [ 3.9830589, 49.3233077 ], [ 3.9828821, 49.3234327 ], [ 3.9824346, 49.3238007 ] ] ] } },
{ "type": "Feature", "properties": { "Aire": "RRN C", "NomUsuel": "Courcy Ouest", "Nature": "P", "GVO": "SANEF", "Surface": 3476.67842, "Réseau": "C", "Axe": "A26", "id_aire": "A000372" }, "geometry": { "type": "Polygon", "coordinates": [ [ [ 3.9845454, 49.3208865 ], [ 3.9848924, 49.3206157 ], [ 3.9851146, 49.3204441 ], [ 3.9854565, 49.3201355 ], [ 3.9854958, 49.3200963 ], [ 3.9854895, 49.3200707 ], [ 3.9854651, 49.3200492 ], [ 3.9854284, 49.3200562 ], [ 3.9850061, 49.3200838 ], [ 3.9849081, 49.3201132 ], [ 3.9841593, 49.320744 ], [ 3.9841925, 49.3207783 ], [ 3.9842336, 49.3207911 ], [ 3.9843221, 49.3207684 ], [ 3.9844091, 49.3207861 ], [ 3.9844576, 49.3208432 ], [ 3.9844588, 49.3208895 ], [ 3.9844971, 49.3208985 ], [ 3.9845454, 49.3208865 ] ] ] } },
{ "type": "Feature", "properties": { "Aire": "RRN C", "NomUsuel": "Aire de St Michel de Maurienne", "Nature": "S", "GVO": "SFTRF", "Surface": 27422.52427, "Réseau": "C", "Axe": "A43", "id_aire": "A000373" }, "geometry": { "type": "Polygon", "coordinates": [ [ [ 6.4645985, 45.217423 ], [ 6.4644041, 45.2169581 ], [ 6.4642873, 45.2166786 ], [ 6.4640379, 45.21662 ], [ 6.4638475, 45.2165218 ], [ 6.4637268, 45.2164632 ], [ 6.4622515, 45.2168411 ], [ 6.4620289, 45.216945 ], [ 6.4615676, 45.2175666 ], [ 6.4615408, 45.2177745 ], [ 6.46175, 45.2180711 ], [ 6.4619726, 45.2180975 ], [ 6.4621952, 45.2180654 ], [ 6.4623561, 45.2179955 ], [ 6.4628068, 45.2179029 ], [ 6.4632118, 45.2178217 ], [ 6.4645207, 45.2175099 ], [ 6.4645985, 45.217423 ] ] ] } },
{ "type": "Feature", "properties": { "Aire": "RRN C", "NomUsuel": "La Ferte St Aubin", "Nature": "S", "GVO": "COFIROUTE", "Surface": 25687.43643, "Réseau": "C", "Axe": "A71", "id_aire": "A000374" }, "geometry": { "type": "Polygon", "coordinates": [ [ [ 1.9276085, 47.6649269 ], [ 1.9280443, 47.66471 ], [ 1.9285029, 47.6645492 ], [ 1.928747, 47.6645203 ], [ 1.9292352, 47.6642602 ], [ 1.9298333, 47.664253 ], [ 1.9301766, 47.6638411 ], [ 1.9302155, 47.6637029 ], [ 1.9301813, 47.6635364 ], [ 1.9302611, 47.6634563 ], [ 1.9303201, 47.663385 ], [ 1.9303402, 47.6633534 ], [ 1.9304918, 47.6632405 ], [ 1.9306058, 47.6629144 ], [ 1.9302195, 47.6624447 ], [ 1.930347, 47.6621501 ], [ 1.930106, 47.6620698 ], [ 1.928456, 47.6638339 ], [ 1.9283795, 47.663963 ], [ 1.9280148, 47.664336 ], [ 1.927827, 47.6644607 ], [ 1.9275883, 47.6646973 ], [ 1.9276085, 47.6649269 ] ] ] } },
{ "type": "Feature", "properties": { "Aire": "RRN C", "NomUsuel": "Vallee d'Ecalles", "Nature": "R", "GVO": "ALBEA", "Surface": 28623.51799, "Réseau": "C", "Axe": "A150", "id_aire": "A000375" }, "geometry": { "type": "Polygon", "coordinates": [ [ [ 0.9218936, 49.5475266 ], [ 0.922963, 49.5467212 ], [ 0.9236643, 49.5461931 ], [ 0.9244163, 49.5456268 ], [ 0.923685, 49.5452093 ], [ 0.9235679, 49.5450083 ], [ 0.9235359, 49.5447624 ], [ 0.9231995, 49.5449322 ], [ 0.9215169, 49.5462707 ], [ 0.9216239, 49.5473628 ], [ 0.9216956, 49.5474097 ], [ 0.9218936, 49.5475266 ] ] ] } },
{ "type": "Feature", "properties": { "Aire": "RRN C", "NomUsuel": "La Chenardiere", "Nature": "R", "GVO": "COFIROUTE", "Surface": 23668.14911, "Réseau": "C", "Axe": "A28", "id_aire": "A000376" }, "geometry": { "type": "Polygon", "coordinates": [ [ [ 0.6192502, 47.5345448 ], [ 0.6188539, 47.5353047 ], [ 0.6184651, 47.5359499 ], [ 0.6179796, 47.5366488 ], [ 0.6173296, 47.5375529 ], [ 0.6170314, 47.5379727 ], [ 0.6173801, 47.5378801 ], [ 0.6181569, 47.5371317 ], [ 0.6188417, 47.5368582 ], [ 0.6191762, 47.5366729 ], [ 0.6197708, 47.5357602 ], [ 0.6198062, 47.5354973 ], [ 0.6197354, 47.5351389 ], [ 0.619792, 47.5348044 ], [ 0.619523, 47.5345272 ], [ 0.6192502, 47.5345448 ] ] ] } },
{ "type": "Feature", "properties": { "Aire": "RRN C", "NomUsuel": "POITOU-CHARENTES NORD", "Nature": "S", "GVO": "ASF", "Surface": 142135.5494, "Réseau": "C", "Axe": "A10", "id_aire": "A000377" }, "geometry": { "type": "Polygon", "coordinates": [ [ [ -0.3807168, 46.2977955 ], [ -0.3806916, 46.2978005 ], [ -0.3806613, 46.2977991 ], [ -0.3797941, 46.2975763 ], [ -0.379657, 46.2975412 ], [ -0.379543, 46.297521 ], [ -0.3794398, 46.2975103 ], [ -0.3789961, 46.2975157 ], [ -0.3788069, 46.2975251 ], [ -0.3780486, 46.2975416 ], [ -0.3780487, 46.2976124 ], [ -0.3777408, 46.2976262 ], [ -0.3775261, 46.2977946 ], [ -0.3769485, 46.2980412 ], [ -0.3766765, 46.2977166 ], [ -0.3762288, 46.2978904 ], [ -0.3760962, 46.2977361 ], [ -0.3759279, 46.297789 ], [ -0.3759206, 46.2977882 ], [ -0.3759132, 46.2978039 ], [ -0.3758523, 46.2978299 ], [ -0.3758334, 46.2978277 ], [ -0.3754998, 46.297979 ], [ -0.3753497, 46.2980424 ], [ -0.3751827, 46.2981215 ], [ -0.3744327, 46.2984482 ], [ -0.3743821, 46.2984709 ], [ -0.3740705, 46.2986103 ], [ -0.3741165, 46.2986861 ], [ -0.3721557, 46.298219 ], [ -0.3720512, 46.2982172 ], [ -0.3719158, 46.2982303 ], [ -0.3717266, 46.2980301 ], [ -0.3721503, 46.2978635 ], [ -0.3735217, 46.2973486 ], [ -0.3739059, 46.2972166 ], [ -0.374138, 46.297147 ], [ -0.3740962, 46.2970862 ], [ -0.3744143, 46.2969585 ], [ -0.375706, 46.2964719 ], [ -0.3799519, 46.2948554 ], [ -0.3807103, 46.2945623 ], [ -0.3811409, 46.2943877 ], [ -0.3815247, 46.2942344 ], [ -0.3819039, 46.2940778 ], [ -0.3819335, 46.294167 ], [ -0.3819463, 46.2942058 ], [ -0.3818461, 46.294271 ], [ -0.3814886, 46.2945033 ], [ -0.3812313, 46.2946821 ], [ -0.3811705, 46.2947414 ], [ -0.3811352, 46.2947964 ], [ -0.3811176, 46.2948612 ], [ -0.3811055, 46.2952148 ], [ -0.381097, 46.2953679 ], [ -0.38109, 46.2954955 ], [ -0.3810722, 46.2955651 ], [ -0.3810395, 46.2956426 ], [ -0.3809955, 46.2957085 ], [ -0.380948, 46.2957613 ], [ -0.3808769, 46.2958261 ], [ -0.3812843, 46.296175 ], [ -0.3813321, 46.2962256 ], [ -0.3813433, 46.2962668 ], [ -0.3813351, 46.2963087 ], [ -0.3809189, 46.2974227 ], [ -0.380825, 46.2976147 ], [ -0.3807168, 46.2977955 ] ] ] } },
{ "type": "Feature", "properties": { "Aire": "RRN C", "NomUsuel": "ROUILLE PAMPROUX NORD", "Nature": "S", "GVO": "ASF", "Surface": 149130.9533, "Réseau": "C", "Axe": "A10", "id_aire": "A000378" }, "geometry": { "type": "Polygon", "coordinates": [ [ [ -0.0108199, 46.4542664 ], [ -0.011966, 46.4539904 ], [ -0.0119576, 46.4538601 ], [ -0.0193829, 46.4518589 ], [ -0.0208176, 46.4514093 ], [ -0.0210149, 46.4514345 ], [ -0.0223749, 46.4509779 ], [ -0.0203094, 46.4548551 ], [ -0.0186978, 46.4547747 ], [ -0.018253, 46.4557543 ], [ -0.0168091, 46.455684 ], [ -0.0172612, 46.4548048 ], [ -0.0165758, 46.4544883 ], [ -0.0161577, 46.4539503 ], [ -0.016176, 46.4537937 ], [ -0.0160731, 46.4536895 ], [ -0.0158998, 46.4535622 ], [ -0.0157141, 46.453488 ], [ -0.0155374, 46.4534531 ], [ -0.015351, 46.4534355 ], [ -0.0109356, 46.4544202 ], [ -0.0108199, 46.4542664 ] ] ] } },
{ "type": "Feature", "properties": { "Aire": "RRN C", "NomUsuel": "ROUILLE PAMPROUX SUD", "Nature": "S", "GVO": "ASF", "Surface": 106570.7556, "Réseau": "C", "Axe": "A10", "id_aire": "A000379" }, "geometry": { "type": "Polygon", "coordinates": [ [ [ -0.0105373, 46.4538188 ], [ -0.0133214, 46.4514835 ], [ -0.017177, 46.4503402 ], [ -0.018487, 46.4509386 ], [ -0.018995, 46.4511579 ], [ -0.0198867, 46.451062 ], [ -0.0216355, 46.4508463 ], [ -0.0221415, 46.4507156 ], [ -0.0221871, 46.4507883 ], [ -0.0206475, 46.4511414 ], [ -0.0204706, 46.4512871 ], [ -0.0160393, 46.4524971 ], [ -0.0137301, 46.4531133 ], [ -0.0115347, 46.4537295 ], [ -0.0113531, 46.4536509 ], [ -0.0105881, 46.4539118 ], [ -0.0105373, 46.4538188 ] ] ] } },
{ "type": "Feature", "properties": { "Aire": "RRN C", "NomUsuel": "PARCE SUR SARTHE OUEST", "Nature": "S", "GVO": "ASF", "Surface": 113515.1451, "Réseau": "C", "Axe": "A11", "id_aire": "A000380" }, "geometry": { "type": "Polygon", "coordinates": [ [ [ -0.1703659, 47.8025541 ], [ -0.1692447, 47.8038513 ], [ -0.16959, 47.8044427 ], [ -0.1690838, 47.8048096 ], [ -0.1698046, 47.8058623 ], [ -0.1702311, 47.8060839 ], [ -0.1712476, 47.8065811 ], [ -0.1713771, 47.8067102 ], [ -0.1712912, 47.8071344 ], [ -0.1708245, 47.8079082 ], [ -0.170272, 47.8081604 ], [ -0.1698374, 47.8082126 ], [ -0.1685098, 47.807973 ], [ -0.1677779, 47.8077945 ], [ -0.167622, 47.8078838 ], [ -0.1674449, 47.8078388 ], [ -0.1666529, 47.8079286 ], [ -0.1667011, 47.808233 ], [ -0.1662245, 47.8081838 ], [ -0.1657418, 47.8084846 ], [ -0.1654408, 47.8083733 ], [ -0.1651541, 47.8082718 ], [ -0.1676516, 47.805315 ], [ -0.168715, 47.8040519 ], [ -0.1693875, 47.8032832 ], [ -0.1700828, 47.8024647 ], [ -0.1703659, 47.8025541 ] ] ] } },
{ "type": "Feature", "properties": { "Aire": "RRN C", "NomUsuel": "PARCE SUR SARTHE EST", "Nature": "S", "GVO": "ASF", "Surface": 78358.10968, "Réseau": "C", "Axe": "A11", "id_aire": "A000381" }, "geometry": { "type": "Polygon", "coordinates": [ [ [ -0.1649065, 47.80818 ], [ -0.1645723, 47.8080523 ], [ -0.1644972, 47.8075983 ], [ -0.1646619, 47.8067436 ], [ -0.1648083, 47.8059842 ], [ -0.1653984, 47.8047016 ], [ -0.1671499, 47.8031981 ], [ -0.167976, 47.8028405 ], [ -0.1688209, 47.8026829 ], [ -0.1695505, 47.8022965 ], [ -0.1697422, 47.802357 ], [ -0.1691443, 47.8030685 ], [ -0.1685536, 47.8037799 ], [ -0.1673361, 47.8052371 ], [ -0.1661929, 47.8065801 ], [ -0.1649065, 47.80818 ] ] ] } },
{ "type": "Feature", "properties": { "Aire": "RRN C", "NomUsuel": "Aire de repos de Passy-Mont-Blanc S1 10VL 10 PL", "Nature": "R", "GVO": "ATMB", "Surface": 6559.31438, "Réseau": "C", "Axe": "A40", "id_aire": "A000382" }, "geometry": { "type": "Polygon", "coordinates": [ [ [ 6.6708925, 45.9195163 ], [ 6.6705589, 45.9195535 ], [ 6.6703775, 45.9195816 ], [ 6.668264, 45.9204903 ], [ 6.6683658, 45.9205067 ], [ 6.6689077, 45.9206079 ], [ 6.6690364, 45.9205967 ], [ 6.669243, 45.9205164 ], [ 6.669763, 45.9202686 ], [ 6.6698733, 45.920216 ], [ 6.6701362, 45.9200406 ], [ 6.6702864, 45.9199119 ], [ 6.6703185, 45.9197925 ], [ 6.6708925, 45.9195163 ] ] ] } },
{ "type": "Feature", "properties": { "Aire": "RRN C", "NomUsuel": "St Sauveur", "Nature": "R", "GVO": "AREA", "Surface": 31056.00756, "Réseau": "C", "Axe": "A49", "id_aire": "A000383" }, "geometry": { "type": "Polygon", "coordinates": [ [ [ 5.3599119, 45.1574926 ], [ 5.3597961, 45.1575174 ], [ 5.3596537, 45.1575513 ], [ 5.3597191, 45.1590388 ], [ 5.3599772, 45.1594586 ], [ 5.3606586, 45.160007 ], [ 5.3609408, 45.1602157 ], [ 5.361309, 45.1600264 ], [ 5.3621178, 45.1605239 ], [ 5.3624447, 45.1602861 ], [ 5.3625202, 45.1602038 ], [ 5.3625771, 45.160145 ], [ 5.3606806, 45.1584122 ], [ 5.3599119, 45.1574926 ] ] ] } },
{ "type": "Feature", "properties": { "Aire": "RRN C", "NomUsuel": "Schwindratzheim Nord", "Nature": "P", "GVO": "SANEF", "Surface": 6043.15307, "Réseau": "C", "Axe": "A4", "id_aire": "A000384" }, "geometry": { "type": "Polygon", "coordinates": [ [ [ 7.5982184, 48.769472 ], [ 7.5982066, 48.7695058 ], [ 7.5986492, 48.7695682 ], [ 7.5987258, 48.769588 ], [ 7.5987912, 48.7696258 ], [ 7.5990453, 48.769893 ], [ 7.5992634, 48.7700511 ], [ 7.5997848, 48.7701347 ], [ 7.5998569, 48.7701874 ], [ 7.6001871, 48.770235 ], [ 7.6003629, 48.7701943 ], [ 7.6003418, 48.7700374 ], [ 7.6004287, 48.7700385 ], [ 7.6004835, 48.7698976 ], [ 7.6005458, 48.7698712 ], [ 7.6005235, 48.7698058 ], [ 7.6005, 48.7697796 ], [ 7.5998109, 48.7696742 ], [ 7.5988106, 48.7695224 ], [ 7.598224, 48.7694463 ], [ 7.5982184, 48.769472 ] ] ] } },
{ "type": "Feature", "properties": { "Aire": "RRN C", "NomUsuel": "Quetteville Sud", "Nature": "P", "GVO": "SAPN", "Surface": 3091.23353, "Réseau": "C", "Axe": "A29", "id_aire": "A000385" }, "geometry": { "type": "Polygon", "coordinates": [ [ [ 0.3082433, 49.3216735 ], [ 0.3096186, 49.3210969 ], [ 0.3094821, 49.3210828 ], [ 0.3092253, 49.3210554 ], [ 0.30892, 49.3210232 ], [ 0.3086815, 49.3210423 ], [ 0.308531, 49.3210983 ], [ 0.3083981, 49.3211974 ], [ 0.3083872, 49.3212308 ], [ 0.3082433, 49.3216735 ] ] ] } },
{ "type": "Feature", "properties": { "Aire": "RRN C", "NomUsuel": "Cottevrard Nord", "Nature": "P", "GVO": "SAPN", "Surface": 3534.95134, "Réseau": "C", "Axe": "A29", "id_aire": "A000386" }, "geometry": { "type": "Polygon", "coordinates": [ [ [ 1.2399294, 49.6463457 ], [ 1.2400082, 49.6467475 ], [ 1.2411322, 49.6469489 ], [ 1.2416449, 49.6468694 ], [ 1.2406846, 49.6465532 ], [ 1.2399294, 49.6463457 ] ] ] } },
{ "type": "Feature", "properties": { "Aire": "RRN C", "NomUsuel": "Setques Sud", "Nature": "P", "GVO": "SANEF", "Surface": 7281.83661, "Réseau": "C", "Axe": "A26", "id_aire": "A000387" }, "geometry": { "type": "Polygon", "coordinates": [ [ [ 2.1747757, 50.7177889 ], [ 2.1747518, 50.7177433 ], [ 2.1746365, 50.7177545 ], [ 2.174434, 50.7177568 ], [ 2.1742861, 50.7177204 ], [ 2.1739702, 50.7175435 ], [ 2.1734886, 50.7176038 ], [ 2.1734438, 50.7176889 ], [ 2.1735222, 50.7177882 ], [ 2.1732291, 50.7179589 ], [ 2.1730742, 50.7179938 ], [ 2.1729118, 50.7181604 ], [ 2.1728894, 50.7183377 ], [ 2.1730442, 50.7185427 ], [ 2.1731245, 50.7185551 ], [ 2.1731914, 50.7185642 ], [ 2.173316, 50.7185123 ], [ 2.1733395, 50.7184954 ], [ 2.1734684, 50.718434 ], [ 2.1735206, 50.7184078 ], [ 2.1745547, 50.7179377 ], [ 2.1747966, 50.717827 ], [ 2.1747757, 50.7177889 ] ] ] } },
{ "type": "Feature", "properties": { "Aire": "RRN C", "NomUsuel": "ASF_A_464 - Vignes Nord", "Nature": "R", "GVO": "ASF", "Surface": 88440.30003, "Réseau": "C", "Axe": "A89", "id_aire": "A000388" }, "geometry": { "type": "Polygon", "coordinates": [ [ [ -0.1822853, 44.979117 ], [ -0.182473, 44.9792322 ], [ -0.1831131, 44.9796632 ], [ -0.1829419, 44.9803738 ], [ -0.1828002, 44.9804514 ], [ -0.1822824, 44.9807348 ], [ -0.180516, 44.9820161 ], [ -0.17905, 44.9822845 ], [ -0.1773047, 44.9820859 ], [ -0.1772987, 44.9814304 ], [ -0.1772953, 44.981058 ], [ -0.1772932, 44.980826 ], [ -0.1786705, 44.9804422 ], [ -0.1802779, 44.9799211 ], [ -0.1822853, 44.979117 ] ] ] } },
{ "type": "Feature", "properties": { "Aire": "RRN C", "NomUsuel": "Burcin", "Nature": "R", "GVO": "AREA", "Surface": 12953.16046, "Réseau": "C", "Axe": "A48", "id_aire": "A000389" }, "geometry": { "type": "Polygon", "coordinates": [ [ [ 5.4343764, 45.4259298 ], [ 5.4345278, 45.4260279 ], [ 5.4359016, 45.4256502 ], [ 5.4360083, 45.425629 ], [ 5.4372293, 45.4253612 ], [ 5.4373875, 45.4252303 ], [ 5.436145, 45.4250133 ], [ 5.4358279, 45.424925 ], [ 5.4355473, 45.4249913 ], [ 5.4350922, 45.4251798 ], [ 5.4348856, 45.4253622 ], [ 5.4343231, 45.425901 ], [ 5.4343764, 45.4259298 ] ] ] } },
{ "type": "Feature", "properties": { "Aire": "RRN C", "NomUsuel": "ASF_A_464 - Vignes Sud", "Nature": "R", "GVO": "ASF", "Surface": 29718.33811, "Réseau": "C", "Axe": "A89", "id_aire": "A000390" }, "geometry": { "type": "Polygon", "coordinates": [ [ [ -0.1774547, 44.9804766 ], [ -0.1767261, 44.9803751 ], [ -0.1779264, 44.9796527 ], [ -0.1791244, 44.9790579 ], [ -0.1800025, 44.9788368 ], [ -0.1818565, 44.9785002 ], [ -0.1819536, 44.9786418 ], [ -0.1820936, 44.9788578 ], [ -0.1809756, 44.9792814 ], [ -0.1800844, 44.9796316 ], [ -0.1774547, 44.9804766 ] ] ] } },
{ "type": "Feature", "properties": { "Aire": "RRN C", "NomUsuel": "ASF_A_446 - Aire de Rosefond", "Nature": "R", "GVO": "ASF", "Surface": 92379.33568, "Réseau": "C", "Axe": "A66", "id_aire": "A000391" }, "geometry": { "type": "Polygon", "coordinates": [ [ [ 1.6589046, 43.256729 ], [ 1.6589131, 43.2564064 ], [ 1.6590177, 43.2560047 ], [ 1.659163, 43.2556338 ], [ 1.6595042, 43.2550569 ], [ 1.6597979, 43.2547299 ], [ 1.659994, 43.2543926 ], [ 1.6600326, 43.2539412 ], [ 1.6587606, 43.2524741 ], [ 1.6585143, 43.2523093 ], [ 1.6582733, 43.2522079 ], [ 1.6579828, 43.2521411 ], [ 1.6563233, 43.2519026 ], [ 1.6553376, 43.2517732 ], [ 1.6552827, 43.2518162 ], [ 1.6552091, 43.251877 ], [ 1.6572741, 43.2543469 ], [ 1.6587733, 43.2567379 ], [ 1.6588452, 43.2567329 ], [ 1.6589046, 43.256729 ] ] ] } },
{ "type": "Feature", "properties": { "Aire": "RRN C", "NomUsuel": "La Bouterne", "Nature": "R", "GVO": "ASF", "Surface": 92055.91194000001, "Réseau": "C", "Axe": "A7", "id_aire": "A000392" }, "geometry": { "type": "Polygon", "coordinates": [ [ [ 4.8724602, 45.0764004 ], [ 4.8703436, 45.0768972 ], [ 4.8709695, 45.0777522 ], [ 4.8708566, 45.0779021 ], [ 4.8712914, 45.0785451 ], [ 4.8720925, 45.079251 ], [ 4.8726172, 45.0796731 ], [ 4.8727531, 45.0796221 ], [ 4.8728846, 45.0797706 ], [ 4.873119, 45.0799949 ], [ 4.8735891, 45.0803642 ], [ 4.874929, 45.0815098 ], [ 4.8752419, 45.0813653 ], [ 4.8749286, 45.0809388 ], [ 4.8752849, 45.0808553 ], [ 4.8752504, 45.0803817 ], [ 4.8756656, 45.080193 ], [ 4.8740155, 45.0784885 ], [ 4.8724602, 45.0764004 ] ] ] } },
{ "type": "Feature", "properties": { "Aire": "RRN C", "NomUsuel": "ASF_A_226 - Aire du Queyran Ouest", "Nature": "R", "GVO": "ASF", "Surface": 33911.58219, "Réseau": "C", "Axe": "A62", "id_aire": "A000393" }, "geometry": { "type": "Polygon", "coordinates": [ [ [ 0.2503332, 44.345625 ], [ 0.2507007, 44.3440578 ], [ 0.2510709, 44.34274 ], [ 0.2502755, 44.3425389 ], [ 0.2495635, 44.3428609 ], [ 0.2492174, 44.3431601 ], [ 0.2490672, 44.3435946 ], [ 0.2492107, 44.3436694 ], [ 0.2490579, 44.3441969 ], [ 0.249141, 44.344217 ], [ 0.249196, 44.3442516 ], [ 0.2491651, 44.3443283 ], [ 0.2491759, 44.3443935 ], [ 0.2492174, 44.3444645 ], [ 0.2499765, 44.3454447 ], [ 0.2500235, 44.345532 ], [ 0.2500677, 44.3456288 ], [ 0.2503332, 44.345625 ] ] ] } },
{ "type": "Feature", "properties": { "Aire": "RRN C", "NomUsuel": "ASF_A_425 - Aire de Buzet sur Baïse Ouest", "Nature": "R", "GVO": "ASF", "Surface": 17535.65538, "Réseau": "C", "Axe": "A62", "id_aire": "A000394" }, "geometry": { "type": "Polygon", "coordinates": [ [ [ 0.3012992, 44.2491023 ], [ 0.3011142, 44.2491599 ], [ 0.3009814, 44.2491743 ], [ 0.3003564, 44.2492444 ], [ 0.3001097, 44.2492896 ], [ 0.2999514, 44.2493309 ], [ 0.29971, 44.2494347 ], [ 0.2992903, 44.2495826 ], [ 0.2989125, 44.2497163 ], [ 0.2986918, 44.2497944 ], [ 0.2991863, 44.2501475 ], [ 0.2995376, 44.2504045 ], [ 0.2997127, 44.2505307 ], [ 0.3000064, 44.250306 ], [ 0.3014253, 44.2494981 ], [ 0.3019323, 44.2492907 ], [ 0.301833, 44.2491705 ], [ 0.3012992, 44.2491023 ] ] ] } },
{ "type": "Feature", "properties": { "Aire": "RRN C", "NomUsuel": "ASF_A_424 - Aire de Buzet sur Baïse Est", "Nature": "R", "GVO": "ASF", "Surface": 9471.40714, "Réseau": "C", "Axe": "A62", "id_aire": "A000395" }, "geometry": { "type": "Polygon", "coordinates": [ [ [ 0.3023212, 44.2495643 ], [ 0.3023708, 44.2496402 ], [ 0.3031822, 44.2497161 ], [ 0.3032827, 44.2496748 ], [ 0.3038664, 44.2493475 ], [ 0.304475, 44.2490062 ], [ 0.3045876, 44.248938 ], [ 0.304774, 44.2487593 ], [ 0.3045903, 44.2486402 ], [ 0.3043468, 44.2484803 ], [ 0.304125, 44.2486191 ], [ 0.3032103, 44.2491388 ], [ 0.3027114, 44.2494174 ], [ 0.3023212, 44.2495643 ] ] ] } },
{ "type": "Feature", "properties": { "Aire": "RRN C", "NomUsuel": "Aire de Bruch Nord", "Nature": "R", "GVO": "ASF", "Surface": 13384.69149, "Réseau": "C", "Axe": "A62", "id_aire": "A000396" }, "geometry": { "type": "Polygon", "coordinates": [ [ [ 0.3942339, 44.214651 ], [ 0.3944913, 44.2147 ], [ 0.3947461, 44.2147807 ], [ 0.395076, 44.2149326 ], [ 0.3964627, 44.2147346 ], [ 0.3966652, 44.2146553 ], [ 0.3970951, 44.2145792 ], [ 0.3970152, 44.214302 ], [ 0.3969951, 44.2142232 ], [ 0.3973412, 44.2141189 ], [ 0.3973201, 44.214015 ], [ 0.3967292, 44.2140987 ], [ 0.3944165, 44.2144262 ], [ 0.3941981, 44.2144571 ], [ 0.3942339, 44.214651 ] ] ] } },
{ "type": "Feature", "properties": { "Aire": "RRN C", "NomUsuel": "ASF_A_426 - Aire de Bruch Sud", "Nature": "R", "GVO": "ASF", "Surface": 13011.23723, "Réseau": "C", "Axe": "A62", "id_aire": "A000397" }, "geometry": { "type": "Polygon", "coordinates": [ [ [ 0.3943524, 44.2141059 ], [ 0.3947594, 44.2140503 ], [ 0.3968178, 44.213769 ], [ 0.3974727, 44.2136795 ], [ 0.3974751, 44.2134818 ], [ 0.3973827, 44.2134792 ], [ 0.3970353, 44.2133716 ], [ 0.396506, 44.2132154 ], [ 0.3954298, 44.2133607 ], [ 0.3950049, 44.2134773 ], [ 0.3947595, 44.2137147 ], [ 0.3945234, 44.2138772 ], [ 0.3942928, 44.21398 ], [ 0.3943524, 44.2141059 ] ] ] } },
{ "type": "Feature", "properties": { "Aire": "RRN C", "NomUsuel": "ASF_A_428 - Aire d'Estillac", "Nature": "R", "GVO": "ASF", "Surface": 16964.79897, "Réseau": "C", "Axe": "A62", "id_aire": "A000398" }, "geometry": { "type": "Polygon", "coordinates": [ [ [ 0.5790752, 44.1707219 ], [ 0.5795171, 44.1709354 ], [ 0.5800371, 44.1707572 ], [ 0.5802007, 44.1706485 ], [ 0.580603, 44.1702868 ], [ 0.5808069, 44.1700049 ], [ 0.5806513, 44.1692257 ], [ 0.5806446, 44.1690584 ], [ 0.5804861, 44.1689387 ], [ 0.5792581, 44.1700571 ], [ 0.5792834, 44.1701608 ], [ 0.5791155, 44.1704392 ], [ 0.5790752, 44.1707219 ] ] ] } },
{ "type": "Feature", "properties": { "Aire": "RRN C", "NomUsuel": "ASF_A_429 - Aire de Moirax", "Nature": "R", "GVO": "ASF", "Surface": 50867.09559, "Réseau": "C", "Axe": "A62", "id_aire": "A000399" }, "geometry": { "type": "Polygon", "coordinates": [ [ [ 0.6143117, 44.1587001 ], [ 0.6148228, 44.1586883 ], [ 0.6152903, 44.1583842 ], [ 0.6157587, 44.1580795 ], [ 0.6163663, 44.1576388 ], [ 0.6170797, 44.1570259 ], [ 0.6171374, 44.1567777 ], [ 0.6170315, 44.15677 ], [ 0.616719, 44.1566882 ], [ 0.6159559, 44.1563765 ], [ 0.6144498, 44.1559647 ], [ 0.6136814, 44.1566084 ], [ 0.6137729, 44.1573375 ], [ 0.6139697, 44.1578822 ], [ 0.614165, 44.158294 ], [ 0.614254, 44.1584817 ], [ 0.6143117, 44.1587001 ] ] ] } },
{ "type": "Feature", "properties": { "Aire": "RRN C", "NomUsuel": "ASF_A_432 - Aire de Dunes Est", "Nature": "R", "GVO": "ASF", "Surface": 25920.34432, "Réseau": "C", "Axe": "A62", "id_aire": "A000400" }, "geometry": { "type": "Polygon", "coordinates": [ [ [ 0.7988906, 44.080279 ], [ 0.7990032, 44.0803571 ], [ 0.7994217, 44.0800257 ], [ 0.7996124, 44.0799541 ], [ 0.799785, 44.0799335 ], [ 0.7999151, 44.0799413 ], [ 0.8000084, 44.0799596 ], [ 0.8001192, 44.0799975 ], [ 0.8002116, 44.0800584 ], [ 0.8003119, 44.0801386 ], [ 0.8005232, 44.0803074 ], [ 0.8005823, 44.0803842 ], [ 0.8005985, 44.0804736 ], [ 0.8005821, 44.0805344 ], [ 0.8005521, 44.0805813 ], [ 0.8004832, 44.0806399 ], [ 0.80006, 44.0808677 ], [ 0.7998853, 44.0809721 ], [ 0.7998551, 44.0810243 ], [ 0.7998423, 44.081097 ], [ 0.7998565, 44.0811605 ], [ 0.8000421, 44.0814471 ], [ 0.8001156, 44.0814925 ], [ 0.8002015, 44.0815182 ], [ 0.8003249, 44.0815211 ], [ 0.8014536, 44.0813254 ], [ 0.8015459, 44.0813094 ], [ 0.8017431, 44.0812752 ], [ 0.8017563, 44.0811438 ], [ 0.8014038, 44.0807357 ], [ 0.8013448, 44.0806355 ], [ 0.8012469, 44.0800969 ], [ 0.8012094, 44.0797376 ], [ 0.8010846, 44.0796278 ], [ 0.800401, 44.0792933 ], [ 0.8003382, 44.0790374 ], [ 0.8000909, 44.0789495 ], [ 0.7999594, 44.0791634 ], [ 0.7997596, 44.0794678 ], [ 0.7994699, 44.0797944 ], [ 0.7993519, 44.0799158 ], [ 0.7988906, 44.080279 ] ] ] } },
{ "type": "Feature", "properties": { "Aire": "RRN C", "NomUsuel": "ASF_A_433 - Aire de Dunes Ouest", "Nature": "R", "GVO": "ASF", "Surface": 19761.11074, "Réseau": "C", "Axe": "A62", "id_aire": "A000401" }, "geometry": { "type": "Polygon", "coordinates": [ [ [ 0.7947634, 44.0859002 ], [ 0.795439, 44.0847954 ], [ 0.7952945, 44.0846758 ], [ 0.794653, 44.0844946 ], [ 0.7934196, 44.0850436 ], [ 0.793315, 44.085122 ], [ 0.7932827, 44.0851731 ], [ 0.7932666, 44.0852365 ], [ 0.7932698, 44.0852837 ], [ 0.7935881, 44.0861224 ], [ 0.7947634, 44.0859002 ] ] ] } },
{ "type": "Feature", "properties": { "Aire": "RRN C", "NomUsuel": "ASF_A_431 - Aire de Layrac Sud", "Nature": "R", "GVO": "ASF", "Surface": 22435.95417, "Réseau": "C", "Axe": "A62", "id_aire": "A000402" }, "geometry": { "type": "Polygon", "coordinates": [ [ [ 0.692753, 44.1270012 ], [ 0.693571, 44.1267103 ], [ 0.6948008, 44.1263137 ], [ 0.6953587, 44.1261828 ], [ 0.6953773, 44.1260358 ], [ 0.695174, 44.1260066 ], [ 0.6950153, 44.1259585 ], [ 0.6948759, 44.1259007 ], [ 0.6945889, 44.1257111 ], [ 0.6943327, 44.1256042 ], [ 0.694216, 44.1255927 ], [ 0.6933913, 44.1257717 ], [ 0.692938, 44.1258488 ], [ 0.6926899, 44.1258776 ], [ 0.6925504, 44.1259065 ], [ 0.6922718, 44.1260941 ], [ 0.6921295, 44.1263276 ], [ 0.6920689, 44.1264957 ], [ 0.692753, 44.1270012 ] ] ] } },
{ "type": "Feature", "properties": { "Aire": "RRN C", "NomUsuel": "ASF_A_430 - Aire de Layrac Nord", "Nature": "R", "GVO": "ASF", "Surface": 56768.84899, "Réseau": "C", "Axe": "A62", "id_aire": "A000403" }, "geometry": { "type": "Polygon", "coordinates": [ [ [ 0.699961, 44.1252759 ], [ 0.696858, 44.1261019 ], [ 0.6968527, 44.126179 ], [ 0.6965978, 44.1262001 ], [ 0.696457, 44.1262473 ], [ 0.6969787, 44.1269279 ], [ 0.6981287, 44.1282789 ], [ 0.6992666, 44.1278112 ], [ 0.7004455, 44.1273207 ], [ 0.6994267, 44.1259591 ], [ 0.6997199, 44.1256148 ], [ 0.6998353, 44.1255195 ], [ 0.7000406, 44.1253627 ], [ 0.699961, 44.1252759 ] ] ] } },
{ "type": "Feature", "properties": { "Aire": "RRN C", "NomUsuel": "ASF_A_435 - Aire d'Escatalens", "Nature": "R", "GVO": "ASF", "Surface": 31742.19799, "Réseau": "C", "Axe": "A62", "id_aire": "A000404" }, "geometry": { "type": "Polygon", "coordinates": [ [ [ 1.2138915, 44.0094936 ], [ 1.2147241, 44.0090333 ], [ 1.2162688, 44.0081206 ], [ 1.2177842, 44.0071577 ], [ 1.2192004, 44.0061748 ], [ 1.2205526, 44.0051552 ], [ 1.2194295, 44.0058735 ], [ 1.2193865, 44.0058276 ], [ 1.2186972, 44.0060752 ], [ 1.2175907, 44.0061585 ], [ 1.2174562, 44.0061385 ], [ 1.2169512, 44.0063025 ], [ 1.2168702, 44.0061168 ], [ 1.2164024, 44.0062214 ], [ 1.2164813, 44.0064487 ], [ 1.2160578, 44.0067995 ], [ 1.2160492, 44.0077411 ], [ 1.216239, 44.0077734 ], [ 1.2161384, 44.0079058 ], [ 1.2160284, 44.0080409 ], [ 1.2158983, 44.0081759 ], [ 1.2157461, 44.0083106 ], [ 1.2155597, 44.0084479 ], [ 1.2153579, 44.008582 ], [ 1.2138915, 44.0094936 ] ] ] } },
{ "type": "Feature", "properties": { "Aire": "RRN C", "NomUsuel": "ASF_A_410 - Aire de Lespignan ouest", "Nature": "R", "GVO": "ASF", "Surface": 48006.35159, "Réseau": "C", "Axe": "A9", "id_aire": "A000405" }, "geometry": { "type": "Polygon", "coordinates": [ [ [ 3.1755373, 43.2665965 ], [ 3.1755135, 43.2665445 ], [ 3.1754956, 43.2664959 ], [ 3.1759085, 43.2664774 ], [ 3.1759803, 43.266439 ], [ 3.1760694, 43.266412 ], [ 3.1751019, 43.2654924 ], [ 3.1737463, 43.2642902 ], [ 3.1735821, 43.2641777 ], [ 3.1728182, 43.2636574 ], [ 3.1728378, 43.2641182 ], [ 3.1727732, 43.2642124 ], [ 3.172641, 43.2642677 ], [ 3.1725819, 43.2643333 ], [ 3.1725369, 43.2644664 ], [ 3.1724132, 43.2649395 ], [ 3.1724216, 43.2649968 ], [ 3.1724835, 43.2650296 ], [ 3.1726663, 43.265089 ], [ 3.172745, 43.2651586 ], [ 3.1729505, 43.2656632 ], [ 3.1731355, 43.2661175 ], [ 3.1730694, 43.2663723 ], [ 3.173001, 43.2666389 ], [ 3.1737614, 43.2665823 ], [ 3.1737467, 43.2664973 ], [ 3.1745338, 43.2664387 ], [ 3.1747082, 43.2666243 ], [ 3.1749791, 43.266763 ], [ 3.1750971, 43.2668968 ], [ 3.175226, 43.2668414 ], [ 3.1751751, 43.266653 ], [ 3.1755373, 43.2665965 ] ] ] } },
{ "type": "Feature", "properties": { "Aire": "RRN C", "NomUsuel": "ASF_A_411 - Aire de Lespignan Est", "Nature": "R", "GVO": "ASF", "Surface": 57116.89428, "Réseau": "C", "Axe": "A9", "id_aire": "A000406" }, "geometry": { "type": "Polygon", "coordinates": [ [ [ 3.1732142, 43.2633871 ], [ 3.1733754, 43.2635349 ], [ 3.1740536, 43.2641012 ], [ 3.1746661, 43.2646254 ], [ 3.1754457, 43.2653234 ], [ 3.1760352, 43.2659109 ], [ 3.1764559, 43.2661503 ], [ 3.1763465, 43.2660229 ], [ 3.1763107, 43.2659707 ], [ 3.1763625, 43.2658896 ], [ 3.1764261, 43.2658361 ], [ 3.1766985, 43.2658129 ], [ 3.1768775, 43.2657854 ], [ 3.1770784, 43.2657159 ], [ 3.1771381, 43.2656594 ], [ 3.1771778, 43.2655971 ], [ 3.1772057, 43.2654682 ], [ 3.177152, 43.2652394 ], [ 3.1771248, 43.2651179 ], [ 3.1764142, 43.2637145 ], [ 3.1763485, 43.2636783 ], [ 3.176265, 43.2636812 ], [ 3.1762034, 43.2637362 ], [ 3.1761427, 43.2637256 ], [ 3.1761119, 43.2637145 ], [ 3.1762093, 43.2635161 ], [ 3.1762193, 43.2633814 ], [ 3.1756783, 43.2629021 ], [ 3.1755809, 43.2628745 ], [ 3.1750553, 43.2629088 ], [ 3.1744036, 43.2629513 ], [ 3.1742703, 43.2629745 ], [ 3.1741311, 43.2630483 ], [ 3.1738089, 43.2632916 ], [ 3.1736996, 43.2633467 ], [ 3.1733734, 43.2632438 ], [ 3.1732142, 43.2633871 ] ] ] } },
{ "type": "Feature", "properties": { "Aire": "RRN C", "NomUsuel": "Chevrieres", "Nature": "R", "GVO": "SANEF", "Surface": 39814.10319, "Réseau": "C", "Axe": "A1", "id_aire": "A000407" }, "geometry": { "type": "Polygon", "coordinates": [ [ [ 2.6983573, 49.3442945 ], [ 2.6985893, 49.3440266 ], [ 2.6988333, 49.343831 ], [ 2.6993323, 49.343532 ], [ 2.6992664, 49.342757 ], [ 2.6990467, 49.3420798 ], [ 2.698465, 49.340836 ], [ 2.6982516, 49.3400202 ], [ 2.6973796, 49.3400683 ], [ 2.6973528, 49.3402711 ], [ 2.6973179, 49.3406311 ], [ 2.6972911, 49.3409928 ], [ 2.6976639, 49.3412148 ], [ 2.6975325, 49.3413965 ], [ 2.6975215, 49.3416386 ], [ 2.6974153, 49.342002 ], [ 2.697774, 49.342823 ], [ 2.6982309, 49.3438138 ], [ 2.6983573, 49.3442945 ] ] ] } },
{ "type": "Feature", "properties": { "Aire": "RRN C", "NomUsuel": "Bois d'Arsy", "Nature": "R", "GVO": "SANEF", "Surface": 19919.28967, "Réseau": "C", "Axe": "A1", "id_aire": "A000408" }, "geometry": { "type": "Polygon", "coordinates": [ [ [ 2.6939007, 49.4155592 ], [ 2.6938521, 49.4149816 ], [ 2.6937169, 49.4132193 ], [ 2.6935955, 49.4132012 ], [ 2.6926486, 49.4134991 ], [ 2.6924475, 49.4138827 ], [ 2.6923191, 49.4147289 ], [ 2.6939007, 49.4155592 ] ] ] } },
{ "type": "Feature", "properties": { "Aire": "RRN C", "NomUsuel": "Beautot Entree Nord", "Nature": "P", "GVO": "SAPN", "Surface": 1214.10659, "Réseau": "C", "Axe": "A29", "id_aire": "A000409" }, "geometry": { "type": "Polygon", "coordinates": [ [ [ 1.0500375, 49.6354697 ], [ 1.0487662, 49.6353434 ], [ 1.0491531, 49.6355551 ], [ 1.0492031, 49.6355586 ], [ 1.049709, 49.6355941 ], [ 1.0497703, 49.6355709 ], [ 1.0500375, 49.6354697 ] ] ] } },
{ "type": "Feature", "properties": { "Aire": "RRN C", "NomUsuel": "Beautot Entree Sud", "Nature": "P", "GVO": "SAPN", "Surface": 1159.55206, "Réseau": "C", "Axe": "A29", "id_aire": "A000410" }, "geometry": { "type": "Polygon", "coordinates": [ [ [ 1.0487075, 49.6351318 ], [ 1.0501178, 49.635216 ], [ 1.0496269, 49.6350194 ], [ 1.0493683, 49.6350088 ], [ 1.049302, 49.6350454 ], [ 1.0490168, 49.6350365 ], [ 1.0487075, 49.6351318 ] ] ] } },
{ "type": "Feature", "properties": { "Aire": "RRN C", "NomUsuel": "ASF_A_429 - Aire de Fontvannes", "Nature": "R", "GVO": "APRR", "Surface": 52543.30101, "Réseau": "C", "Axe": "A5", "id_aire": "A000411" }, "geometry": { "type": "Polygon", "coordinates": [ [ [ 3.8661104, 48.2729318 ], [ 3.8676951, 48.274233 ], [ 3.8698416, 48.2742206 ], [ 3.870287, 48.2741409 ], [ 3.8701867, 48.2739003 ], [ 3.8702568, 48.2738332 ], [ 3.8714884, 48.2732001 ], [ 3.8715534, 48.2731465 ], [ 3.8716929, 48.2729959 ], [ 3.8719347, 48.2729196 ], [ 3.8720493, 48.2729113 ], [ 3.8719975, 48.272751 ], [ 3.8704159, 48.2727005 ], [ 3.870013, 48.2727397 ], [ 3.8692164, 48.2727118 ], [ 3.8688352, 48.2726829 ], [ 3.8675905, 48.2726971 ], [ 3.8662826, 48.2727074 ], [ 3.8662485, 48.2728435 ], [ 3.8661104, 48.2729318 ] ] ] } },
{ "type": "Feature", "properties": { "Aire": "RRN C", "NomUsuel": "Aire de Jas Pellicot", "Nature": "R", "GVO": "ESCOTA", "Surface": 12555.23571, "Réseau": "C", "Axe": "A8", "id_aire": "A000412" }, "geometry": { "type": "Polygon", "coordinates": [ [ [ 6.6749658, 43.4650893 ], [ 6.6751608, 43.4650318 ], [ 6.6758365, 43.4647862 ], [ 6.6761466, 43.4646545 ], [ 6.6763583, 43.4645724 ], [ 6.6768037, 43.46442 ], [ 6.6776626, 43.464065 ], [ 6.6779305, 43.4639427 ], [ 6.6779022, 43.4639102 ], [ 6.6778807, 43.4638854 ], [ 6.6778473, 43.4638418 ], [ 6.6777134, 43.4638804 ], [ 6.6770746, 43.4640747 ], [ 6.6770281, 43.4640821 ], [ 6.6769535, 43.4640691 ], [ 6.676872, 43.4640391 ], [ 6.6767788, 43.4639678 ], [ 6.6767311, 43.4638967 ], [ 6.676658, 43.4638219 ], [ 6.6766025, 43.4637966 ], [ 6.6765325, 43.463778 ], [ 6.6764421, 43.4637695 ], [ 6.6763422, 43.4637816 ], [ 6.6762744, 43.4638056 ], [ 6.6761314, 43.4638724 ], [ 6.6760631, 43.4639112 ], [ 6.675964, 43.4639438 ], [ 6.6758796, 43.4639535 ], [ 6.6757157, 43.4639653 ], [ 6.6756236, 43.4639742 ], [ 6.6754745, 43.4640059 ], [ 6.6754004, 43.4640412 ], [ 6.675334, 43.4640878 ], [ 6.6753006, 43.4641346 ], [ 6.6752887, 43.464177 ], [ 6.675292, 43.464221 ], [ 6.6752942, 43.4642576 ], [ 6.6753162, 43.4643009 ], [ 6.6753707, 43.4643568 ], [ 6.6754306, 43.4643825 ], [ 6.6755064, 43.4644245 ], [ 6.6755493, 43.4644678 ], [ 6.6755863, 43.464538 ], [ 6.6755938, 43.4645727 ], [ 6.6755928, 43.4646039 ], [ 6.6755752, 43.4646393 ], [ 6.6748909, 43.4649951 ], [ 6.6749296, 43.4650376 ], [ 6.6749498, 43.4650664 ], [ 6.6749658, 43.4650893 ] ] ] } },
{ "type": "Feature", "properties": { "Aire": "RRN C", "NomUsuel": "ASF_A_377 - Aire de Ventabren Nord", "Nature": "R", "GVO": "ASF", "Surface": 33624.43438, "Réseau": "C", "Axe": "A8", "id_aire": "A000413" }, "geometry": { "type": "Polygon", "coordinates": [ [ [ 5.3224874, 43.5502817 ], [ 5.3213288, 43.5507234 ], [ 5.3197679, 43.5512037 ], [ 5.3187933, 43.5514607 ], [ 5.3182813, 43.5515982 ], [ 5.3179809, 43.5517032 ], [ 5.3166962, 43.5520103 ], [ 5.3167863, 43.5521649 ], [ 5.3188366, 43.5519831 ], [ 5.3199899, 43.5519171 ], [ 5.3204405, 43.5517985 ], [ 5.3207591, 43.5516196 ], [ 5.3210816, 43.551468 ], [ 5.3229876, 43.5511194 ], [ 5.3229654, 43.5509863 ], [ 5.322804, 43.5503887 ], [ 5.3225125, 43.5502914 ], [ 5.3224874, 43.5502817 ] ] ] } },
{ "type": "Feature", "properties": { "Aire": "RRN C", "NomUsuel": "ASF_A_467 - Aire de Heume l'église", "Nature": "R", "GVO": "ASF", "Surface": 82471.63121000001, "Réseau": "C", "Axe": "A89", "id_aire": "A000414" }, "geometry": { "type": "Polygon", "coordinates": [ [ [ 2.6937526, 45.7180531 ], [ 2.6951643, 45.718559 ], [ 2.6956265, 45.7181752 ], [ 2.696476, 45.7174251 ], [ 2.6968258, 45.7165354 ], [ 2.6966259, 45.7149741 ], [ 2.6964135, 45.7140931 ], [ 2.6949269, 45.7140495 ], [ 2.6946646, 45.7147735 ], [ 2.6943023, 45.7159859 ], [ 2.6937526, 45.7180531 ] ] ] } },
{ "type": "Feature", "properties": { "Aire": "RRN C", "NomUsuel": "ASF_A_468 - Prondines", "Nature": "R", "GVO": "ASF", "Surface": 33103.85759, "Réseau": "C", "Axe": "A89", "id_aire": "A000415" }, "geometry": { "type": "Polygon", "coordinates": [ [ [ 2.6952627, 45.7290282 ], [ 2.6957259, 45.7291552 ], [ 2.6964934, 45.7287744 ], [ 2.6961997, 45.7280959 ], [ 2.6956403, 45.7272612 ], [ 2.6950669, 45.7266559 ], [ 2.6945479, 45.7266515 ], [ 2.6936265, 45.7269 ], [ 2.6935635, 45.7270171 ], [ 2.6952627, 45.7290282 ] ] ] } },
{ "type": "Feature", "properties": { "Aire": "RRN C", "NomUsuel": "ASF_A_400 - Aire de Fontcouverte", "Nature": "R", "GVO": "ASF", "Surface": 17046.26312, "Réseau": "C", "Axe": "A61", "id_aire": "A000416" }, "geometry": { "type": "Polygon", "coordinates": [ [ [ 2.7026728, 43.1694445 ], [ 2.7023769, 43.1694911 ], [ 2.7018911, 43.1696386 ], [ 2.7015715, 43.1698271 ], [ 2.7010008, 43.170343 ], [ 2.7012257, 43.1704046 ], [ 2.7012867, 43.1704418 ], [ 2.7022951, 43.1701604 ], [ 2.7052688, 43.1694647 ], [ 2.70491, 43.1694309 ], [ 2.7044838, 43.1694052 ], [ 2.7039669, 43.1693025 ], [ 2.7037148, 43.1692945 ], [ 2.7035882, 43.1692914 ], [ 2.7026728, 43.1694445 ] ] ] } },
{ "type": "Feature", "properties": { "Aire": "RRN C", "NomUsuel": "ASF_A_401 - Aire de la Peyrière", "Nature": "R", "GVO": "ASF", "Surface": 15899.71032, "Réseau": "C", "Axe": "A61", "id_aire": "A000417" }, "geometry": { "type": "Polygon", "coordinates": [ [ [ 2.7052618, 43.1699252 ], [ 2.7059352, 43.1698146 ], [ 2.7063922, 43.1698875 ], [ 2.7067576, 43.1699841 ], [ 2.706996, 43.1699823 ], [ 2.7083368, 43.1697743 ], [ 2.7086739, 43.1695347 ], [ 2.7088619, 43.1694056 ], [ 2.7090966, 43.1692417 ], [ 2.7095121, 43.1691041 ], [ 2.7095037, 43.1689954 ], [ 2.7094704, 43.1689485 ], [ 2.7075481, 43.1692927 ], [ 2.7053346, 43.1697318 ], [ 2.7053173, 43.1697777 ], [ 2.7053092, 43.1697992 ], [ 2.7052618, 43.1699252 ] ] ] } },
{ "type": "Feature", "properties": { "Aire": "RRN C", "NomUsuel": "Boyer", "Nature": "R", "GVO": "APRR", "Surface": 38694.25373, "Réseau": "C", "Axe": "A6", "id_aire": "A000418" }, "geometry": { "type": "Polygon", "coordinates": [ [ [ 4.8807737, 46.6065292 ], [ 4.8796257, 46.6073735 ], [ 4.878693, 46.6079373 ], [ 4.8787707, 46.6080338 ], [ 4.8781619, 46.6083715 ], [ 4.8774157, 46.6088243 ], [ 4.8778525, 46.6091286 ], [ 4.8791492, 46.60871 ], [ 4.8818932, 46.6077888 ], [ 4.881956, 46.6073252 ], [ 4.8810614, 46.606646 ], [ 4.8807737, 46.6065292 ] ] ] } },
{ "type": "Feature", "properties": { "Aire": "RRN C", "NomUsuel": "epoisses", "Nature": "R", "GVO": "APRR", "Surface": 36180.54106, "Réseau": "C", "Axe": "A6", "id_aire": "A000419" }, "geometry": { "type": "Polygon", "coordinates": [ [ [ 4.1604604, 47.4843901 ], [ 4.1580345, 47.4848204 ], [ 4.1577949, 47.4849126 ], [ 4.1568428, 47.4858901 ], [ 4.1568701, 47.4860786 ], [ 4.1570459, 47.486054 ], [ 4.1595446, 47.4856134 ], [ 4.1620008, 47.4851708 ], [ 4.1618098, 47.4850499 ], [ 4.1607636, 47.4844003 ], [ 4.1604604, 47.4843901 ] ] ] } },
{ "type": "Feature", "properties": { "Aire": "RRN C", "NomUsuel": "ASF_A_502 - Aire de Remouille Ouest", "Nature": "R", "GVO": "ASF", "Surface": 49848.38613, "Réseau": "C", "Axe": "A83", "id_aire": "A000420" }, "geometry": { "type": "Polygon", "coordinates": [ [ [ -1.4032713, 47.024432 ], [ -1.4020471, 47.0252425 ], [ -1.4020684, 47.0252718 ], [ -1.4021409, 47.025376 ], [ -1.4019427, 47.0254386 ], [ -1.401893, 47.0254542 ], [ -1.4012702, 47.0247481 ], [ -1.3997034, 47.023048 ], [ -1.3982264, 47.0214704 ], [ -1.398198, 47.0214769 ], [ -1.3981033, 47.0213793 ], [ -1.3981514, 47.0213464 ], [ -1.3983811, 47.0211782 ], [ -1.401738, 47.0232455 ], [ -1.4032713, 47.024432 ] ] ] } },
{ "type": "Feature", "properties": { "Aire": "RRN C", "NomUsuel": "ASF_A_503 - Grissay", "Nature": "R", "GVO": "ASF", "Surface": 128334.8646, "Réseau": "C", "Axe": "A83", "id_aire": "A000421" }, "geometry": { "type": "Polygon", "coordinates": [ [ [ -1.1768872, 46.7653814 ], [ -1.1771423, 46.7653711 ], [ -1.1813491, 46.7652004 ], [ -1.1821244, 46.7659447 ], [ -1.1824026, 46.7668252 ], [ -1.1827008, 46.7675059 ], [ -1.1826478, 46.7676648 ], [ -1.1819953, 46.7682192 ], [ -1.1815943, 46.7692941 ], [ -1.1800325, 46.769274 ], [ -1.1799643, 46.7692736 ], [ -1.1782081, 46.7671685 ], [ -1.1768872, 46.7653814 ] ] ] } },
{ "type": "Feature", "properties": { "Aire": "RRN C", "NomUsuel": "ASF_A_399 - Aire du Belvédère de la Cité", "Nature": "R", "GVO": "ASF", "Surface": 17876.59629, "Réseau": "C", "Axe": "A61", "id_aire": "A000422" }, "geometry": { "type": "Polygon", "coordinates": [ [ [ 2.3676207, 43.1910937 ], [ 2.3677923, 43.1914985 ], [ 2.3678835, 43.1916295 ], [ 2.3685412, 43.1918646 ], [ 2.3686941, 43.192109 ], [ 2.3693307, 43.1920837 ], [ 2.3698344, 43.1920448 ], [ 2.3699386, 43.192021 ], [ 2.3698019, 43.1918353 ], [ 2.3697992, 43.1914735 ], [ 2.3698689, 43.1909963 ], [ 2.3683181, 43.1909862 ], [ 2.3676287, 43.1910351 ], [ 2.3676207, 43.1910937 ] ] ] } },
{ "type": "Feature", "properties": { "Aire": "RRN C", "NomUsuel": "ASF_A_398 - Aire du Belvédère d'Auriac", "Nature": "R", "GVO": "ASF", "Surface": 24765.66272, "Réseau": "C", "Axe": "A61", "id_aire": "A000423" }, "geometry": { "type": "Polygon", "coordinates": [ [ [ 2.3425286, 43.1936417 ], [ 2.3432689, 43.1936261 ], [ 2.3434164, 43.193654 ], [ 2.3435505, 43.1941423 ], [ 2.3445912, 43.1939376 ], [ 2.3457312, 43.1937199 ], [ 2.3456051, 43.1934917 ], [ 2.3457392, 43.1934423 ], [ 2.3460718, 43.1933817 ], [ 2.3458975, 43.1930786 ], [ 2.3457499, 43.1928582 ], [ 2.3459136, 43.1927291 ], [ 2.3459511, 43.1926431 ], [ 2.3458894, 43.1925467 ], [ 2.3451733, 43.19269 ], [ 2.3433038, 43.1932884 ], [ 2.3425501, 43.1935518 ], [ 2.3425394, 43.1935965 ], [ 2.3425286, 43.1936417 ] ] ] } },
{ "type": "Feature", "properties": { "Aire": "RRN C", "NomUsuel": "PONT MIRABEAU", "Nature": "R", "GVO": "ESCOTA", "Surface": 25593.16498, "Réseau": "C", "Axe": "A51", "id_aire": "A000424" }, "geometry": { "type": "Polygon", "coordinates": [ [ [ 5.6582529, 43.684481 ], [ 5.6580183, 43.6844278 ], [ 5.6578065, 43.6843719 ], [ 5.6577485, 43.6844661 ], [ 5.657719, 43.684503 ], [ 5.6583368, 43.6848781 ], [ 5.658848, 43.6851803 ], [ 5.6593932, 43.6854618 ], [ 5.6600587, 43.6857549 ], [ 5.6605591, 43.6859728 ], [ 5.6610811, 43.68617 ], [ 5.6611081, 43.6861342 ], [ 5.6614847, 43.6858833 ], [ 5.6616264, 43.6857938 ], [ 5.6617035, 43.6856706 ], [ 5.6617304, 43.6855837 ], [ 5.6617376, 43.6855098 ], [ 5.6617268, 43.6854281 ], [ 5.6616425, 43.6853165 ], [ 5.661517, 43.685227 ], [ 5.6610255, 43.6850519 ], [ 5.6604426, 43.6848989 ], [ 5.6584749, 43.6845266 ], [ 5.6582529, 43.684481 ] ] ] } },
{ "type": "Feature", "properties": { "Aire": "RRN C", "NomUsuel": "ASF_A_353 - Aire d'Orange-le Grès", "Nature": "R", "GVO": "ASF", "Surface": 25701.58254, "Réseau": "C", "Axe": "A7", "id_aire": "A000425" }, "geometry": { "type": "Polygon", "coordinates": [ [ [ 4.8284337, 44.1117047 ], [ 4.8312869, 44.1113421 ], [ 4.8314122, 44.1112977 ], [ 4.8314902, 44.1112493 ], [ 4.8314471, 44.110981 ], [ 4.8312893, 44.110572 ], [ 4.8310098, 44.1098476 ], [ 4.8301744, 44.110247 ], [ 4.828331, 44.1115101 ], [ 4.8283669, 44.1116015 ], [ 4.8284337, 44.1117047 ] ] ] } },
{ "type": "Feature", "properties": { "Aire": "RRN C", "NomUsuel": "La Saulot", "Nature": "R", "GVO": "COFIROUTE", "Surface": 43414.31785, "Réseau": "C", "Axe": "A71", "id_aire": "A000426" }, "geometry": { "type": "Polygon", "coordinates": [ [ [ 2.0068902, 47.4440719 ], [ 2.0065286, 47.4449603 ], [ 2.0061867, 47.4458266 ], [ 2.0053749, 47.4485058 ], [ 2.0053394, 47.4486795 ], [ 2.0052636, 47.4490908 ], [ 2.007438, 47.4482165 ], [ 2.0068902, 47.4440719 ] ] ] } },
{ "type": "Feature", "properties": { "Aire": "RRN C", "NomUsuel": "La Briganderie", "Nature": "R", "GVO": "COFIROUTE", "Surface": 38096.4777, "Réseau": "C", "Axe": "A71", "id_aire": "A000427" }, "geometry": { "type": "Polygon", "coordinates": [ [ [ 2.0082647, 47.5448168 ], [ 2.0087577, 47.5472871 ], [ 2.0088372, 47.5474166 ], [ 2.0090012, 47.5476042 ], [ 2.0107238, 47.5465472 ], [ 2.009906, 47.5448246 ], [ 2.0088156, 47.544668 ], [ 2.0083911, 47.5447779 ], [ 2.0082647, 47.5448168 ] ] ] } },
{ "type": "Feature", "properties": { "Aire": "RRN C", "NomUsuel": "Les Maremberts", "Nature": "R", "GVO": "COFIROUTE", "Surface": 38200.94527, "Réseau": "C", "Axe": "A71", "id_aire": "A000428" }, "geometry": { "type": "Polygon", "coordinates": [ [ [ 2.0081887, 47.4716266 ], [ 2.0070947, 47.4680213 ], [ 2.0070345, 47.4679887 ], [ 2.0068813, 47.4679165 ], [ 2.0067785, 47.4686179 ], [ 2.0062781, 47.4696285 ], [ 2.0054093, 47.4692156 ], [ 2.0050225, 47.4695061 ], [ 2.0065881, 47.4711537 ], [ 2.0073771, 47.4711392 ], [ 2.0081018, 47.4716282 ], [ 2.0081887, 47.4716266 ] ] ] } },
{ "type": "Feature", "properties": { "Aire": "RRN C", "NomUsuel": "L'Etang du Maras", "Nature": "R", "GVO": "COFIROUTE", "Surface": 43382.08582, "Réseau": "C", "Axe": "A71", "id_aire": "A000429" }, "geometry": { "type": "Polygon", "coordinates": [ [ [ 2.0083475, 47.5568202 ], [ 2.0082826, 47.5569915 ], [ 2.0078218, 47.5582088 ], [ 2.0056568, 47.5589832 ], [ 2.005661, 47.5590509 ], [ 2.0057133, 47.5598873 ], [ 2.007477, 47.5607875 ], [ 2.0076268, 47.5609592 ], [ 2.0076936, 47.5610687 ], [ 2.0077766, 47.5611308 ], [ 2.0086019, 47.5568965 ], [ 2.0085282, 47.5568738 ], [ 2.0083475, 47.5568202 ] ] ] } },
{ "type": "Feature", "properties": { "Aire": "RRN C", "NomUsuel": "La Loyere", "Nature": "R", "GVO": "APRR", "Surface": 23997.82057, "Réseau": "C", "Axe": "A6", "id_aire": "A000430" }, "geometry": { "type": "Polygon", "coordinates": [ [ [ 4.8235287, 46.8599851 ], [ 4.8234329, 46.8601799 ], [ 4.8230468, 46.8609737 ], [ 4.8225596, 46.8619859 ], [ 4.8225409, 46.8621169 ], [ 4.8224424, 46.862299 ], [ 4.8222987, 46.8625411 ], [ 4.8224105, 46.8625811 ], [ 4.8226474, 46.8621861 ], [ 4.8228248, 46.8619605 ], [ 4.8229297, 46.8619021 ], [ 4.8230654, 46.8618876 ], [ 4.8232012, 46.8618876 ], [ 4.823337, 46.8619367 ], [ 4.8234488, 46.8620605 ], [ 4.8236379, 46.8621843 ], [ 4.823771, 46.8622098 ], [ 4.8238935, 46.8622134 ], [ 4.8241544, 46.8621715 ], [ 4.82441, 46.8621078 ], [ 4.8245509, 46.8619333 ], [ 4.8246736, 46.8616782 ], [ 4.8247561, 46.8612103 ], [ 4.8246975, 46.8610174 ], [ 4.824165, 46.8606678 ], [ 4.8238495, 46.8604424 ], [ 4.8236964, 46.8602109 ], [ 4.8236963, 46.8600355 ], [ 4.8235287, 46.8599851 ] ] ] } },
{ "type": "Feature", "properties": { "Aire": "RRN C", "NomUsuel": "Le Caule", "Nature": "R", "GVO": "APRR", "Surface": 22808.71583, "Réseau": "C", "Axe": "A77", "id_aire": "A000431" }, "geometry": { "type": "Polygon", "coordinates": [ [ [ 2.9169277, 47.5144659 ], [ 2.9173882, 47.513412 ], [ 2.9175808, 47.5130111 ], [ 2.9178503, 47.5124997 ], [ 2.9184918, 47.5114662 ], [ 2.9170896, 47.5120201 ], [ 2.9168713, 47.5124752 ], [ 2.9163587, 47.5128737 ], [ 2.9161278, 47.5132485 ], [ 2.9162005, 47.5137667 ], [ 2.9164336, 47.5141028 ], [ 2.9169277, 47.5144659 ] ] ] } },
{ "type": "Feature", "properties": { "Aire": "RRN C", "NomUsuel": "Le Sequoia", "Nature": "R", "GVO": "APRR", "Surface": 15201.72563, "Réseau": "C", "Axe": "A77", "id_aire": "A000432" }, "geometry": { "type": "Polygon", "coordinates": [ [ [ 2.919514, 47.511629 ], [ 2.9204993, 47.5111836 ], [ 2.9208142, 47.5109309 ], [ 2.9208915, 47.5106903 ], [ 2.9211474, 47.5105311 ], [ 2.9212676, 47.5103089 ], [ 2.921301, 47.5099051 ], [ 2.9213308, 47.5096629 ], [ 2.921248, 47.5093897 ], [ 2.9209223, 47.5090274 ], [ 2.9206954, 47.5090677 ], [ 2.920618, 47.5093865 ], [ 2.9204422, 47.5099277 ], [ 2.9202485, 47.5104264 ], [ 2.9200496, 47.5107904 ], [ 2.919514, 47.511629 ] ] ] } },
{ "type": "Feature", "properties": { "Aire": "RRN C", "NomUsuel": "GONFARON", "Nature": "R", "GVO": "ESCOTA", "Surface": 30195.99089, "Réseau": "C", "Axe": "A57", "id_aire": "A000433" }, "geometry": { "type": "Polygon", "coordinates": [ [ [ 6.3231995, 43.344084 ], [ 6.323446, 43.3439532 ], [ 6.322082, 43.3425275 ], [ 6.3210687, 43.3414073 ], [ 6.3197999, 43.3419546 ], [ 6.3199007, 43.3423095 ], [ 6.320349, 43.3426158 ], [ 6.3209841, 43.3429857 ], [ 6.3217257, 43.3433275 ], [ 6.3225868, 43.3437795 ], [ 6.3231995, 43.344084 ] ] ] } },
{ "type": "Feature", "properties": { "Aire": "RRN C", "NomUsuel": "LES SIGUES", "Nature": "R", "GVO": "ESCOTA", "Surface": 38364.96045, "Réseau": "C", "Axe": "A57", "id_aire": "A000434" }, "geometry": { "type": "Polygon", "coordinates": [ [ [ 6.3224779, 43.3424603 ], [ 6.3249235, 43.3452326 ], [ 6.3252696, 43.345016 ], [ 6.3250979, 43.3438906 ], [ 6.3232738, 43.3417522 ], [ 6.3222078, 43.3414868 ], [ 6.3219833, 43.3414736 ], [ 6.3218459, 43.3416612 ], [ 6.3225011, 43.3423665 ], [ 6.3224779, 43.3424603 ] ] ] } },
{ "type": "Feature", "properties": { "Aire": "RRN C", "NomUsuel": "Uchizy", "Nature": "R", "GVO": "APRR", "Surface": 15607.54763, "Réseau": "C", "Axe": "A6", "id_aire": "A000435" }, "geometry": { "type": "Polygon", "coordinates": [ [ [ 4.9048727, 46.5031249 ], [ 4.9054153, 46.5037452 ], [ 4.9062038, 46.5046783 ], [ 4.9063127, 46.5047507 ], [ 4.9064967, 46.5049781 ], [ 4.9066056, 46.5051926 ], [ 4.906983, 46.5056682 ], [ 4.9070825, 46.505632 ], [ 4.9069511, 46.5054278 ], [ 4.9069166, 46.5052897 ], [ 4.9074243, 46.5050522 ], [ 4.9063897, 46.5037582 ], [ 4.9055535, 46.5032867 ], [ 4.9052093, 46.5030805 ], [ 4.9048727, 46.5031249 ] ] ] } },
{ "type": "Feature", "properties": { "Aire": "RRN C", "NomUsuel": "Landonvillers Nord", "Nature": "R", "GVO": "SANEF", "Surface": 7384.54642, "Réseau": "C", "Axe": "A4", "id_aire": "A000436" }, "geometry": { "type": "Polygon", "coordinates": [ [ [ 6.4148006, 49.1378908 ], [ 6.4123074, 49.1373234 ], [ 6.4123247, 49.1373706 ], [ 6.4123444, 49.1374256 ], [ 6.4125475, 49.1375517 ], [ 6.4123458, 49.1377391 ], [ 6.4124905, 49.1378459 ], [ 6.4139224, 49.1381508 ], [ 6.4146997, 49.1379207 ], [ 6.4148006, 49.1378908 ] ] ] } },
{ "type": "Feature", "properties": { "Aire": "RRN C", "NomUsuel": "Landonvillers Sud", "Nature": "R", "GVO": "SANEF", "Surface": 7766.77593, "Réseau": "C", "Axe": "A4", "id_aire": "A000437" }, "geometry": { "type": "Polygon", "coordinates": [ [ [ 6.4072079, 49.1366371 ], [ 6.4097178, 49.1366613 ], [ 6.4097099, 49.1365936 ], [ 6.4097032, 49.1365365 ], [ 6.4094551, 49.136468 ], [ 6.4093952, 49.1364142 ], [ 6.4094442, 49.1361971 ], [ 6.4078262, 49.1361778 ], [ 6.4072074, 49.1365481 ], [ 6.4072076, 49.1365788 ], [ 6.4072079, 49.1366371 ] ] ] } },
{ "type": "Feature", "properties": { "Aire": "RRN C", "NomUsuel": "La Crouee", "Nature": "R", "GVO": "SANEF", "Surface": 12186.98928, "Réseau": "C", "Axe": "A4", "id_aire": "A000438" }, "geometry": { "type": "Polygon", "coordinates": [ [ [ 6.2271694, 49.1876691 ], [ 6.2285297, 49.1871469 ], [ 6.2297009, 49.1867576 ], [ 6.2294854, 49.1866344 ], [ 6.2294137, 49.1865934 ], [ 6.2292525, 49.1865367 ], [ 6.2292187, 49.1863577 ], [ 6.2288618, 49.1864159 ], [ 6.2270554, 49.1870557 ], [ 6.2269265, 49.1872328 ], [ 6.2269139, 49.1875262 ], [ 6.2270197, 49.1875587 ], [ 6.2270748, 49.1876013 ], [ 6.2271694, 49.1876691 ] ] ] } },
{ "type": "Feature", "properties": { "Aire": "RRN C", "NomUsuel": "Tossiat", "Nature": "R", "GVO": "APRR", "Surface": 50275.90046, "Réseau": "C", "Axe": "A40", "id_aire": "A000439" }, "geometry": { "type": "Polygon", "coordinates": [ [ [ 5.2919569, 46.1118382 ], [ 5.2915403, 46.1136986 ], [ 5.2911124, 46.1146582 ], [ 5.2904589, 46.1156752 ], [ 5.2905338, 46.1157174 ], [ 5.2912623, 46.1159676 ], [ 5.2914447, 46.1159926 ], [ 5.291132, 46.1156709 ], [ 5.2909804, 46.1155509 ], [ 5.2907725, 46.1155212 ], [ 5.2910032, 46.1154171 ], [ 5.2915628, 46.115276 ], [ 5.2924087, 46.1151075 ], [ 5.2926635, 46.1151447 ], [ 5.2929143, 46.11514 ], [ 5.2929317, 46.115074 ], [ 5.2930752, 46.1150285 ], [ 5.2931396, 46.1149699 ], [ 5.2931678, 46.1148974 ], [ 5.2931503, 46.1148277 ], [ 5.2931865, 46.1147747 ], [ 5.2931141, 46.1147384 ], [ 5.2931007, 46.1146752 ], [ 5.2931822, 46.1146218 ], [ 5.2931155, 46.114559 ], [ 5.2931396, 46.1144484 ], [ 5.2933622, 46.1144688 ], [ 5.2933555, 46.1143749 ], [ 5.2935084, 46.1143721 ], [ 5.2936666, 46.11436 ], [ 5.2938584, 46.1143749 ], [ 5.2939655, 46.114313 ], [ 5.294132, 46.1142736 ], [ 5.2942017, 46.1139984 ], [ 5.2941253, 46.1139491 ], [ 5.2940931, 46.1138878 ], [ 5.2940447, 46.1137986 ], [ 5.2939872, 46.1137474 ], [ 5.2938665, 46.1136907 ], [ 5.2936841, 46.1136711 ], [ 5.2936251, 46.1136228 ], [ 5.2936251, 46.1134982 ], [ 5.2936506, 46.1133801 ], [ 5.2936666, 46.113236 ], [ 5.2936099, 46.113117 ], [ 5.2935513, 46.1130203 ], [ 5.2933877, 46.1129413 ], [ 5.2932053, 46.1128883 ], [ 5.2930296, 46.1128604 ], [ 5.2928553, 46.1128465 ], [ 5.2926139, 46.1129023 ], [ 5.2924087, 46.1128549 ], [ 5.2923162, 46.1128084 ], [ 5.2922289, 46.1127585 ], [ 5.2921083, 46.1122612 ], [ 5.2920761, 46.1118391 ], [ 5.2919569, 46.1118382 ] ] ] } },
{ "type": "Feature", "properties": { "Aire": "RRN C", "NomUsuel": "Les Planons", "Nature": "R", "GVO": "APRR", "Surface": 30832.10584, "Réseau": "C", "Axe": "A40", "id_aire": "A000440" }, "geometry": { "type": "Polygon", "coordinates": [ [ [ 4.9820227, 46.278998 ], [ 4.9865453, 46.2781857 ], [ 4.9865444, 46.2780955 ], [ 4.9865151, 46.2780378 ], [ 4.9862639, 46.277998 ], [ 4.9862007, 46.2778888 ], [ 4.9860334, 46.2778827 ], [ 4.9858916, 46.2777664 ], [ 4.9856862, 46.2777712 ], [ 4.9853618, 46.2774295 ], [ 4.9828361, 46.2778877 ], [ 4.9817665, 46.2788519 ], [ 4.9818962, 46.2789275 ], [ 4.9820227, 46.278998 ] ] ] } },
{ "type": "Feature", "properties": { "Aire": "RRN C", "NomUsuel": "Le Musee de la Bresse", "Nature": "R", "GVO": "APRR", "Surface": 42543.16615, "Réseau": "C", "Axe": "A40", "id_aire": "A000441" }, "geometry": { "type": "Polygon", "coordinates": [ [ [ 4.9853728, 46.279813 ], [ 4.9842958, 46.279795 ], [ 4.9841183, 46.2796341 ], [ 4.9836636, 46.2794452 ], [ 4.9836754, 46.2793821 ], [ 4.9837664, 46.2793127 ], [ 4.9837985, 46.2791791 ], [ 4.9837428, 46.2790557 ], [ 4.9811789, 46.2794585 ], [ 4.9809802, 46.2794895 ], [ 4.9810848, 46.2795248 ], [ 4.9811035, 46.2795637 ], [ 4.9811035, 46.279649 ], [ 4.9813557, 46.2796341 ], [ 4.9812967, 46.2797713 ], [ 4.9810392, 46.2799252 ], [ 4.9809694, 46.280168 ], [ 4.9813955, 46.2802552 ], [ 4.9842954, 46.2806685 ], [ 4.9851341, 46.280824 ], [ 4.9853938, 46.2808689 ], [ 4.9856512, 46.2805082 ], [ 4.9857169, 46.2804637 ], [ 4.9860305, 46.2799667 ], [ 4.9856198, 46.2798714 ], [ 4.9853728, 46.279813 ] ] ] } },
{ "type": "Feature", "properties": { "Aire": "RRN C", "NomUsuel": "La Dauneuse", "Nature": "R", "GVO": "COFIROUTE", "Surface": 64849.5028, "Réseau": "C", "Axe": "A10", "id_aire": "A000442" }, "geometry": { "type": "Polygon", "coordinates": [ [ [ 1.851061, 48.1104541 ], [ 1.8511938, 48.1104784 ], [ 1.8513705, 48.1105092 ], [ 1.8522837, 48.1098754 ], [ 1.852588, 48.1092967 ], [ 1.8532638, 48.1090039 ], [ 1.8544579, 48.1086419 ], [ 1.8544659, 48.1084413 ], [ 1.853418, 48.1075422 ], [ 1.8532013, 48.1073603 ], [ 1.8523568, 48.1061176 ], [ 1.8514228, 48.106413 ], [ 1.8513963, 48.1071403 ], [ 1.851316, 48.107225 ], [ 1.8512364, 48.1073091 ], [ 1.8512266, 48.1074841 ], [ 1.851061, 48.1104541 ] ] ] } },
{ "type": "Feature", "properties": { "Aire": "RRN C", "NomUsuel": "Aire de Chauvry", "Nature": "R", "GVO": "COFIROUTE", "Surface": 19742.69049, "Réseau": "C", "Axe": "A10", "id_aire": "A000443" }, "geometry": { "type": "Polygon", "coordinates": [ [ [ 1.7247193, 47.8696769 ], [ 1.7256177, 47.8702888 ], [ 1.7270976, 47.8713621 ], [ 1.7271413, 47.8713128 ], [ 1.7272038, 47.8711876 ], [ 1.727607, 47.8706532 ], [ 1.7279342, 47.8703563 ], [ 1.7269762, 47.8698095 ], [ 1.725598, 47.8697881 ], [ 1.7253075, 47.8697131 ], [ 1.7252347, 47.8696874 ], [ 1.7248942, 47.8695313 ], [ 1.7247193, 47.8696769 ] ] ] } },
{ "type": "Feature", "properties": { "Aire": "RRN C", "NomUsuel": "Haut Bois", "Nature": "R", "GVO": "APRR", "Surface": 19245.2941, "Réseau": "C", "Axe": "A36", "id_aire": "A000444" }, "geometry": { "type": "Polygon", "coordinates": [ [ [ 7.022584, 47.6968336 ], [ 7.0242923, 47.6984057 ], [ 7.0250564, 47.6991206 ], [ 7.0252769, 47.699037 ], [ 7.0252547, 47.6983737 ], [ 7.0251645, 47.6981707 ], [ 7.0243855, 47.6973876 ], [ 7.0237994, 47.6969304 ], [ 7.0234736, 47.6967867 ], [ 7.0229132, 47.6966371 ], [ 7.022584, 47.6968336 ] ] ] } },
{ "type": "Feature", "properties": { "Aire": "RRN C", "NomUsuel": "Les Grands Pres", "Nature": "R", "GVO": "APRR", "Surface": 13281.30394, "Réseau": "C", "Axe": "A36", "id_aire": "A000445" }, "geometry": { "type": "Polygon", "coordinates": [ [ [ 6.9344548, 47.6547678 ], [ 6.9345397, 47.6546648 ], [ 6.9331385, 47.6541866 ], [ 6.9324173, 47.6539405 ], [ 6.9316759, 47.6536824 ], [ 6.9316591, 47.6536765 ], [ 6.9306141, 47.6533073 ], [ 6.9305246, 47.6533953 ], [ 6.930954, 47.653648 ], [ 6.931355, 47.6539153 ], [ 6.931822, 47.6542517 ], [ 6.9334505, 47.6548243 ], [ 6.9337374, 47.6548396 ], [ 6.9344548, 47.6547678 ] ] ] } },
{ "type": "Feature", "properties": { "Aire": "RRN C", "NomUsuel": "ASF_A_352 - Aire d'Estézargues-Sud", "Nature": "R", "GVO": "ASF", "Surface": 58902.19858, "Réseau": "C", "Axe": "A9", "id_aire": "A000446" }, "geometry": { "type": "Polygon", "coordinates": [ [ [ 4.6353545, 43.9622789 ], [ 4.6378323, 43.9638357 ], [ 4.637909, 43.9638151 ], [ 4.6380337, 43.9637788 ], [ 4.638701, 43.964273 ], [ 4.638817, 43.9641964 ], [ 4.6388067, 43.9631705 ], [ 4.6388403, 43.9625105 ], [ 4.6387154, 43.9622789 ], [ 4.6366653, 43.9610659 ], [ 4.6345719, 43.9615532 ], [ 4.6352764, 43.9621998 ], [ 4.6353545, 43.9622789 ] ] ] } },
{ "type": "Feature", "properties": { "Aire": "RRN C", "NomUsuel": "ASF_A_350 - Aire de Roquemaure-Sud", "Nature": "R", "GVO": "ASF", "Surface": 8370.07702, "Réseau": "C", "Axe": "A9", "id_aire": "A000447" }, "geometry": { "type": "Polygon", "coordinates": [ [ [ 4.7648382, 44.0480363 ], [ 4.7649734, 44.0488501 ], [ 4.7651537, 44.0496802 ], [ 4.7652368, 44.0496803 ], [ 4.7655198, 44.0496802 ], [ 4.7656071, 44.0495546 ], [ 4.7656466, 44.0491032 ], [ 4.7655536, 44.0486781 ], [ 4.7654044, 44.0482813 ], [ 4.7651959, 44.0479149 ], [ 4.7649191, 44.0479572 ], [ 4.7648382, 44.0480363 ] ] ] } },
{ "type": "Feature", "properties": { "Aire": "RRN C", "NomUsuel": "ASF_A_349 - Aire de Roquemaure-Nord", "Nature": "R", "GVO": "ASF", "Surface": 8519.86323, "Réseau": "C", "Axe": "A9", "id_aire": "A000448" }, "geometry": { "type": "Polygon", "coordinates": [ [ [ 4.764621, 44.050009 ], [ 4.764727, 44.0499712 ], [ 4.7647825, 44.0499499 ], [ 4.7646097, 44.0494306 ], [ 4.7645049, 44.0489948 ], [ 4.7644085, 44.0481517 ], [ 4.7642244, 44.0481273 ], [ 4.7638929, 44.0486588 ], [ 4.7638929, 44.0490254 ], [ 4.7639131, 44.0491336 ], [ 4.7639835, 44.0494693 ], [ 4.7641139, 44.0497178 ], [ 4.7643604, 44.0498644 ], [ 4.764621, 44.050009 ] ] ] } },
{ "type": "Feature", "properties": { "Aire": "RRN C", "NomUsuel": "Goyencourt Est", "Nature": "R", "GVO": "SANEF", "Surface": 11527.98359, "Réseau": "C", "Axe": "A1", "id_aire": "A000449" }, "geometry": { "type": "Polygon", "coordinates": [ [ [ 2.7820931, 49.7295375 ], [ 2.7824425, 49.7293932 ], [ 2.7825198, 49.7293613 ], [ 2.7828532, 49.7292714 ], [ 2.7824896, 49.7285707 ], [ 2.78236, 49.7285087 ], [ 2.7821991, 49.7283145 ], [ 2.7821814, 49.7282229 ], [ 2.7823573, 49.728103 ], [ 2.782232, 49.7279444 ], [ 2.7820104, 49.7279173 ], [ 2.7813569, 49.7278603 ], [ 2.7812961, 49.727958 ], [ 2.7812938, 49.7280865 ], [ 2.7813525, 49.7282404 ], [ 2.7817123, 49.7290061 ], [ 2.7819885, 49.7294901 ], [ 2.7820931, 49.7295375 ] ] ] } },
{ "type": "Feature", "properties": { "Aire": "RRN C", "NomUsuel": "SAINT-HILAIRE", "Nature": "R", "GVO": "ESCOTA", "Surface": 97500.90355, "Réseau": "C", "Axe": "A8", "id_aire": "A000450" }, "geometry": { "type": "Polygon", "coordinates": [ [ [ 5.8161396, 43.4724791 ], [ 5.8160986, 43.472134 ], [ 5.8165419, 43.4721262 ], [ 5.8165821, 43.472021 ], [ 5.8169818, 43.4716376 ], [ 5.8179957, 43.4703645 ], [ 5.8181083, 43.4699227 ], [ 5.8179554, 43.4697747 ], [ 5.8175129, 43.4696969 ], [ 5.8166599, 43.4697903 ], [ 5.8138758, 43.4701777 ], [ 5.813908, 43.4709368 ], [ 5.8157507, 43.4709057 ], [ 5.8159853, 43.4721339 ], [ 5.8160202, 43.4724882 ], [ 5.8149536, 43.4725393 ], [ 5.8147532, 43.472573 ], [ 5.8138973, 43.4725805 ], [ 5.8121002, 43.4725503 ], [ 5.8120987, 43.4725866 ], [ 5.8120791, 43.4727062 ], [ 5.8129436, 43.472825 ], [ 5.8130389, 43.4733057 ], [ 5.8133125, 43.4735374 ], [ 5.8144391, 43.4739442 ], [ 5.8145007, 43.4740454 ], [ 5.8145662, 43.4740557 ], [ 5.8149004, 43.4740746 ], [ 5.8153135, 43.474022 ], [ 5.8161771, 43.4734245 ], [ 5.8164614, 43.4735471 ], [ 5.8171266, 43.4736308 ], [ 5.8173174, 43.4734515 ], [ 5.8176443, 43.4731442 ], [ 5.8178079, 43.4728308 ], [ 5.8173063, 43.4727335 ], [ 5.8171105, 43.4726906 ], [ 5.8162951, 43.4727792 ], [ 5.8163112, 43.4726527 ], [ 5.8162412, 43.4725799 ], [ 5.8161812, 43.4725164 ], [ 5.8161396, 43.4724791 ] ] ] } },
{ "type": "Feature", "properties": { "Aire": "RRN C", "NomUsuel": "ASF_A_377 - Aire de Ventabren Sud", "Nature": "R", "GVO": "ASF", "Surface": 40666.80156, "Réseau": "C", "Axe": "A8", "id_aire": "A000451" }, "geometry": { "type": "Polygon", "coordinates": [ [ [ 5.3195203, 43.549845 ], [ 5.3178066, 43.550185 ], [ 5.3168142, 43.5505777 ], [ 5.317551, 43.5511852 ], [ 5.3181167, 43.5512887 ], [ 5.3182867, 43.5512872 ], [ 5.3201552, 43.5507804 ], [ 5.3216993, 43.5502976 ], [ 5.3216785, 43.5502549 ], [ 5.321486, 43.5498584 ], [ 5.3211969, 43.549524 ], [ 5.3195203, 43.549845 ] ] ] } },
{ "type": "Feature", "properties": { "Aire": "RRN C", "NomUsuel": "ASF_A_360 - Aire de Vergèze Nord", "Nature": "R", "GVO": "ASF", "Surface": 62422.48472, "Réseau": "C", "Axe": "A9", "id_aire": "A000452" }, "geometry": { "type": "Polygon", "coordinates": [ [ [ 4.2239221, 43.7512568 ], [ 4.2249605, 43.7515332 ], [ 4.2263421, 43.7525388 ], [ 4.2275335, 43.7523288 ], [ 4.2281236, 43.7524786 ], [ 4.2288894, 43.7524003 ], [ 4.2285693, 43.7513055 ], [ 4.2288092, 43.7511363 ], [ 4.2289408, 43.7504104 ], [ 4.2266319, 43.7506468 ], [ 4.2262199, 43.7506914 ], [ 4.223277, 43.751053 ], [ 4.2232842, 43.7511208 ], [ 4.2233076, 43.7511986 ], [ 4.2239221, 43.7512568 ] ] ] } },
{ "type": "Feature", "properties": { "Aire": "RRN C", "NomUsuel": "ASF_A_362 - Aire de Nabrigas", "Nature": "R", "GVO": "ASF", "Surface": 34481.8755, "Réseau": "C", "Axe": "A9", "id_aire": "A000453" }, "geometry": { "type": "Polygon", "coordinates": [ [ [ 4.063238, 43.6896949 ], [ 4.0633712, 43.6895745 ], [ 4.0622556, 43.6893417 ], [ 4.0590363, 43.6886514 ], [ 4.0589142, 43.6887316 ], [ 4.059266, 43.6889029 ], [ 4.0589584, 43.6891832 ], [ 4.0592479, 43.6893284 ], [ 4.0593632, 43.6894279 ], [ 4.0596277, 43.6897104 ], [ 4.0599416, 43.6900456 ], [ 4.0601297, 43.6901725 ], [ 4.0603539, 43.6903308 ], [ 4.0607014, 43.6903611 ], [ 4.0617949, 43.6902287 ], [ 4.063238, 43.6896949 ] ] ] } },
{ "type": "Feature", "properties": { "Aire": "RRN C", "NomUsuel": "Ver-les-Chartres les Moineaux", "Nature": "R", "GVO": "COFIROUTE", "Surface": 45328.9728, "Réseau": "C", "Axe": "A11", "id_aire": "A000454" }, "geometry": { "type": "Polygon", "coordinates": [ [ [ 1.4735769, 48.3745398 ], [ 1.4742598, 48.3748973 ], [ 1.4767011, 48.3758769 ], [ 1.4776287, 48.3756337 ], [ 1.4776092, 48.3753159 ], [ 1.4782146, 48.3749689 ], [ 1.478493, 48.3750627 ], [ 1.4785514, 48.3750824 ], [ 1.4786247, 48.3749624 ], [ 1.4782884, 48.3745823 ], [ 1.4777441, 48.3742807 ], [ 1.4770995, 48.3740419 ], [ 1.4766714, 48.3739616 ], [ 1.4761726, 48.3739456 ], [ 1.4758722, 48.373949 ], [ 1.4753345, 48.3740566 ], [ 1.4735769, 48.3745398 ] ] ] } },
{ "type": "Feature", "properties": { "Aire": "RRN C", "NomUsuel": "Theligny", "Nature": "R", "GVO": "COFIROUTE", "Surface": 40349.80732, "Réseau": "C", "Axe": "A11", "id_aire": "A000455" }, "geometry": { "type": "Polygon", "coordinates": [ [ [ 0.7824539, 48.18056 ], [ 0.7832642, 48.1817259 ], [ 0.7855595, 48.1822481 ], [ 0.7874283, 48.1817285 ], [ 0.7875252, 48.1814312 ], [ 0.7860015, 48.1810977 ], [ 0.7824422, 48.1803377 ], [ 0.7824539, 48.18056 ] ] ] } },
{ "type": "Feature", "properties": { "Aire": "RRN C", "NomUsuel": "Les Marnieres", "Nature": "R", "GVO": "COFIROUTE", "Surface": 46629.17992, "Réseau": "C", "Axe": "A10", "id_aire": "A000456" }, "geometry": { "type": "Polygon", "coordinates": [ [ [ 1.8914865, 48.3902996 ], [ 1.8925749, 48.3898381 ], [ 1.8929646, 48.3896729 ], [ 1.8936409, 48.3893861 ], [ 1.8931218, 48.3874865 ], [ 1.8915488, 48.3879278 ], [ 1.8912116, 48.3867746 ], [ 1.8911541, 48.3867842 ], [ 1.8907555, 48.386851 ], [ 1.8906458, 48.3868694 ], [ 1.8907776, 48.3875993 ], [ 1.8912856, 48.3895343 ], [ 1.8914865, 48.3902996 ] ] ] } },
{ "type": "Feature", "properties": { "Aire": "RRN C", "NomUsuel": "Lugos Ouest", "Nature": "R", "GVO": "ATLANDES", "Surface": 63216.2577, "Réseau": "C", "Axe": "A63", "id_aire": "A000457" }, "geometry": { "type": "Polygon", "coordinates": [ [ [ -0.8436273, 44.5022584 ], [ -0.8436109, 44.502279 ], [ -0.8431109, 44.5029056 ], [ -0.8419557, 44.5032091 ], [ -0.8415376, 44.5010062 ], [ -0.8414317, 44.5002547 ], [ -0.8411695, 44.4998047 ], [ -0.8412936, 44.4997539 ], [ -0.8413424, 44.4997266 ], [ -0.8415614, 44.4997574 ], [ -0.8424719, 44.4994471 ], [ -0.8427254, 44.4994265 ], [ -0.8429876, 44.4994573 ], [ -0.8436273, 44.4995786 ], [ -0.8438261, 44.5018125 ], [ -0.8437656, 44.5020468 ], [ -0.8436273, 44.5022584 ] ] ] } },
{ "type": "Feature", "properties": { "Aire": "RRN C", "NomUsuel": "Lugos Est", "Nature": "R", "GVO": "ATLANDES", "Surface": 52835.11103, "Réseau": "C", "Axe": "A63", "id_aire": "A000458" }, "geometry": { "type": "Polygon", "coordinates": [ [ [ -0.8411551, 44.5031813 ], [ -0.8410595, 44.5032099 ], [ -0.8408895, 44.5031565 ], [ -0.8405668, 44.5031688 ], [ -0.8399956, 44.5034076 ], [ -0.8394068, 44.5032975 ], [ -0.8387489, 44.5029039 ], [ -0.8384431, 44.5021023 ], [ -0.8387447, 44.5015969 ], [ -0.8384746, 44.5011141 ], [ -0.838378, 44.500725 ], [ -0.8382675, 44.5003978 ], [ -0.838767, 44.5001594 ], [ -0.8396253, 44.5002123 ], [ -0.8398282, 44.5008243 ], [ -0.8401961, 44.500581 ], [ -0.8402585, 44.5005753 ], [ -0.8406273, 44.5019789 ], [ -0.8408722, 44.502503 ], [ -0.8411949, 44.5031565 ], [ -0.8411551, 44.5031813 ] ] ] } },
{ "type": "Feature", "properties": { "Aire": "RRN C", "NomUsuel": "ASF_A_351 - Aire d'Estézargues-Nord", "Nature": "R", "GVO": "ASF", "Surface": 67236.73267, "Réseau": "C", "Axe": "A9", "id_aire": "A000459" }, "geometry": { "type": "Polygon", "coordinates": [ [ [ 4.6397549, 43.9655888 ], [ 4.6381562, 43.9645912 ], [ 4.6361945, 43.9634352 ], [ 4.6362324, 43.9637562 ], [ 4.6362995, 43.9644717 ], [ 4.6363782, 43.9653969 ], [ 4.6364569, 43.966171 ], [ 4.6365181, 43.9662382 ], [ 4.6376001, 43.966957 ], [ 4.6378785, 43.9670171 ], [ 4.6403119, 43.9661728 ], [ 4.6403407, 43.9659931 ], [ 4.6397549, 43.9655888 ] ] ] } },
{ "type": "Feature", "properties": { "Aire": "RRN C", "NomUsuel": "Wancourt Ouest", "Nature": "R", "GVO": "SANEF", "Surface": 30623.02483, "Réseau": "C", "Axe": "A1", "id_aire": "A000460" }, "geometry": { "type": "Polygon", "coordinates": [ [ [ 2.8645639, 50.264 ], [ 2.8646807, 50.2639255 ], [ 2.8644758, 50.2636303 ], [ 2.8642143, 50.263225 ], [ 2.8639904, 50.2628888 ], [ 2.8632381, 50.261759 ], [ 2.8629218, 50.2612708 ], [ 2.8623735, 50.260257 ], [ 2.8620299, 50.2601574 ], [ 2.8620831, 50.2605673 ], [ 2.8622814, 50.2611583 ], [ 2.862207, 50.2618466 ], [ 2.8627431, 50.2628408 ], [ 2.8630422, 50.2633672 ], [ 2.8630788, 50.2635425 ], [ 2.8632933, 50.2639234 ], [ 2.8633072, 50.2640981 ], [ 2.8632981, 50.264204 ], [ 2.8632791, 50.2642987 ], [ 2.8636068, 50.2642287 ], [ 2.8637208, 50.2642176 ], [ 2.86393, 50.2641632 ], [ 2.8645639, 50.264 ] ] ] } },
{ "type": "Feature", "properties": { "Aire": "RRN C", "NomUsuel": "Vallon", "Nature": "R", "GVO": "APRR", "Surface": 37666.64127, "Réseau": "C", "Axe": "A71", "id_aire": "A000461" }, "geometry": { "type": "Polygon", "coordinates": [ [ [ 2.5784632, 46.5183644 ], [ 2.5787391, 46.5185379 ], [ 2.5795513, 46.5185142 ], [ 2.5801268, 46.5185064 ], [ 2.5812938, 46.5180017 ], [ 2.5820034, 46.5176548 ], [ 2.5820349, 46.5174025 ], [ 2.582918, 46.516961 ], [ 2.583533, 46.5161568 ], [ 2.5832807, 46.5158493 ], [ 2.5816959, 46.5166141 ], [ 2.5800086, 46.5174893 ], [ 2.5784632, 46.5183644 ] ] ] } },
{ "type": "Feature", "properties": { "Aire": "RRN C", "NomUsuel": "Grand Meaulnes", "Nature": "R", "GVO": "APRR", "Surface": 29380.16011, "Réseau": "C", "Axe": "A71", "id_aire": "A000462" }, "geometry": { "type": "Polygon", "coordinates": [ [ [ 2.5804501, 46.5165668 ], [ 2.5806551, 46.5166614 ], [ 2.5816091, 46.5161016 ], [ 2.5839666, 46.5151081 ], [ 2.585102, 46.5147139 ], [ 2.5848891, 46.5143906 ], [ 2.5840928, 46.5143748 ], [ 2.5834541, 46.5145798 ], [ 2.5829337, 46.5145246 ], [ 2.5813647, 46.5152737 ], [ 2.5804501, 46.5165668 ] ] ] } },
{ "type": "Feature", "properties": { "Aire": "RRN C", "NomUsuel": "Aire de la Ravoire", "Nature": "R", "GVO": "ADELAC", "Surface": 19078.1963, "Réseau": "C", "Axe": "A41", "id_aire": "A000463" }, "geometry": { "type": "Polygon", "coordinates": [ [ [ 6.1180704, 46.0169449 ], [ 6.1174672, 46.0171131 ], [ 6.1168744, 46.0172716 ], [ 6.1165379, 46.0174566 ], [ 6.1167843, 46.0174753 ], [ 6.116967, 46.017558 ], [ 6.1170661, 46.0177241 ], [ 6.1170491, 46.0178962 ], [ 6.1170902, 46.0180998 ], [ 6.1172757, 46.0182365 ], [ 6.1172547, 46.0182502 ], [ 6.1172249, 46.0182698 ], [ 6.1169855, 46.0184227 ], [ 6.1171638, 46.0186439 ], [ 6.1172345, 46.0187055 ], [ 6.1175711, 46.018999 ], [ 6.1178108, 46.0190403 ], [ 6.1180678, 46.0189414 ], [ 6.1183, 46.0187723 ], [ 6.118332, 46.0186623 ], [ 6.1183459, 46.018554 ], [ 6.1182084, 46.0181324 ], [ 6.1182113, 46.0180644 ], [ 6.1182759, 46.0176515 ], [ 6.1182824, 46.0175382 ], [ 6.1182766, 46.0174421 ], [ 6.1182395, 46.0173473 ], [ 6.1181883, 46.0172569 ], [ 6.1180898, 46.0171247 ], [ 6.1180511, 46.017077 ], [ 6.1180364, 46.0170288 ], [ 6.1180396, 46.0169868 ], [ 6.1180704, 46.0169449 ] ] ] } },
{ "type": "Feature", "properties": { "Aire": "RRN C", "NomUsuel": "Les ponts de la Caille", "Nature": "R", "GVO": "ADELAC", "Surface": 23257.39635, "Réseau": "C", "Axe": "A41", "id_aire": "A000464" }, "geometry": { "type": "Polygon", "coordinates": [ [ [ 6.1160962, 46.016838 ], [ 6.1163686, 46.0169548 ], [ 6.1170695, 46.0167907 ], [ 6.1172506, 46.0167289 ], [ 6.1176743, 46.0165695 ], [ 6.1173479, 46.0165459 ], [ 6.1171236, 46.0164861 ], [ 6.1170014, 46.0163985 ], [ 6.1169814, 46.0162858 ], [ 6.1170675, 46.0161774 ], [ 6.1165188, 46.0155668 ], [ 6.1163806, 46.0154667 ], [ 6.1163806, 46.015386 ], [ 6.1165068, 46.0153471 ], [ 6.1165021, 46.0153184 ], [ 6.1164948, 46.0152938 ], [ 6.1165754, 46.0152355 ], [ 6.1164075, 46.0151391 ], [ 6.1162811, 46.015088 ], [ 6.1161715, 46.0150692 ], [ 6.1160729, 46.015073 ], [ 6.1158603, 46.0151158 ], [ 6.1158054, 46.0150254 ], [ 6.1155404, 46.0150893 ], [ 6.1154419, 46.0151223 ], [ 6.1154191, 46.0151493 ], [ 6.1154044, 46.0151912 ], [ 6.1154025, 46.0152099 ], [ 6.1151132, 46.0152156 ], [ 6.1147925, 46.0152024 ], [ 6.1147962, 46.0153005 ], [ 6.1148006, 46.0153595 ], [ 6.1148359, 46.015833 ], [ 6.1152551, 46.0160341 ], [ 6.1155415, 46.0163373 ], [ 6.1157132, 46.0163555 ], [ 6.1158519, 46.0164096 ], [ 6.1160321, 46.016507 ], [ 6.1161463, 46.0166349 ], [ 6.1160962, 46.016838 ] ] ] } },
{ "type": "Feature", "properties": { "Aire": "RRN C", "NomUsuel": "Aire de la  Foret", "Nature": "R", "GVO": "APRR", "Surface": 16071.96858, "Réseau": "C", "Axe": "A36", "id_aire": "A000465" }, "geometry": { "type": "Polygon", "coordinates": [ [ [ 6.9535746, 47.6641296 ], [ 6.9547056, 47.6648377 ], [ 6.9558673, 47.6655095 ], [ 6.957018, 47.66619 ], [ 6.9568906, 47.6655078 ], [ 6.9559725, 47.6649327 ], [ 6.9548324, 47.6642167 ], [ 6.9536009, 47.6639492 ], [ 6.9535746, 47.6641296 ] ] ] } },
{ "type": "Feature", "properties": { "Aire": "RRN C", "NomUsuel": "Saint Jean de Losne", "Nature": "R", "GVO": "APRR", "Surface": 24877.15668, "Réseau": "C", "Axe": "A36", "id_aire": "A000466" }, "geometry": { "type": "Polygon", "coordinates": [ [ [ 5.2982917, 47.0652266 ], [ 5.2982391, 47.0653157 ], [ 5.2982, 47.0653892 ], [ 5.2989859, 47.0660064 ], [ 5.3014629, 47.0664545 ], [ 5.3021974, 47.0662754 ], [ 5.3036892, 47.0661301 ], [ 5.3035766, 47.0660581 ], [ 5.3034324, 47.065998 ], [ 5.2982917, 47.0652266 ] ] ] } },
{ "type": "Feature", "properties": { "Aire": "RRN C", "NomUsuel": "Les Noues", "Nature": "R", "GVO": "APRR", "Surface": 27713.92187, "Réseau": "C", "Axe": "A36", "id_aire": "A000467" }, "geometry": { "type": "Polygon", "coordinates": [ [ [ 5.3010808, 47.0653255 ], [ 5.30136, 47.0653083 ], [ 5.3016596, 47.0652885 ], [ 5.3014707, 47.0651806 ], [ 5.3003329, 47.0645289 ], [ 5.2975834, 47.0640651 ], [ 5.2958596, 47.0643762 ], [ 5.2960587, 47.0644889 ], [ 5.2963902, 47.0646578 ], [ 5.3010808, 47.0653255 ] ] ] } },
{ "type": "Feature", "properties": { "Aire": "RRN C", "NomUsuel": "Marmont", "Nature": "R", "GVO": "APRR", "Surface": 27267.03431, "Réseau": "C", "Axe": "A39", "id_aire": "A000468" }, "geometry": { "type": "Polygon", "coordinates": [ [ [ 5.2590774, 46.3102797 ], [ 5.2587603, 46.3107072 ], [ 5.2585705, 46.310963 ], [ 5.2586989, 46.3110982 ], [ 5.2590595, 46.3114782 ], [ 5.2593135, 46.3117457 ], [ 5.2597065, 46.3118671 ], [ 5.2600498, 46.3118967 ], [ 5.2603865, 46.3118369 ], [ 5.2607686, 46.3115744 ], [ 5.2603073, 46.3112372 ], [ 5.2603985, 46.3111445 ], [ 5.2608491, 46.3112779 ], [ 5.2611757, 46.3114674 ], [ 5.2615168, 46.3113734 ], [ 5.2601237, 46.3100837 ], [ 5.2599175, 46.3098393 ], [ 5.2596918, 46.309991 ], [ 5.2595203, 46.3101063 ], [ 5.2590774, 46.3102797 ] ] ] } },
{ "type": "Feature", "properties": { "Aire": "RRN C", "NomUsuel": "Hyombre", "Nature": "R", "GVO": "APRR", "Surface": 11790.42232, "Réseau": "C", "Axe": "A36", "id_aire": "A000469" }, "geometry": { "type": "Polygon", "coordinates": [ [ [ 5.7524067, 47.1909469 ], [ 5.7524102, 47.1908045 ], [ 5.7524158, 47.190763 ], [ 5.7518744, 47.1905474 ], [ 5.7497622, 47.1897157 ], [ 5.749806, 47.1898645 ], [ 5.7498429, 47.189966 ], [ 5.7499867, 47.1901519 ], [ 5.7500393, 47.1905142 ], [ 5.7503935, 47.1906609 ], [ 5.7510178, 47.1909194 ], [ 5.7512247, 47.1909428 ], [ 5.7524067, 47.1909469 ] ] ] } },
{ "type": "Feature", "properties": { "Aire": "RRN C", "NomUsuel": "Sampans", "Nature": "R", "GVO": "APRR", "Surface": 26975.78281, "Réseau": "C", "Axe": "A36", "id_aire": "A000470" }, "geometry": { "type": "Polygon", "coordinates": [ [ [ 5.4378509, 47.1301203 ], [ 5.436436, 47.1291988 ], [ 5.435992, 47.1292113 ], [ 5.4345244, 47.1293547 ], [ 5.4340402, 47.1298155 ], [ 5.4336763, 47.1298973 ], [ 5.4323227, 47.1298239 ], [ 5.4323262, 47.1300756 ], [ 5.434737, 47.1301092 ], [ 5.4361245, 47.1301994 ], [ 5.4373764, 47.1302812 ], [ 5.4376848, 47.1303308 ], [ 5.4378509, 47.1301203 ] ] ] } },
{ "type": "Feature", "properties": { "Aire": "RRN C", "NomUsuel": "Joel Boisgard", "Nature": "R", "GVO": "COFIROUTE", "Surface": 79717.51193, "Réseau": "C", "Axe": "A28", "id_aire": "A000471" }, "geometry": { "type": "Polygon", "coordinates": [ [ [ 0.1637057, 48.2447111 ], [ 0.1638875, 48.24473 ], [ 0.1642595, 48.2436267 ], [ 0.1644226, 48.2436592 ], [ 0.1658041, 48.2410226 ], [ 0.1656811, 48.2409481 ], [ 0.1660844, 48.2400789 ], [ 0.1654815, 48.239625 ], [ 0.1650739, 48.2393674 ], [ 0.1649095, 48.2393593 ], [ 0.1620865, 48.2427783 ], [ 0.1624957, 48.2431187 ], [ 0.1637057, 48.2447111 ] ] ] } },
{ "type": "Feature", "properties": { "Aire": "RRN C", "NomUsuel": "Aire de La Suzannerie", "Nature": "R", "GVO": "COFIROUTE", "Surface": 78808.85978, "Réseau": "C", "Axe": "A28", "id_aire": "A000472" }, "geometry": { "type": "Polygon", "coordinates": [ [ [ 0.1668669, 48.2421134 ], [ 0.165829, 48.2421504 ], [ 0.165547, 48.2429667 ], [ 0.1653423, 48.2429547 ], [ 0.1642608, 48.2451023 ], [ 0.1641976, 48.2455202 ], [ 0.1635697, 48.2468007 ], [ 0.1637472, 48.2468385 ], [ 0.1662002, 48.2460359 ], [ 0.167653, 48.2431109 ], [ 0.1670115, 48.2421655 ], [ 0.1668669, 48.2421134 ] ] ] } },
{ "type": "Feature", "properties": { "Aire": "RRN C", "NomUsuel": "Gye Est", "Nature": "P", "GVO": "APRR", "Surface": 26807.42359, "Réseau": "C", "Axe": "A31", "id_aire": "A000473" }, "geometry": { "type": "Polygon", "coordinates": [ [ [ 5.8822726, 48.6329911 ], [ 5.8826201, 48.6329926 ], [ 5.8828941, 48.6322982 ], [ 5.8835868, 48.6320148 ], [ 5.8837583, 48.6317548 ], [ 5.884375, 48.63101 ], [ 5.884413, 48.6308912 ], [ 5.8844259, 48.6305988 ], [ 5.8845411, 48.6299238 ], [ 5.8846642, 48.6296972 ], [ 5.8846725, 48.6295989 ], [ 5.8846298, 48.6292551 ], [ 5.8844721, 48.6276419 ], [ 5.8846062, 48.6269604 ], [ 5.8844477, 48.6269309 ], [ 5.8842753, 48.6269284 ], [ 5.8843766, 48.6282348 ], [ 5.8837747, 48.6304047 ], [ 5.8836052, 48.6304987 ], [ 5.883054, 48.6314054 ], [ 5.8826436, 48.6321038 ], [ 5.8824972, 48.6324315 ], [ 5.8826154, 48.6324575 ], [ 5.8822726, 48.6329911 ] ] ] } },
{ "type": "Feature", "properties": { "Aire": "RRN C", "NomUsuel": "Narbefontaine", "Nature": "R", "GVO": "SANEF", "Surface": 12479.90869, "Réseau": "C", "Axe": "A4", "id_aire": "A000474" }, "geometry": { "type": "Polygon", "coordinates": [ [ [ 6.5449175, 49.1344966 ], [ 6.5455241, 49.134535 ], [ 6.546646, 49.1344717 ], [ 6.5468734, 49.1343941 ], [ 6.5469403, 49.1342165 ], [ 6.5473025, 49.1339111 ], [ 6.5483838, 49.1335996 ], [ 6.5483644, 49.1335512 ], [ 6.5483428, 49.1335212 ], [ 6.5480712, 49.1335766 ], [ 6.5470656, 49.1337585 ], [ 6.5458446, 49.1339263 ], [ 6.5450586, 49.1340072 ], [ 6.5443299, 49.1340506 ], [ 6.5443618, 49.1340961 ], [ 6.5443887, 49.1341469 ], [ 6.5449108, 49.1341873 ], [ 6.5448164, 49.134302 ], [ 6.5449175, 49.1344966 ] ] ] } },
{ "type": "Feature", "properties": { "Aire": "RRN C", "NomUsuel": "Aire des Quatre Vents", "Nature": "R", "GVO": "COFIROUTE", "Surface": 18230.45276, "Réseau": "C", "Axe": "A10", "id_aire": "A000475" }, "geometry": { "type": "Polygon", "coordinates": [ [ [ 0.2881765, 46.5672106 ], [ 0.2882927, 46.5671835 ], [ 0.2884608, 46.5671442 ], [ 0.2886826, 46.5669189 ], [ 0.2888452, 46.5668188 ], [ 0.2889248, 46.5663889 ], [ 0.289075, 46.5658578 ], [ 0.288878, 46.5655101 ], [ 0.2877591, 46.564486 ], [ 0.2876436, 46.5645768 ], [ 0.2874818, 46.5646038 ], [ 0.2878653, 46.5657649 ], [ 0.2881228, 46.5666242 ], [ 0.2881765, 46.5672106 ] ] ] } },
{ "type": "Feature", "properties": { "Aire": "RRN C", "NomUsuel": "Roberval Est", "Nature": "R", "GVO": "SANEF", "Surface": 18406.44145, "Réseau": "C", "Axe": "A1", "id_aire": "A000476" }, "geometry": { "type": "Polygon", "coordinates": [ [ [ 2.6921492, 49.2888969 ], [ 2.6924285, 49.2891483 ], [ 2.6928683, 49.2891483 ], [ 2.6934045, 49.2884281 ], [ 2.6937264, 49.2878192 ], [ 2.6936459, 49.2872454 ], [ 2.6933616, 49.2865771 ], [ 2.6930505, 49.2865176 ], [ 2.6924872, 49.2880957 ], [ 2.6921492, 49.2888969 ] ] ] } },
{ "type": "Feature", "properties": { "Aire": "RRN C", "NomUsuel": "Roberval Ouest", "Nature": "R", "GVO": "SANEF", "Surface": 5826.37903, "Réseau": "C", "Axe": "A1", "id_aire": "A000477" }, "geometry": { "type": "Polygon", "coordinates": [ [ [ 2.6923155, 49.2854995 ], [ 2.6922404, 49.2856535 ], [ 2.6922622, 49.2861497 ], [ 2.6922514, 49.2866395 ], [ 2.6924872, 49.2866646 ], [ 2.6928254, 49.2859152 ], [ 2.6931795, 49.2852329 ], [ 2.6929271, 49.2851811 ], [ 2.6927876, 49.2852861 ], [ 2.6923155, 49.2854995 ] ] ] } },
{ "type": "Feature", "properties": { "Aire": "RRN C", "NomUsuel": "Tilloloy Est", "Nature": "R", "GVO": "SANEF", "Surface": 24033.83837, "Réseau": "C", "Axe": "A1", "id_aire": "A000478" }, "geometry": { "type": "Polygon", "coordinates": [ [ [ 2.7557605, 49.6240698 ], [ 2.7560196, 49.6241035 ], [ 2.756077, 49.6239275 ], [ 2.7561497, 49.6237109 ], [ 2.7566099, 49.6236809 ], [ 2.75693, 49.6229857 ], [ 2.756931, 49.622812 ], [ 2.7569328, 49.6224775 ], [ 2.7571136, 49.6216571 ], [ 2.7572509, 49.6211358 ], [ 2.7559681, 49.6214305 ], [ 2.7559375, 49.6213105 ], [ 2.7557283, 49.6213279 ], [ 2.7557769, 49.6229607 ], [ 2.7557605, 49.6240698 ] ] ] } },
{ "type": "Feature", "properties": { "Aire": "RRN C", "NomUsuel": "Tilloloy Ouest", "Nature": "R", "GVO": "SANEF", "Surface": 16158.99492, "Réseau": "C", "Axe": "A1", "id_aire": "A000479" }, "geometry": { "type": "Polygon", "coordinates": [ [ [ 2.754988, 49.6251401 ], [ 2.7552831, 49.6249872 ], [ 2.7552294, 49.6233262 ], [ 2.7552348, 49.6227111 ], [ 2.7550846, 49.6225443 ], [ 2.7546689, 49.6227442 ], [ 2.7542826, 49.623102 ], [ 2.7542827, 49.6237693 ], [ 2.7543309, 49.6245469 ], [ 2.7545428, 49.6246258 ], [ 2.754988, 49.6251401 ] ] ] } },
{ "type": "Feature", "properties": { "Aire": "RRN C", "NomUsuel": "Hattencourt", "Nature": "R", "GVO": "SANEF", "Surface": 29486.12141, "Réseau": "C", "Axe": "A1", "id_aire": "A000480" }, "geometry": { "type": "Polygon", "coordinates": [ [ [ 2.7974364, 49.7781324 ], [ 2.7980265, 49.778458 ], [ 2.7991321, 49.7782325 ], [ 2.798424, 49.7758284 ], [ 2.798123, 49.7755966 ], [ 2.797254, 49.7765735 ], [ 2.7970507, 49.7770685 ], [ 2.7974364, 49.7781324 ] ] ] } },
{ "type": "Feature", "properties": { "Aire": "RRN C", "NomUsuel": "Goyencourt Ouest", "Nature": "R", "GVO": "SANEF", "Surface": 11379.36342, "Réseau": "C", "Axe": "A1", "id_aire": "A000481" }, "geometry": { "type": "Polygon", "coordinates": [ [ [ 2.7783601, 49.7259146 ], [ 2.7786108, 49.7264 ], [ 2.7787188, 49.7265993 ], [ 2.7788367, 49.726817 ], [ 2.7788492, 49.7268401 ], [ 2.7797341, 49.7269378 ], [ 2.779965, 49.7268505 ], [ 2.7793425, 49.7256582 ], [ 2.7792137, 49.7253218 ], [ 2.7789563, 49.725516 ], [ 2.7783545, 49.7258782 ], [ 2.7783601, 49.7259146 ] ] ] } },
{ "type": "Feature", "properties": { "Aire": "RRN C", "NomUsuel": "Maurepas", "Nature": "R", "GVO": "SANEF", "Surface": 9216.87292, "Réseau": "C", "Axe": "A1", "id_aire": "A000482" }, "geometry": { "type": "Polygon", "coordinates": [ [ [ 2.8581565, 49.9663185 ], [ 2.8582531, 49.9667153 ], [ 2.8586986, 49.9674015 ], [ 2.8595084, 49.9676021 ], [ 2.8597138, 49.96758 ], [ 2.8588193, 49.9663068 ], [ 2.8586654, 49.9661107 ], [ 2.858532, 49.9659666 ], [ 2.8583338, 49.9660178 ], [ 2.8581565, 49.9663185 ] ] ] } },
{ "type": "Feature", "properties": { "Aire": "RRN C", "NomUsuel": "Rocquigny", "Nature": "R", "GVO": "SANEF", "Surface": 13267.30535, "Réseau": "C", "Axe": "A2", "id_aire": "A000483" }, "geometry": { "type": "Polygon", "coordinates": [ [ [ 2.9327283, 50.0478148 ], [ 2.9326307, 50.0478491 ], [ 2.9347175, 50.0488825 ], [ 2.9347527, 50.0488597 ], [ 2.934917, 50.0487728 ], [ 2.9352328, 50.0485993 ], [ 2.9353355, 50.0482169 ], [ 2.9345717, 50.0478513 ], [ 2.9344135, 50.0478376 ], [ 2.9339955, 50.0477732 ], [ 2.9332691, 50.047677 ], [ 2.9328561, 50.047615 ], [ 2.9327283, 50.0478148 ] ] ] } },
{ "type": "Feature", "properties": { "Aire": "RRN C", "NomUsuel": "Gare de péage de Thun-l'Évêque", "Nature": "P", "GVO": "SANEF", "Surface": 97093.29735, "Réseau": "C", "Axe": "A2", "id_aire": "A000484" }, "geometry": { "type": "Polygon", "coordinates": [ [ [ 3.2678659, 50.227735 ], [ 3.2675393, 50.2275916 ], [ 3.2672494, 50.2274645 ], [ 3.2671281, 50.2275965 ], [ 3.2670339, 50.2276991 ], [ 3.2670063, 50.2277292 ], [ 3.2669019, 50.2278429 ], [ 3.2672253, 50.2279642 ], [ 3.2676164, 50.228141 ], [ 3.2677582, 50.2282731 ], [ 3.2678355, 50.2284415 ], [ 3.2678989, 50.228595 ], [ 3.267951, 50.2287084 ], [ 3.2680236, 50.2287888 ], [ 3.26808, 50.2288277 ], [ 3.2681822, 50.2288762 ], [ 3.2683089, 50.2289189 ], [ 3.2690546, 50.2291704 ], [ 3.2697997, 50.2294216 ], [ 3.2700326, 50.2294953 ], [ 3.270214, 50.2299401 ], [ 3.2707176, 50.2298647 ], [ 3.2713584, 50.2298246 ], [ 3.2722183, 50.2300357 ], [ 3.2728171, 50.2302062 ], [ 3.2730646, 50.2302316 ], [ 3.2743391, 50.2305968 ], [ 3.2756378, 50.2310454 ], [ 3.277548, 50.2318034 ], [ 3.2777127, 50.2316327 ], [ 3.2778026, 50.2315395 ], [ 3.2779693, 50.2313667 ], [ 3.2774455, 50.2310091 ], [ 3.2764501, 50.2303993 ], [ 3.2762163, 50.2302589 ], [ 3.2756292, 50.2299502 ], [ 3.2751989, 50.2297617 ], [ 3.27443, 50.229425 ], [ 3.2739049, 50.2291931 ], [ 3.2731317, 50.2288235 ], [ 3.2730178, 50.2288979 ], [ 3.2729494, 50.2289331 ], [ 3.2728864, 50.2289563 ], [ 3.2728153, 50.2289597 ], [ 3.2727308, 50.2289486 ], [ 3.2726303, 50.2289125 ], [ 3.2726683, 50.2288512 ], [ 3.2720549, 50.2285763 ], [ 3.2717035, 50.2284599 ], [ 3.271189, 50.228512 ], [ 3.2704737, 50.2283635 ], [ 3.2697835, 50.2281749 ], [ 3.2693141, 50.228089 ], [ 3.2685653, 50.2278929 ], [ 3.2678659, 50.227735 ] ] ] } },
{ "type": "Feature", "properties": { "Aire": "RRN C", "NomUsuel": "Villeron", "Nature": "R", "GVO": "SANEF", "Surface": 9720.66561, "Réseau": "C", "Axe": "A1", "id_aire": "A000485" }, "geometry": { "type": "Polygon", "coordinates": [ [ [ 2.5487796, 49.0541686 ], [ 2.5490747, 49.0550897 ], [ 2.5496004, 49.0564748 ], [ 2.5498472, 49.0564256 ], [ 2.5499096, 49.0556594 ], [ 2.5495307, 49.054601 ], [ 2.5489513, 49.054112 ], [ 2.5487796, 49.0541686 ] ] ] } },
{ "type": "Feature", "properties": { "Aire": "RRN C", "NomUsuel": "ASF_A_338 - Aire des Pins", "Nature": "R", "GVO": "ASF", "Surface": 47035.97442, "Réseau": "C", "Axe": "A89", "id_aire": "A000486" }, "geometry": { "type": "Polygon", "coordinates": [ [ [ 3.5742149, 45.8821422 ], [ 3.5731275, 45.8812885 ], [ 3.5728379, 45.8806574 ], [ 3.5708047, 45.8798731 ], [ 3.5688469, 45.8799282 ], [ 3.5695253, 45.8805668 ], [ 3.5716604, 45.8816946 ], [ 3.5727762, 45.8821726 ], [ 3.5737843, 45.8822899 ], [ 3.5742149, 45.8821422 ] ] ] } },
{ "type": "Feature", "properties": { "Aire": "RRN C", "NomUsuel": "Survilliers Est", "Nature": "R", "GVO": "SANEF", "Surface": 10584.92986, "Réseau": "C", "Axe": "A1", "id_aire": "A000487" }, "geometry": { "type": "Polygon", "coordinates": [ [ [ 2.5515774, 49.1061661 ], [ 2.5517166, 49.1061557 ], [ 2.5519545, 49.1059501 ], [ 2.55198, 49.1058692 ], [ 2.5521917, 49.105698 ], [ 2.5519491, 49.1042653 ], [ 2.5517301, 49.1044325 ], [ 2.5516889, 49.1041238 ], [ 2.5513025, 49.1038908 ], [ 2.5511905, 49.1039397 ], [ 2.5515774, 49.1061661 ] ] ] } },
{ "type": "Feature", "properties": { "Aire": "RRN C", "NomUsuel": "Survilliers Ouest", "Nature": "R", "GVO": "SANEF", "Surface": 12142.73188, "Réseau": "C", "Axe": "A1", "id_aire": "A000488" }, "geometry": { "type": "Polygon", "coordinates": [ [ [ 2.5504729, 49.1058205 ], [ 2.5508538, 49.1060171 ], [ 2.5510415, 49.1059961 ], [ 2.5506223, 49.1034691 ], [ 2.5504965, 49.1034775 ], [ 2.5502118, 49.1037525 ], [ 2.5502418, 49.104101 ], [ 2.5502193, 49.104139 ], [ 2.5500147, 49.1043004 ], [ 2.5501893, 49.1054603 ], [ 2.5502543, 49.1054963 ], [ 2.5504262, 49.105354 ], [ 2.5504729, 49.1058205 ] ] ] } },
{ "type": "Feature", "properties": { "Aire": "RRN C", "NomUsuel": "Farges", "Nature": "R", "GVO": "APRR", "Surface": 52677.49196, "Réseau": "C", "Axe": "A6", "id_aire": "A000489" }, "geometry": { "type": "Polygon", "coordinates": [ [ [ 4.9102286, 46.5120759 ], [ 4.9080281, 46.5125953 ], [ 4.9085951, 46.5138845 ], [ 4.9090274, 46.5148104 ], [ 4.9101574, 46.5145374 ], [ 4.9101019, 46.5143891 ], [ 4.9100846, 46.5143107 ], [ 4.9101516, 46.5141803 ], [ 4.9103111, 46.5141292 ], [ 4.9106801, 46.5142048 ], [ 4.9108011, 46.5142602 ], [ 4.9108586, 46.514368 ], [ 4.9111031, 46.5143089 ], [ 4.9116347, 46.5148143 ], [ 4.9117517, 46.5145961 ], [ 4.9116102, 46.5142973 ], [ 4.9109879, 46.5129572 ], [ 4.9106043, 46.5121007 ], [ 4.9105344, 46.5120994 ], [ 4.9102286, 46.5120759 ] ] ] } },
{ "type": "Feature", "properties": { "Aire": "RRN C", "NomUsuel": "ASF_A_344 - Aire du péage de Vienne Ouest", "Nature": "P", "GVO": "ASF", "Surface": 7030.51604, "Réseau": "C", "Axe": "A7", "id_aire": "A000490" }, "geometry": { "type": "Polygon", "coordinates": [ [ [ 4.8324487, 45.4731675 ], [ 4.8323949, 45.4731344 ], [ 4.8323737, 45.4731206 ], [ 4.8322865, 45.4731572 ], [ 4.8322347, 45.4731669 ], [ 4.8320735, 45.4733353 ], [ 4.8319693, 45.4739595 ], [ 4.8318458, 45.4746987 ], [ 4.831928, 45.4748006 ], [ 4.8320492, 45.47481 ], [ 4.8322073, 45.4747475 ], [ 4.832252, 45.4742867 ], [ 4.8323078, 45.4742381 ], [ 4.8323973, 45.4742365 ], [ 4.8324889, 45.4742977 ], [ 4.8325291, 45.4744513 ], [ 4.8325674, 45.4743076 ], [ 4.8325843, 45.4741809 ], [ 4.8326655, 45.4735139 ], [ 4.8324666, 45.4733493 ], [ 4.8324151, 45.4732694 ], [ 4.8324487, 45.4731675 ] ] ] } },
{ "type": "Feature", "properties": { "Aire": "RRN C", "NomUsuel": "Dijon-Spoy", "Nature": "R", "GVO": "APRR", "Surface": 74430.59732, "Réseau": "C", "Axe": "A31", "id_aire": "A000491" }, "geometry": { "type": "Polygon", "coordinates": [ [ [ 5.1706039, 47.4263464 ], [ 5.1727216, 47.4270716 ], [ 5.1738577, 47.4261814 ], [ 5.1727621, 47.425298 ], [ 5.1734065, 47.4251133 ], [ 5.1737322, 47.4244869 ], [ 5.174326, 47.4243993 ], [ 5.1745621, 47.4236846 ], [ 5.1748106, 47.4230048 ], [ 5.1732901, 47.4229003 ], [ 5.1730787, 47.4224327 ], [ 5.1706039, 47.4263464 ] ] ] } },
{ "type": "Feature", "properties": { "Aire": "RRN C", "NomUsuel": "Croisette", "Nature": "R", "GVO": "SANEF", "Surface": 37731.77275, "Réseau": "C", "Axe": "A26", "id_aire": "A000492" }, "geometry": { "type": "Polygon", "coordinates": [ [ [ 3.7277689, 49.5663259 ], [ 3.7267967, 49.5665159 ], [ 3.726742, 49.5662992 ], [ 3.7265996, 49.5656065 ], [ 3.7257654, 49.565712 ], [ 3.7239578, 49.5659197 ], [ 3.7237022, 49.565944 ], [ 3.7231544, 49.5675301 ], [ 3.7230942, 49.5675958 ], [ 3.7227984, 49.5677805 ], [ 3.7229603, 49.5678202 ], [ 3.7230591, 49.5678493 ], [ 3.7231567, 49.5677849 ], [ 3.7233335, 49.5676826 ], [ 3.7234642, 49.5676213 ], [ 3.7235807, 49.5675756 ], [ 3.7239577, 49.5674643 ], [ 3.7240351, 49.5674778 ], [ 3.7248179, 49.5672347 ], [ 3.7248375, 49.567192 ], [ 3.7259367, 49.5668637 ], [ 3.7260692, 49.5668282 ], [ 3.7262039, 49.5668023 ], [ 3.7263323, 49.56679 ], [ 3.7264059, 49.5667995 ], [ 3.7265807, 49.5666906 ], [ 3.7269667, 49.5666358 ], [ 3.7278104, 49.5664638 ], [ 3.7277689, 49.5663259 ] ] ] } },
{ "type": "Feature", "properties": { "Aire": "RRN C", "NomUsuel": "Les Pelerins", "Nature": "R", "GVO": "SANEF", "Surface": 34105.45846, "Réseau": "C", "Axe": "A26", "id_aire": "A000493" }, "geometry": { "type": "Polygon", "coordinates": [ [ [ 3.7458198, 49.5638739 ], [ 3.7458704, 49.5639204 ], [ 3.7459195, 49.5639545 ], [ 3.7459617, 49.564016 ], [ 3.7460073, 49.5640797 ], [ 3.7460459, 49.5642004 ], [ 3.7460094, 49.5649138 ], [ 3.7485584, 49.5650674 ], [ 3.7488117, 49.564988 ], [ 3.7489275, 49.5649334 ], [ 3.7489977, 49.5648651 ], [ 3.7490363, 49.564831 ], [ 3.7490679, 49.5646807 ], [ 3.7490433, 49.5645692 ], [ 3.748922, 49.5644823 ], [ 3.7487558, 49.5644208 ], [ 3.748509, 49.5643956 ], [ 3.7484868, 49.5641743 ], [ 3.74848, 49.564087 ], [ 3.7486467, 49.564041 ], [ 3.7487099, 49.564057 ], [ 3.7488468, 49.5640706 ], [ 3.7490258, 49.5640661 ], [ 3.7491802, 49.5640183 ], [ 3.749289, 49.56395 ], [ 3.7495417, 49.5637656 ], [ 3.7497874, 49.5637291 ], [ 3.7503771, 49.5635834 ], [ 3.7503632, 49.5635455 ], [ 3.750342, 49.5634878 ], [ 3.7500149, 49.5634992 ], [ 3.7491858, 49.5635401 ], [ 3.7484046, 49.5635826 ], [ 3.7477293, 49.5636186 ], [ 3.7468599, 49.5636758 ], [ 3.7463483, 49.5637101 ], [ 3.7461895, 49.5637215 ], [ 3.7461391, 49.5637902 ], [ 3.7458198, 49.5638739 ] ] ] } },
{ "type": "Feature", "properties": { "Aire": "RRN C", "NomUsuel": "Gye Ouest", "Nature": "P", "GVO": "APRR", "Surface": 68599.20351000001, "Réseau": "C", "Axe": "A31", "id_aire": "A000494" }, "geometry": { "type": "Polygon", "coordinates": [ [ [ 5.8838016, 48.6269826 ], [ 5.8836374, 48.626977 ], [ 5.8836099, 48.626944 ], [ 5.8825294, 48.6269763 ], [ 5.8822164, 48.6271467 ], [ 5.8817746, 48.627211 ], [ 5.8817518, 48.6272731 ], [ 5.8809068, 48.629294 ], [ 5.8819743, 48.6294873 ], [ 5.8817383, 48.6300883 ], [ 5.8811673, 48.6317402 ], [ 5.8810668, 48.6328329 ], [ 5.8814101, 48.6328343 ], [ 5.8819251, 48.6329381 ], [ 5.8822034, 48.6319978 ], [ 5.8826364, 48.6305112 ], [ 5.8827847, 48.6298619 ], [ 5.8833158, 48.6284511 ], [ 5.8836081, 48.6277048 ], [ 5.8836752, 48.6272935 ], [ 5.8838016, 48.6269826 ] ] ] } },
{ "type": "Feature", "properties": { "Aire": "RRN C", "NomUsuel": "REYRAN", "Nature": "R", "GVO": "ESCOTA", "Surface": 37987.462, "Réseau": "C", "Axe": "A8", "id_aire": "A000495" }, "geometry": { "type": "Polygon", "coordinates": [ [ [ 6.7566723, 43.5015618 ], [ 6.7568449, 43.5022203 ], [ 6.7570799, 43.5028593 ], [ 6.7571842, 43.5030938 ], [ 6.7574881, 43.5030333 ], [ 6.757423, 43.5028342 ], [ 6.7578328, 43.5024992 ], [ 6.758098, 43.501944 ], [ 6.7582129, 43.5018862 ], [ 6.7583299, 43.5017155 ], [ 6.7583567, 43.5015326 ], [ 6.7583406, 43.5013361 ], [ 6.7582279, 43.5011766 ], [ 6.7577344, 43.5009528 ], [ 6.7572516, 43.5002894 ], [ 6.7571202, 43.4997115 ], [ 6.7571497, 43.4995189 ], [ 6.7568761, 43.4991045 ], [ 6.7559972, 43.4993796 ], [ 6.755972, 43.499389 ], [ 6.7561372, 43.4997475 ], [ 6.7562485, 43.4998575 ], [ 6.7562691, 43.4999655 ], [ 6.7563326, 43.5002978 ], [ 6.7566723, 43.5015618 ] ] ] } },
{ "type": "Feature", "properties": { "Aire": "RRN C", "NomUsuel": "Cruzeilles 1", "Nature": "P", "GVO": "ADELAC", "Surface": 2253.77428, "Réseau": "C", "Axe": "A41", "id_aire": "A000496" }, "geometry": { "type": "Polygon", "coordinates": [ [ [ 6.1276574, 45.9910592 ], [ 6.1272215, 45.9919099 ], [ 6.1273315, 45.9920311 ], [ 6.1275514, 45.9918969 ], [ 6.1276064, 45.9918512 ], [ 6.127648, 45.9917944 ], [ 6.127774, 45.9914021 ], [ 6.1278022, 45.9910835 ], [ 6.1276574, 45.9910592 ] ] ] } },
{ "type": "Feature", "properties": { "Aire": "RRN C", "NomUsuel": "Cruzeilles 3", "Nature": "P", "GVO": "ADELAC", "Surface": 964.06322, "Réseau": "C", "Axe": "A410", "id_aire": "A000497" }, "geometry": { "type": "Polygon", "coordinates": [ [ [ 6.1281589, 45.9913182 ], [ 6.1280382, 45.9916276 ], [ 6.1280369, 45.9918074 ], [ 6.1280114, 45.9918959 ], [ 6.1281992, 45.9918326 ], [ 6.128234, 45.9918084 ], [ 6.1283279, 45.9915465 ], [ 6.1282407, 45.9913071 ], [ 6.1281589, 45.9913182 ] ] ] } },
{ "type": "Feature", "properties": { "Aire": "RRN C", "NomUsuel": "Aire du Telepherique du Saleve 40VL 16PL", "Nature": "R", "GVO": "ATMB", "Surface": 14866.48837, "Réseau": "C", "Axe": "A40", "id_aire": "A000498" }, "geometry": { "type": "Polygon", "coordinates": [ [ [ 6.1871753, 46.1610682 ], [ 6.1869242, 46.1613146 ], [ 6.1869012, 46.1613473 ], [ 6.1868869, 46.1613827 ], [ 6.1868802, 46.1614216 ], [ 6.1868841, 46.1614612 ], [ 6.1869004, 46.1615078 ], [ 6.1869273, 46.1615571 ], [ 6.1869892, 46.161615 ], [ 6.1875615, 46.1618666 ], [ 6.1876192, 46.1619187 ], [ 6.187562, 46.1619863 ], [ 6.1887064, 46.1624524 ], [ 6.1887904, 46.1624306 ], [ 6.188864, 46.1624523 ], [ 6.1889154, 46.1624674 ], [ 6.1889244, 46.1624565 ], [ 6.1889328, 46.1624463 ], [ 6.1889547, 46.1624218 ], [ 6.1889714, 46.1624032 ], [ 6.1889898, 46.1623829 ], [ 6.1890074, 46.1623635 ], [ 6.1890244, 46.1623446 ], [ 6.1890415, 46.1623257 ], [ 6.1890586, 46.1623068 ], [ 6.1890756, 46.1622881 ], [ 6.1890928, 46.1622691 ], [ 6.1891096, 46.1622504 ], [ 6.1891271, 46.1622311 ], [ 6.1891443, 46.1622121 ], [ 6.189162, 46.1621911 ], [ 6.1891808, 46.1621701 ], [ 6.1891988, 46.1621498 ], [ 6.1892002, 46.1621482 ], [ 6.1892171, 46.1621294 ], [ 6.189234, 46.1621104 ], [ 6.1892506, 46.1620919 ], [ 6.1892678, 46.1620726 ], [ 6.1892852, 46.1620532 ], [ 6.1893018, 46.1620347 ], [ 6.1893189, 46.1620156 ], [ 6.1893354, 46.1619971 ], [ 6.1893527, 46.1619778 ], [ 6.1893696, 46.1619589 ], [ 6.189408, 46.1619162 ], [ 6.1894169, 46.1619067 ], [ 6.1886077, 46.1615351 ], [ 6.188201, 46.1613509 ], [ 6.1879691, 46.1612873 ], [ 6.1876082, 46.1612 ], [ 6.1875377, 46.1611555 ], [ 6.1874451, 46.1611491 ], [ 6.1873659, 46.1611046 ], [ 6.1871753, 46.1610682 ] ] ] } },
{ "type": "Feature", "properties": { "Aire": "RRN C", "NomUsuel": "Parking peage de Nangy S2", "Nature": "P", "GVO": "ATMB", "Surface": 4720.93968, "Réseau": "C", "Axe": "A40", "id_aire": "A000499" }, "geometry": { "type": "Polygon", "coordinates": [ [ [ 6.295455, 46.1523326 ], [ 6.2954789, 46.1524132 ], [ 6.2954971, 46.1524692 ], [ 6.2955303, 46.1524695 ], [ 6.295636, 46.1524519 ], [ 6.295871, 46.1524112 ], [ 6.296098, 46.1523462 ], [ 6.2969108, 46.1521916 ], [ 6.297133, 46.1521766 ], [ 6.2972803, 46.152155 ], [ 6.2973354, 46.1520326 ], [ 6.2972439, 46.1519694 ], [ 6.2967414, 46.15192 ], [ 6.2964676, 46.1519449 ], [ 6.2962101, 46.1518726 ], [ 6.2960277, 46.1520029 ], [ 6.2958347, 46.152089 ], [ 6.295455, 46.1523326 ] ] ] } },
{ "type": "Feature", "properties": { "Aire": "RRN C", "NomUsuel": "Parking peage de Nangy S1", "Nature": "P", "GVO": "ATMB", "Surface": 24386.76364, "Réseau": "C", "Axe": "A40", "id_aire": "A000500" }, "geometry": { "type": "Polygon", "coordinates": [ [ [ 6.2928417, 46.1537987 ], [ 6.292693, 46.1538274 ], [ 6.2926118, 46.1538627 ], [ 6.2925477, 46.1538908 ], [ 6.2925629, 46.1539505 ], [ 6.2921512, 46.1540128 ], [ 6.2921673, 46.1540387 ], [ 6.2927151, 46.1548681 ], [ 6.2941053, 46.1544754 ], [ 6.2940489, 46.1543624 ], [ 6.2942063, 46.1543217 ], [ 6.2942696, 46.1544323 ], [ 6.2943711, 46.1544057 ], [ 6.2944225, 46.1543477 ], [ 6.2946185, 46.1542962 ], [ 6.294744, 46.1542313 ], [ 6.2948658, 46.154048 ], [ 6.2949955, 46.1539657 ], [ 6.2952341, 46.1538768 ], [ 6.2953267, 46.1539578 ], [ 6.2961772, 46.1537184 ], [ 6.2961733, 46.1536973 ], [ 6.2958866, 46.1532518 ], [ 6.2948147, 46.1535126 ], [ 6.2947234, 46.1535345 ], [ 6.2947115, 46.1535021 ], [ 6.2943256, 46.1535432 ], [ 6.2942337, 46.1535594 ], [ 6.2938711, 46.1536196 ], [ 6.2928417, 46.1537987 ] ] ] } },
{ "type": "Feature", "properties": { "Aire": "RRN C", "NomUsuel": "Epretot Ouest 1", "Nature": "P", "GVO": "SAPN", "Surface": 3296.91476, "Réseau": "C", "Axe": "A29", "id_aire": "A000501" }, "geometry": { "type": "Polygon", "coordinates": [ [ [ 0.3347745, 49.5515042 ], [ 0.3347326, 49.5514187 ], [ 0.3343375, 49.5504983 ], [ 0.3342702, 49.5504041 ], [ 0.3342201, 49.5503338 ], [ 0.3339828, 49.550661 ], [ 0.334072, 49.5509071 ], [ 0.3340881, 49.5509513 ], [ 0.3342207, 49.551317 ], [ 0.3347745, 49.5515042 ] ] ] } },
{ "type": "Feature", "properties": { "Aire": "RRN C", "NomUsuel": "Epretot Ouest 2", "Nature": "P", "GVO": "SAPN", "Surface": 2504.50402, "Réseau": "C", "Axe": "A29", "id_aire": "A000502" }, "geometry": { "type": "Polygon", "coordinates": [ [ [ 0.3386167, 49.5505709 ], [ 0.3387687, 49.5503067 ], [ 0.3382349, 49.5497146 ], [ 0.3377587, 49.5496691 ], [ 0.3379642, 49.5498838 ], [ 0.3384045, 49.5503506 ], [ 0.3386167, 49.5505709 ] ] ] } },
{ "type": "Feature", "properties": { "Aire": "RRN C", "NomUsuel": "Epretot Ouest 3", "Nature": "P", "GVO": "SAPN", "Surface": 1860.78603, "Réseau": "C", "Axe": "A29", "id_aire": "A000503" }, "geometry": { "type": "Polygon", "coordinates": [ [ [ 0.3379503, 49.5507861 ], [ 0.3378742, 49.5505772 ], [ 0.3376736, 49.5500268 ], [ 0.3375775, 49.549763 ], [ 0.3373894, 49.549998 ], [ 0.3376288, 49.5506595 ], [ 0.3379503, 49.5507861 ] ] ] } },
{ "type": "Feature", "properties": { "Aire": "RRN C", "NomUsuel": "PIC DU MIDI NORD", "Nature": "S", "GVO": "ASF", "Surface": 67648.10459, "Réseau": "C", "Axe": "A64", "id_aire": "A000504" }, "geometry": { "type": "Polygon", "coordinates": [ [ [ 0.476134827445802, 43.103604004581207 ], [ 0.470730286697755, 43.105278050878688 ], [ 0.472317791692793, 43.105848881992038 ], [ 0.473527353739093, 43.106439410716618 ], [ 0.4741904, 43.1066767 ], [ 0.4745498, 43.1064417 ], [ 0.4752579, 43.1058699 ], [ 0.476134827445802, 43.103604004581207 ] ] ] } },
{ "type": "Feature", "properties": { "Aire": "RRN C", "NomUsuel": "ASF_A_460 Bandouliers", "Nature": "R", "GVO": "ASF", "Surface": 37684.53285, "Réseau": "C", "Axe": "A64", "id_aire": "A000505" }, "geometry": { "type": "Polygon", "coordinates": [ [ [ 0.353544559844602, 43.098993123133482 ], [ 0.355482227705243, 43.099054518182513 ], [ 0.357252423495269, 43.099070352814692 ], [ 0.358117443567556, 43.099105377920225 ], [ 0.359974810650575, 43.099275166941318 ], [ 0.3592846, 43.0987914 ], [ 0.3589735, 43.0980393 ], [ 0.356826073105452, 43.098093501443024 ], [ 0.3543976, 43.0988462 ], [ 0.3535232, 43.0988541 ], [ 0.353544559844602, 43.098993123133482 ] ] ] } },
{ "type": "Feature", "properties": { "Aire": "RRN C", "NomUsuel": "Aire de la Porte d'Armagnac", "Nature": "R", "GVO": "ALIENOR", "Surface": 19421.21484, "Réseau": "C", "Axe": "A65", "id_aire": "A000506" }, "geometry": { "type": "Polygon", "coordinates": [ [ [ -0.3387833, 44.0453897 ], [ -0.338801, 44.0452892 ], [ -0.3388545, 44.0452142 ], [ -0.3389447, 44.0451513 ], [ -0.3395516, 44.0450051 ], [ -0.3396803, 44.0451853 ], [ -0.340159, 44.0449054 ], [ -0.3402128, 44.0448982 ], [ -0.3402758, 44.0448956 ], [ -0.3403253, 44.0448978 ], [ -0.340426, 44.0449752 ], [ -0.3405118, 44.0451111 ], [ -0.3406513, 44.0455709 ], [ -0.3406473, 44.0456586 ], [ -0.3404796, 44.0460992 ], [ -0.3404702, 44.0462775 ], [ -0.3405735, 44.0463768 ], [ -0.3406553, 44.0465455 ], [ -0.3404059, 44.0465956 ], [ -0.3403482, 44.0465368 ], [ -0.3402624, 44.046505 ], [ -0.3401618, 44.0464838 ], [ -0.340029, 44.0464751 ], [ -0.3395449, 44.0464481 ], [ -0.3394617, 44.0464182 ], [ -0.3393799, 44.0463604 ], [ -0.3387833, 44.0453897 ] ] ] } },
{ "type": "Feature", "properties": { "Aire": "RRN C", "NomUsuel": "Le Moulin", "Nature": "R", "GVO": "SAPN", "Surface": 14780.81638, "Réseau": "C", "Axe": "A13", "id_aire": "A000507" }, "geometry": { "type": "Polygon", "coordinates": [ [ [ 0.5991089, 49.3834886 ], [ 0.599188, 49.3835373 ], [ 0.5992699, 49.3835724 ], [ 0.601083, 49.3832546 ], [ 0.6014003, 49.3831853 ], [ 0.6020594, 49.3830311 ], [ 0.6020272, 49.3827901 ], [ 0.6003428, 49.3826854 ], [ 0.5997537, 49.382476 ], [ 0.5991571, 49.3825672 ], [ 0.5993825, 49.3833279 ], [ 0.5991089, 49.3834886 ] ] ] } },
{ "type": "Feature", "properties": { "Aire": "RRN C", "NomUsuel": "Josapha", "Nature": "R", "GVO": "SAPN", "Surface": 10988.64045, "Réseau": "C", "Axe": "A13", "id_aire": "A000508" }, "geometry": { "type": "Polygon", "coordinates": [ [ [ 0.577834, 49.3843465 ], [ 0.5778177, 49.3844095 ], [ 0.577798, 49.3844899 ], [ 0.5781287, 49.3849038 ], [ 0.5800545, 49.3847693 ], [ 0.580467, 49.384366 ], [ 0.5804668, 49.3842516 ], [ 0.5804656, 49.3841851 ], [ 0.577834, 49.3843465 ] ] ] } },
{ "type": "Feature", "properties": { "Aire": "RRN C", "NomUsuel": "Rougemontiers", "Nature": "R", "GVO": "SAPN", "Surface": 9559.71231, "Réseau": "C", "Axe": "A13", "id_aire": "A000509" }, "geometry": { "type": "Polygon", "coordinates": [ [ [ 0.7063591, 49.3708773 ], [ 0.7073703, 49.3712895 ], [ 0.7086436, 49.3712443 ], [ 0.7090329, 49.3708478 ], [ 0.7088813, 49.3707277 ], [ 0.7087888, 49.3706755 ], [ 0.7064093, 49.3707588 ], [ 0.7063971, 49.3708087 ], [ 0.7063591, 49.3708773 ] ] ] } },
{ "type": "Feature", "properties": { "Aire": "RRN C", "NomUsuel": "Le Moulin de Pierre", "Nature": "R", "GVO": "SANEF", "Surface": 26458.14609, "Réseau": "C", "Axe": "A29", "id_aire": "A000510" }, "geometry": { "type": "Polygon", "coordinates": [ [ [ 1.7040529, 49.7601872 ], [ 1.7046967, 49.7607694 ], [ 1.7056783, 49.7619129 ], [ 1.706306, 49.7623703 ], [ 1.7068349, 49.7624557 ], [ 1.7069443, 49.7624708 ], [ 1.7073681, 49.7618644 ], [ 1.7059144, 49.760513 ], [ 1.7057159, 49.7603743 ], [ 1.7043051, 49.7600347 ], [ 1.7041975, 49.7600907 ], [ 1.7040529, 49.7601872 ] ] ] } },
{ "type": "Feature", "properties": { "Aire": "RRN C", "NomUsuel": "La Mare du Bois", "Nature": "R", "GVO": "SANEF", "Surface": 37147.1191, "Réseau": "C", "Axe": "A29", "id_aire": "A000511" }, "geometry": { "type": "Polygon", "coordinates": [ [ [ 1.6959875, 49.7571359 ], [ 1.6964382, 49.7576626 ], [ 1.6969786, 49.7580274 ], [ 1.6979764, 49.7585888 ], [ 1.6987931, 49.7590176 ], [ 1.6992545, 49.7591978 ], [ 1.6996454, 49.7590283 ], [ 1.6999733, 49.758886 ], [ 1.6999572, 49.7585082 ], [ 1.6972696, 49.7567755 ], [ 1.6968298, 49.7564982 ], [ 1.6965347, 49.7564705 ], [ 1.6961109, 49.7566507 ], [ 1.6959393, 49.7569765 ], [ 1.6959875, 49.7571359 ] ] ] } },
{ "type": "Feature", "properties": { "Aire": "RRN C", "NomUsuel": "La Hetroye", "Nature": "R", "GVO": "SANEF", "Surface": 13757.36179, "Réseau": "C", "Axe": "A16", "id_aire": "A000512" }, "geometry": { "type": "Polygon", "coordinates": [ [ [ 1.9694361, 50.0764226 ], [ 1.9714827, 50.0752194 ], [ 1.9708604, 50.0747408 ], [ 1.9693798, 50.075438 ], [ 1.9691947, 50.0762918 ], [ 1.9694361, 50.0764226 ] ] ] } },
{ "type": "Feature", "properties": { "Aire": "RRN C", "NomUsuel": "Le Haut-Clocher", "Nature": "R", "GVO": "SANEF", "Surface": 10831.91907, "Réseau": "C", "Axe": "A16", "id_aire": "A000513" }, "geometry": { "type": "Polygon", "coordinates": [ [ [ 1.9719186, 50.0758021 ], [ 1.9705908, 50.0763064 ], [ 1.9701992, 50.0766507 ], [ 1.9709234, 50.0770362 ], [ 1.9722002, 50.0764286 ], [ 1.9723356, 50.0759742 ], [ 1.9719186, 50.0758021 ] ] ] } },
{ "type": "Feature", "properties": { "Aire": "RRN C", "NomUsuel": "Croisilles", "Nature": "R", "GVO": "SANEF", "Surface": 26535.1989, "Réseau": "C", "Axe": "A1", "id_aire": "A000514" }, "geometry": { "type": "Polygon", "coordinates": [ [ [ 2.8717602, 50.191878 ], [ 2.871825, 50.1918887 ], [ 2.871915, 50.1919034 ], [ 2.8721726, 50.1919458 ], [ 2.8723365, 50.1918467 ], [ 2.8728832, 50.1916906 ], [ 2.8731345, 50.1918434 ], [ 2.8734381, 50.191704 ], [ 2.8739158, 50.1913278 ], [ 2.8742004, 50.1910517 ], [ 2.8745232, 50.1907955 ], [ 2.8744693, 50.1907625 ], [ 2.8744353, 50.1907418 ], [ 2.87441, 50.1907264 ], [ 2.8742814, 50.1906478 ], [ 2.8736581, 50.1902818 ], [ 2.8734358, 50.1901485 ], [ 2.8732091, 50.1899924 ], [ 2.8730026, 50.1898309 ], [ 2.8729334, 50.1897446 ], [ 2.8727335, 50.1897554 ], [ 2.8725917, 50.1897631 ], [ 2.8725572, 50.1897737 ], [ 2.8721452, 50.1908812 ], [ 2.8717602, 50.191878 ] ] ] } },
{ "type": "Feature", "properties": { "Aire": "RRN C", "NomUsuel": "La Soriniere", "Nature": "R", "GVO": "COFIROUTE", "Surface": 20019.09292, "Réseau": "C", "Axe": "A81", "id_aire": "A000515" }, "geometry": { "type": "Polygon", "coordinates": [ [ [ -0.9261219, 48.0754307 ], [ -0.9220959, 48.0759522 ], [ -0.9217838, 48.0758174 ], [ -0.9216479, 48.0757587 ], [ -0.9218813, 48.0756027 ], [ -0.9224043, 48.075264 ], [ -0.9226162, 48.075187 ], [ -0.9243033, 48.0749916 ], [ -0.9247781, 48.074963 ], [ -0.9252877, 48.0750741 ], [ -0.9260495, 48.0752981 ], [ -0.9260897, 48.075376 ], [ -0.9261219, 48.0754307 ] ] ] } },
{ "type": "Feature", "properties": { "Aire": "RRN C", "NomUsuel": "La Paplonniere", "Nature": "R", "GVO": "COFIROUTE", "Surface": 20101.71723, "Réseau": "C", "Axe": "A81", "id_aire": "A000516" }, "geometry": { "type": "Polygon", "coordinates": [ [ [ -0.9241102, 48.0759786 ], [ -0.9241431, 48.0760602 ], [ -0.924196, 48.0761829 ], [ -0.9236972, 48.0765091 ], [ -0.9232251, 48.0767618 ], [ -0.9210176, 48.0770879 ], [ -0.9208191, 48.0770557 ], [ -0.92017, 48.0767887 ], [ -0.9199742, 48.0767295 ], [ -0.9199068, 48.0766175 ], [ -0.919875, 48.0765431 ], [ -0.9241102, 48.0759786 ] ] ] } },
{ "type": "Feature", "properties": { "Aire": "RRN C", "NomUsuel": "Villeray", "Nature": "R", "GVO": "COFIROUTE", "Surface": 44310.42698, "Réseau": "C", "Axe": "A81", "id_aire": "A000517" }, "geometry": { "type": "Polygon", "coordinates": [ [ [ -0.5049037, 48.0592141 ], [ -0.5053489, 48.0593253 ], [ -0.5053489, 48.0594794 ], [ -0.5044531, 48.0595493 ], [ -0.5030959, 48.0602592 ], [ -0.5003976, 48.0600405 ], [ -0.4996037, 48.059284 ], [ -0.4989411, 48.0590904 ], [ -0.4991986, 48.0587606 ], [ -0.5029242, 48.0590797 ], [ -0.5049037, 48.0592141 ] ] ] } },
{ "type": "Feature", "properties": { "Aire": "RRN C", "NomUsuel": "Loriolet", "Nature": "R", "GVO": "COFIROUTE", "Surface": 43816.96932, "Réseau": "C", "Axe": "A81", "id_aire": "A000518" }, "geometry": { "type": "Polygon", "coordinates": [ [ [ -0.4996667, 48.0584782 ], [ -0.4995728, 48.0581071 ], [ -0.5001602, 48.0580713 ], [ -0.5016944, 48.0575173 ], [ -0.5043364, 48.0577522 ], [ -0.5054012, 48.0586915 ], [ -0.5056561, 48.0588547 ], [ -0.5056266, 48.0590106 ], [ -0.4996667, 48.0584782 ] ] ] } },
{ "type": "Feature", "properties": { "Aire": "RRN C", "NomUsuel": "La Coire", "Nature": "R", "GVO": "COFIROUTE", "Surface": 46343.91219, "Réseau": "C", "Axe": "A81", "id_aire": "A000519" }, "geometry": { "type": "Polygon", "coordinates": [ [ [ -0.1592065, 48.0077789 ], [ -0.1589008, 48.0078704 ], [ -0.1587243, 48.0078838 ], [ -0.1580237, 48.0079368 ], [ -0.1591072, 48.0065264 ], [ -0.1615266, 48.0059324 ], [ -0.1634498, 48.0063254 ], [ -0.1640184, 48.006311 ], [ -0.1640549, 48.0065037 ], [ -0.1640667, 48.0065658 ], [ -0.1592065, 48.0077789 ] ] ] } },
{ "type": "Feature", "properties": { "Aire": "RRN C", "NomUsuel": "Les Gripperies", "Nature": "R", "GVO": "COFIROUTE", "Surface": 41903.66169, "Réseau": "C", "Axe": "A81", "id_aire": "A000520" }, "geometry": { "type": "Polygon", "coordinates": [ [ [ -0.160604, 48.0077839 ], [ -0.1617922, 48.0074447 ], [ -0.1618188, 48.0075109 ], [ -0.1619625, 48.0078695 ], [ -0.1622382, 48.007962 ], [ -0.1616157, 48.0087642 ], [ -0.1595411, 48.0092884 ], [ -0.1594144, 48.0095025 ], [ -0.1591278, 48.0093763 ], [ -0.1570273, 48.0087861 ], [ -0.1570128, 48.0086786 ], [ -0.1570044, 48.0086165 ], [ -0.160604, 48.0077839 ] ] ] } },
{ "type": "Feature", "properties": { "Aire": "RRN C", "NomUsuel": "La Chevallerie", "Nature": "R", "GVO": "COFIROUTE", "Surface": 43203.19838, "Réseau": "C", "Axe": "A81", "id_aire": "A000521" }, "geometry": { "type": "Polygon", "coordinates": [ [ [ 0.0804743, 48.0418968 ], [ 0.0805285, 48.0418264 ], [ 0.0808776, 48.0413729 ], [ 0.0800264, 48.0405051 ], [ 0.079445, 48.0404051 ], [ 0.0789848, 48.0403113 ], [ 0.0774246, 48.0400209 ], [ 0.0762686, 48.0403676 ], [ 0.075775, 48.0405157 ], [ 0.0756249, 48.0405607 ], [ 0.0755107, 48.0406848 ], [ 0.0754586, 48.0407634 ], [ 0.0804743, 48.0418968 ] ] ] } },
{ "type": "Feature", "properties": { "Aire": "RRN C", "NomUsuel": "La Landriere", "Nature": "R", "GVO": "COFIROUTE", "Surface": 39774.65293, "Réseau": "C", "Axe": "A81", "id_aire": "A000522" }, "geometry": { "type": "Polygon", "coordinates": [ [ [ 0.0774595, 48.0430688 ], [ 0.0807479, 48.0425652 ], [ 0.0805618, 48.0422584 ], [ 0.0805172, 48.0422065 ], [ 0.0753808, 48.0410436 ], [ 0.075348, 48.041104 ], [ 0.075303, 48.0411871 ], [ 0.0760165, 48.0415601 ], [ 0.076451, 48.0421465 ], [ 0.0768614, 48.0427221 ], [ 0.0774595, 48.0430688 ] ] ] } },
{ "type": "Feature", "properties": { "Aire": "RRN C", "NomUsuel": "La Martiniere", "Nature": "R", "GVO": "COFIROUTE", "Surface": 13246.97347, "Réseau": "C", "Axe": "A11", "id_aire": "A000523" }, "geometry": { "type": "Polygon", "coordinates": [ [ [ 0.3272885, 48.0531314 ], [ 0.332095, 48.0532444 ], [ 0.3321091, 48.0531834 ], [ 0.3321245, 48.0531314 ], [ 0.3316122, 48.0530472 ], [ 0.3314996, 48.0529683 ], [ 0.3311106, 48.0528284 ], [ 0.3298688, 48.0527316 ], [ 0.3291285, 48.0527047 ], [ 0.3285303, 48.0527567 ], [ 0.3281361, 48.0529701 ], [ 0.3273234, 48.0530239 ], [ 0.3273015, 48.0530913 ], [ 0.3272885, 48.0531314 ] ] ] } },
{ "type": "Feature", "properties": { "Aire": "RRN C", "NomUsuel": "Haras de Maulepaire", "Nature": "R", "GVO": "COFIROUTE", "Surface": 12476.43674, "Réseau": "C", "Axe": "A11", "id_aire": "A000524" }, "geometry": { "type": "Polygon", "coordinates": [ [ [ 0.3276399, 48.0534344 ], [ 0.3276089, 48.0534888 ], [ 0.3275755, 48.0535438 ], [ 0.3288844, 48.0537554 ], [ 0.3298312, 48.054001 ], [ 0.330432, 48.0541103 ], [ 0.3308236, 48.054053 ], [ 0.3309524, 48.0539597 ], [ 0.3310194, 48.053854 ], [ 0.331698, 48.0537894 ], [ 0.3325107, 48.053689 ], [ 0.3325269, 48.0535964 ], [ 0.3325376, 48.053551 ], [ 0.3291231, 48.053533 ], [ 0.3276399, 48.0534344 ] ] ] } },
{ "type": "Feature", "properties": { "Aire": "RRN C", "NomUsuel": "La Charpenterie", "Nature": "R", "GVO": "COFIROUTE", "Surface": 33695.3273, "Réseau": "C", "Axe": "A11", "id_aire": "A000525" }, "geometry": { "type": "Polygon", "coordinates": [ [ [ 0.4546069, 48.0747701 ], [ 0.4546123, 48.0746016 ], [ 0.4542421, 48.0745048 ], [ 0.4534133, 48.0742575 ], [ 0.4527454, 48.074055 ], [ 0.4523592, 48.0738991 ], [ 0.4521714, 48.0738256 ], [ 0.4522653, 48.0735478 ], [ 0.4514204, 48.073451 ], [ 0.4505031, 48.0733955 ], [ 0.4492317, 48.074003 ], [ 0.4483842, 48.0740586 ], [ 0.4483332, 48.0741984 ], [ 0.4511549, 48.0745425 ], [ 0.4531478, 48.0747145 ], [ 0.4546069, 48.0747701 ] ] ] } },
{ "type": "Feature", "properties": { "Aire": "RRN C", "NomUsuel": "La Parnouette", "Nature": "R", "GVO": "COFIROUTE", "Surface": 36175.35498, "Réseau": "C", "Axe": "A11", "id_aire": "A000526" }, "geometry": { "type": "Polygon", "coordinates": [ [ [ 0.4477518, 48.0744428 ], [ 0.4473871, 48.0745467 ], [ 0.4478967, 48.0748119 ], [ 0.448594, 48.0752456 ], [ 0.4494148, 48.0756507 ], [ 0.4501712, 48.0758335 ], [ 0.4509812, 48.0759051 ], [ 0.4515659, 48.0758585 ], [ 0.4521077, 48.0757116 ], [ 0.4526495, 48.0753783 ], [ 0.4532021, 48.0752851 ], [ 0.4541301, 48.0752277 ], [ 0.4539853, 48.0750664 ], [ 0.4524296, 48.0749804 ], [ 0.4508471, 48.07488 ], [ 0.4487925, 48.0746327 ], [ 0.4477518, 48.0744428 ] ] ] } },
{ "type": "Feature", "properties": { "Aire": "RRN C", "NomUsuel": "La Charonnerie", "Nature": "R", "GVO": "COFIROUTE", "Surface": 23482.18598, "Réseau": "C", "Axe": "A11", "id_aire": "A000527" }, "geometry": { "type": "Polygon", "coordinates": [ [ [ 1.2138914, 48.2794249 ], [ 1.2138055, 48.2796088 ], [ 1.2147711, 48.2799354 ], [ 1.2157099, 48.2806601 ], [ 1.2166138, 48.2807565 ], [ 1.217625, 48.2805566 ], [ 1.2184323, 48.2802317 ], [ 1.2184672, 48.2800871 ], [ 1.2138914, 48.2794249 ] ] ] } },
{ "type": "Feature", "properties": { "Aire": "RRN C", "NomUsuel": "La Leu", "Nature": "R", "GVO": "COFIROUTE", "Surface": 41197.86774, "Réseau": "C", "Axe": "A11", "id_aire": "A000528" }, "geometry": { "type": "Polygon", "coordinates": [ [ [ 1.2113795, 48.2787216 ], [ 1.2116316, 48.2788751 ], [ 1.2140134, 48.2790965 ], [ 1.2165561, 48.2794678 ], [ 1.2171194, 48.2794213 ], [ 1.21838, 48.2796784 ], [ 1.2188843, 48.2796712 ], [ 1.2177792, 48.279225 ], [ 1.217688, 48.2784253 ], [ 1.2143675, 48.2783075 ], [ 1.2113795, 48.2787216 ] ] ] } },
{ "type": "Feature", "properties": { "Aire": "RRN C", "NomUsuel": "Aire de la poèle percée", "Nature": "R", "GVO": "COFIROUTE", "Surface": 50485.85407, "Réseau": "C", "Axe": "A11", "id_aire": "A000529" }, "geometry": { "type": "Polygon", "coordinates": [ [ [ 1.3620056, 48.3231897 ], [ 1.361893, 48.3233341 ], [ 1.360576, 48.3228811 ], [ 1.3597097, 48.3226778 ], [ 1.3596426, 48.3233965 ], [ 1.3599323, 48.3237122 ], [ 1.3639315, 48.324982 ], [ 1.3656025, 48.3244416 ], [ 1.3656695, 48.3242722 ], [ 1.3656749, 48.3241188 ], [ 1.3620056, 48.3231897 ] ] ] } },
{ "type": "Feature", "properties": { "Aire": "RRN C", "NomUsuel": "Aire des Dix Sept Setiers", "Nature": "R", "GVO": "COFIROUTE", "Surface": 46926.88109, "Réseau": "C", "Axe": "A11", "id_aire": "A000530" }, "geometry": { "type": "Polygon", "coordinates": [ [ [ 1.3587092, 48.3220803 ], [ 1.362526, 48.3229685 ], [ 1.3627728, 48.3228668 ], [ 1.3633843, 48.3230987 ], [ 1.3649588, 48.3235677 ], [ 1.3655435, 48.3233787 ], [ 1.363859, 48.3223015 ], [ 1.3633977, 48.3220732 ], [ 1.3610213, 48.3214365 ], [ 1.360737, 48.3213669 ], [ 1.3596587, 48.3217236 ], [ 1.3587199, 48.3219359 ], [ 1.3587092, 48.3220803 ] ] ] } },
{ "type": "Feature", "properties": { "Aire": "RRN C", "NomUsuel": "Gourville", "Nature": "R", "GVO": "COFIROUTE", "Surface": 15525.59913, "Réseau": "C", "Axe": "A11", "id_aire": "A000531" }, "geometry": { "type": "Polygon", "coordinates": [ [ [ 1.7978888, 48.5197979 ], [ 1.7978056, 48.5199134 ], [ 1.7981712, 48.5203634 ], [ 1.7982946, 48.5204665 ], [ 1.7985413, 48.5205446 ], [ 1.8003438, 48.5209817 ], [ 1.8006066, 48.5209461 ], [ 1.80095, 48.5208182 ], [ 1.8011021, 48.5207439 ], [ 1.8012483, 48.520712 ], [ 1.8013021, 48.520595 ], [ 1.8013247, 48.5205458 ], [ 1.7988812, 48.5199951 ], [ 1.7984404, 48.5198984 ], [ 1.7978888, 48.5197979 ] ] ] } },
{ "type": "Feature", "properties": { "Aire": "RRN C", "NomUsuel": "Villiers", "Nature": "R", "GVO": "APRR", "Surface": 32271.35094, "Réseau": "C", "Axe": "A6", "id_aire": "A000532" }, "geometry": { "type": "Polygon", "coordinates": [ [ [ 2.6380598, 48.3119213 ], [ 2.6377541, 48.3118892 ], [ 2.6373115, 48.3119213 ], [ 2.6358095, 48.3121817 ], [ 2.6355493, 48.3123423 ], [ 2.6354795, 48.3126848 ], [ 2.635096, 48.3131932 ], [ 2.6346427, 48.3134714 ], [ 2.6336825, 48.3138282 ], [ 2.6337522, 48.3139727 ], [ 2.6351389, 48.3135695 ], [ 2.6382986, 48.3127793 ], [ 2.6383602, 48.3126277 ], [ 2.6389718, 48.3124707 ], [ 2.6389691, 48.3123655 ], [ 2.6385641, 48.3121139 ], [ 2.6380598, 48.3119213 ] ] ] } },
{ "type": "Feature", "properties": { "Aire": "RRN C", "NomUsuel": "La Loupiere", "Nature": "R", "GVO": "APRR", "Surface": 31662.24649, "Réseau": "C", "Axe": "A6", "id_aire": "A000533" }, "geometry": { "type": "Polygon", "coordinates": [ [ [ 3.2862988, 47.9196173 ], [ 3.2864623, 47.9197611 ], [ 3.2878205, 47.9200772 ], [ 3.289203, 47.9186375 ], [ 3.2886932, 47.9171597 ], [ 3.288018, 47.9178916 ], [ 3.2866153, 47.9193279 ], [ 3.2862988, 47.9196173 ] ] ] } },
{ "type": "Feature", "properties": { "Aire": "RRN C", "NomUsuel": "Les Bois Imperiaux", "Nature": "R", "GVO": "APRR", "Surface": 15643.55662, "Réseau": "C", "Axe": "A6", "id_aire": "A000534" }, "geometry": { "type": "Polygon", "coordinates": [ [ [ 3.6074712, 47.8464542 ], [ 3.6095499, 47.8447009 ], [ 3.6091503, 47.8445622 ], [ 3.6079379, 47.8448737 ], [ 3.6071064, 47.8458169 ], [ 3.6072245, 47.8463678 ], [ 3.6074712, 47.8464542 ] ] ] } },
{ "type": "Feature", "properties": { "Aire": "RRN C", "NomUsuel": "Hervaux", "Nature": "R", "GVO": "APRR", "Surface": 29619.34246, "Réseau": "C", "Axe": "A6", "id_aire": "A000535" }, "geometry": { "type": "Polygon", "coordinates": [ [ [ 3.9169291, 47.590158 ], [ 3.9174494, 47.5903968 ], [ 3.9188066, 47.5905126 ], [ 3.9197508, 47.5896985 ], [ 3.919681, 47.5883743 ], [ 3.9193484, 47.5881717 ], [ 3.9176404, 47.5895586 ], [ 3.9169291, 47.590158 ] ] ] } },
{ "type": "Feature", "properties": { "Aire": "RRN C", "NomUsuel": "Fermenot", "Nature": "R", "GVO": "APRR", "Surface": 26229.66682, "Réseau": "C", "Axe": "A6", "id_aire": "A000536" }, "geometry": { "type": "Polygon", "coordinates": [ [ [ 4.3672853, 47.3874909 ], [ 4.3668401, 47.3872512 ], [ 4.3661051, 47.3877343 ], [ 4.3651074, 47.3880139 ], [ 4.3641364, 47.3890853 ], [ 4.363836, 47.3900078 ], [ 4.3642008, 47.3901821 ], [ 4.3672853, 47.3874909 ] ] ] } },
{ "type": "Feature", "properties": { "Aire": "RRN C", "NomUsuel": "Chaignot", "Nature": "R", "GVO": "APRR", "Surface": 14707.02208, "Réseau": "C", "Axe": "A6", "id_aire": "A000537" }, "geometry": { "type": "Polygon", "coordinates": [ [ [ 4.5933989, 47.221935 ], [ 4.5954601, 47.2203404 ], [ 4.5957081, 47.2199946 ], [ 4.5948469, 47.2202671 ], [ 4.5948554, 47.2200933 ], [ 4.5948141, 47.2200092 ], [ 4.5944206, 47.2197452 ], [ 4.5943898, 47.2197801 ], [ 4.5943376, 47.2198356 ], [ 4.5947178, 47.2200552 ], [ 4.5946905, 47.2202792 ], [ 4.5940165, 47.2205598 ], [ 4.5936, 47.22036 ], [ 4.5933755, 47.2207628 ], [ 4.5935952, 47.2208765 ], [ 4.593175, 47.2218271 ], [ 4.5933989, 47.221935 ] ] ] } },
{ "type": "Feature", "properties": { "Aire": "RRN C", "NomUsuel": "ASF_A_397 - Aire de Montréal", "Nature": "R", "GVO": "ASF", "Surface": 36485.347, "Réseau": "C", "Axe": "A61", "id_aire": "A000538" }, "geometry": { "type": "Polygon", "coordinates": [ [ [ 2.1126846, 43.2295011 ], [ 2.1134705, 43.2291728 ], [ 2.114707, 43.2287487 ], [ 2.1156699, 43.2284536 ], [ 2.1156111, 43.2282987 ], [ 2.1153775, 43.2277578 ], [ 2.1152488, 43.2272009 ], [ 2.1150128, 43.2272419 ], [ 2.113272, 43.2276132 ], [ 2.1131218, 43.2280315 ], [ 2.1129743, 43.2283481 ], [ 2.1126658, 43.2286002 ], [ 2.1123949, 43.2288054 ], [ 2.112625, 43.2294293 ], [ 2.1126846, 43.2295011 ] ] ] } },
{ "type": "Feature", "properties": { "Aire": "RRN C", "NomUsuel": "ASF_A_396 - Aire de Bram", "Nature": "R", "GVO": "ASF", "Surface": 16557.55102, "Réseau": "C", "Axe": "A61", "id_aire": "A000539" }, "geometry": { "type": "Polygon", "coordinates": [ [ [ 2.1140306, 43.2296976 ], [ 2.1145644, 43.2295882 ], [ 2.115015, 43.2296781 ], [ 2.1154012, 43.2296488 ], [ 2.1158089, 43.2295882 ], [ 2.1160235, 43.229467 ], [ 2.1164419, 43.2292267 ], [ 2.1167879, 43.228914 ], [ 2.1168818, 43.228742 ], [ 2.116765, 43.2285216 ], [ 2.1167209, 43.2284645 ], [ 2.1159618, 43.2286814 ], [ 2.1151464, 43.2289531 ], [ 2.1145671, 43.2291446 ], [ 2.1137758, 43.2294201 ], [ 2.1138262, 43.2294904 ], [ 2.1140306, 43.2296976 ] ] ] } },
{ "type": "Feature", "properties": { "Aire": "RRN C", "NomUsuel": "ASF_A_395 - Aire de Mireval", "Nature": "R", "GVO": "ASF", "Surface": 55603.94298, "Réseau": "C", "Axe": "A61", "id_aire": "A000540" }, "geometry": { "type": "Polygon", "coordinates": [ [ [ 1.9909474, 43.2768928 ], [ 1.9917142, 43.276549 ], [ 1.9915584, 43.2763968 ], [ 1.9914464, 43.2762874 ], [ 1.9903895, 43.2763461 ], [ 1.9899175, 43.2761508 ], [ 1.9890109, 43.2755845 ], [ 1.9866184, 43.2768304 ], [ 1.9880507, 43.2778263 ], [ 1.9880989, 43.2779864 ], [ 1.9883332, 43.2780484 ], [ 1.9885817, 43.2781075 ], [ 1.9896278, 43.277588 ], [ 1.9909474, 43.2768928 ] ] ] } },
{ "type": "Feature", "properties": { "Aire": "RRN C", "NomUsuel": "ASF_A_444 - Aire de Renneville", "Nature": "R", "GVO": "ASF", "Surface": 12366.50292, "Réseau": "C", "Axe": "A61", "id_aire": "A000541" }, "geometry": { "type": "Polygon", "coordinates": [ [ [ 1.7108508, 43.3915131 ], [ 1.7122429, 43.3913923 ], [ 1.7128527, 43.3913295 ], [ 1.7133211, 43.3912812 ], [ 1.7133155, 43.3911635 ], [ 1.7133211, 43.3911288 ], [ 1.7133211, 43.3910278 ], [ 1.7131226, 43.3909654 ], [ 1.7127471, 43.390792 ], [ 1.7125165, 43.3906614 ], [ 1.7123367, 43.3906263 ], [ 1.7122656, 43.3906368 ], [ 1.7120471, 43.3906692 ], [ 1.711685, 43.3907822 ], [ 1.7113658, 43.3909635 ], [ 1.7107569, 43.3912715 ], [ 1.7107769, 43.391323 ], [ 1.7107974, 43.3913875 ], [ 1.7108508, 43.3915131 ] ] ] } },
{ "type": "Feature", "properties": { "Aire": "RRN C", "NomUsuel": "ASF_A_445 - Aire de Villefranche", "Nature": "R", "GVO": "ASF", "Surface": 11611.61358, "Réseau": "C", "Axe": "A61", "id_aire": "A000542" }, "geometry": { "type": "Polygon", "coordinates": [ [ [ 1.7175939, 43.3909001 ], [ 1.7173851, 43.3909442 ], [ 1.7167356, 43.3910814 ], [ 1.7161079, 43.3911984 ], [ 1.7154439, 43.3913012 ], [ 1.7151638, 43.3913445 ], [ 1.715166, 43.3914578 ], [ 1.7151772, 43.391557 ], [ 1.7153945, 43.3916291 ], [ 1.71577, 43.3917597 ], [ 1.7158797, 43.3917685 ], [ 1.7160382, 43.3917811 ], [ 1.7162581, 43.3917578 ], [ 1.7167624, 43.3916661 ], [ 1.7171057, 43.391594 ], [ 1.7174276, 43.3914634 ], [ 1.7176261, 43.391299 ], [ 1.7177924, 43.3911613 ], [ 1.7176755, 43.3909999 ], [ 1.7175939, 43.3909001 ] ] ] } },
{ "type": "Feature", "properties": { "Aire": "RRN C", "NomUsuel": "ASF_A_442 - Aire d'Ayguesvives", "Nature": "R", "GVO": "ASF", "Surface": 20627.69261, "Réseau": "C", "Axe": "A61", "id_aire": "A000543" }, "geometry": { "type": "Polygon", "coordinates": [ [ [ 1.6163099, 43.4368958 ], [ 1.6153363, 43.4371568 ], [ 1.6150048, 43.4373793 ], [ 1.6143387, 43.4378263 ], [ 1.6139898, 43.4380605 ], [ 1.6138869, 43.4382014 ], [ 1.6135177, 43.4387071 ], [ 1.6136948, 43.4390187 ], [ 1.6139241, 43.4390923 ], [ 1.6141078, 43.4391512 ], [ 1.6149822, 43.4383371 ], [ 1.6163474, 43.4372425 ], [ 1.6163192, 43.4369818 ], [ 1.6163099, 43.4368958 ] ] ] } },
{ "type": "Feature", "properties": { "Aire": "RRN C", "NomUsuel": "Beire le Fort", "Nature": "R", "GVO": "APRR", "Surface": 50579.87998, "Réseau": "C", "Axe": "A39", "id_aire": "A000544" }, "geometry": { "type": "Polygon", "coordinates": [ [ [ 5.2629474, 47.2406109 ], [ 5.2633878, 47.2385443 ], [ 5.2634777, 47.2381737 ], [ 5.2634925, 47.2380846 ], [ 5.2593166, 47.2394711 ], [ 5.2591319, 47.2395324 ], [ 5.2595222, 47.2396562 ], [ 5.2616653, 47.2407497 ], [ 5.2617659, 47.2407788 ], [ 5.2629474, 47.2406109 ] ] ] } },
{ "type": "Feature", "properties": { "Aire": "RRN C", "NomUsuel": "Epone Nord", "Nature": "R", "GVO": "SAPN", "Surface": 8864.82996, "Réseau": "C", "Axe": "A13", "id_aire": "A000545" }, "geometry": { "type": "Polygon", "coordinates": [ [ [ 1.8357727, 48.9632791 ], [ 1.8365783, 48.9637774 ], [ 1.8370504, 48.963798 ], [ 1.8388277, 48.9635056 ], [ 1.8391644, 48.9634183 ], [ 1.8383171, 48.963341 ], [ 1.8369703, 48.9632591 ], [ 1.8360626, 48.9632321 ], [ 1.8357727, 48.9632791 ] ] ] } },
{ "type": "Feature", "properties": { "Aire": "RRN C", "NomUsuel": "Beauchene Nord", "Nature": "R", "GVO": "SAPN", "Surface": 17678.61541, "Réseau": "C", "Axe": "A13", "id_aire": "A000546" }, "geometry": { "type": "Polygon", "coordinates": [ [ [ 1.3431528, 49.1068419 ], [ 1.3410057, 49.1085516 ], [ 1.3421354, 49.1086638 ], [ 1.3422138, 49.1086366 ], [ 1.3424032, 49.1085709 ], [ 1.3427401, 49.108362 ], [ 1.3427831, 49.107989 ], [ 1.3438571, 49.107764 ], [ 1.3438766, 49.1075815 ], [ 1.3435392, 49.1070212 ], [ 1.3431528, 49.1068419 ] ] ] } },
{ "type": "Feature", "properties": { "Aire": "RRN C", "NomUsuel": "Beauchene Sud", "Nature": "R", "GVO": "SAPN", "Surface": 29226.84005, "Réseau": "C", "Axe": "A13", "id_aire": "A000547" }, "geometry": { "type": "Polygon", "coordinates": [ [ [ 1.3437306, 49.1059246 ], [ 1.3464437, 49.1039965 ], [ 1.3456226, 49.103357 ], [ 1.3448369, 49.1032736 ], [ 1.3438144, 49.1042197 ], [ 1.343761, 49.104819 ], [ 1.3437529, 49.1051131 ], [ 1.3437306, 49.1059246 ] ] ] } },
{ "type": "Feature", "properties": { "Aire": "RRN C", "NomUsuel": "Bois Moyen", "Nature": "R", "GVO": "APRR", "Surface": 26663.69651, "Réseau": "C", "Axe": "A5", "id_aire": "A000548" }, "geometry": { "type": "Polygon", "coordinates": [ [ [ 5.1465346, 47.9652478 ], [ 5.1499718, 47.9621919 ], [ 5.1498893, 47.9622064 ], [ 5.1496375, 47.9622484 ], [ 5.1489414, 47.9625346 ], [ 5.1480283, 47.9625202 ], [ 5.147052, 47.9632393 ], [ 5.1467441, 47.9634661 ], [ 5.1467171, 47.9646835 ], [ 5.1465346, 47.9652478 ] ] ] } },
{ "type": "Feature", "properties": { "Aire": "RRN C", "NomUsuel": "Grand Riez", "Nature": "R", "GVO": "SANEF", "Surface": 16550.31301, "Réseau": "C", "Axe": "A26", "id_aire": "A000549" }, "geometry": { "type": "Polygon", "coordinates": [ [ [ 2.295552, 50.6293953 ], [ 2.2985208, 50.6275927 ], [ 2.2982712, 50.6275913 ], [ 2.2967356, 50.6276051 ], [ 2.2959433, 50.6280612 ], [ 2.2956382, 50.6287461 ], [ 2.2955688, 50.6292585 ], [ 2.295552, 50.6293953 ] ] ] } },
{ "type": "Feature", "properties": { "Aire": "RRN C", "NomUsuel": "Villefleur", "Nature": "R", "GVO": "SANEF", "Surface": 12998.14704, "Réseau": "C", "Axe": "A26", "id_aire": "A000550" }, "geometry": { "type": "Polygon", "coordinates": [ [ [ 2.2961545, 50.6296532 ], [ 2.2961989, 50.6296892 ], [ 2.2962257, 50.6297283 ], [ 2.2965463, 50.6296196 ], [ 2.2967514, 50.6296007 ], [ 2.297489, 50.6295973 ], [ 2.2977359, 50.6295795 ], [ 2.298409, 50.6292366 ], [ 2.2986183, 50.6291311 ], [ 2.2986799, 50.6289014 ], [ 2.2985012, 50.6287645 ], [ 2.298806, 50.6285663 ], [ 2.2989214, 50.6284693 ], [ 2.2989401, 50.6282821 ], [ 2.2990233, 50.6281392 ], [ 2.299026, 50.6280252 ], [ 2.2990463, 50.6279882 ], [ 2.2990035, 50.6279857 ], [ 2.2989009, 50.6279789 ], [ 2.298063, 50.6285205 ], [ 2.2973802, 50.6289496 ], [ 2.2961545, 50.6296532 ] ] ] } },
{ "type": "Feature", "properties": { "Aire": "RRN C", "NomUsuel": "Douains Sud", "Nature": "R", "GVO": "SAPN", "Surface": 9789.84296, "Réseau": "C", "Axe": "A13", "id_aire": "A000551" }, "geometry": { "type": "Polygon", "coordinates": [ [ [ 1.4341837, 49.0568038 ], [ 1.4348987, 49.0563381 ], [ 1.436157, 49.0555184 ], [ 1.4369927, 49.054974 ], [ 1.4360254, 49.05502 ], [ 1.4346274, 49.0559571 ], [ 1.4341837, 49.0568038 ] ] ] } },
{ "type": "Feature", "properties": { "Aire": "RRN C", "NomUsuel": "Douains Nord", "Nature": "R", "GVO": "SAPN", "Surface": 12164.20182, "Réseau": "C", "Axe": "A13", "id_aire": "A000552" }, "geometry": { "type": "Polygon", "coordinates": [ [ [ 1.4371388, 49.0553091 ], [ 1.4347848, 49.0568333 ], [ 1.4351684, 49.0568271 ], [ 1.4362268, 49.0568098 ], [ 1.4372, 49.0561409 ], [ 1.4371856, 49.0559453 ], [ 1.4371388, 49.0553091 ] ] ] } },
{ "type": "Feature", "properties": { "Aire": "RRN C", "NomUsuel": "ASF_A_462 - La Combe du Tréboulou Est", "Nature": "R", "GVO": "ASF", "Surface": 18205.66142, "Réseau": "C", "Axe": "A20", "id_aire": "A000553" }, "geometry": { "type": "Polygon", "coordinates": [ [ [ 1.5223626, 44.4006573 ], [ 1.522145, 44.4007416 ], [ 1.5230627, 44.4018176 ], [ 1.5238631, 44.4029922 ], [ 1.5239994, 44.4030018 ], [ 1.5242493, 44.4023645 ], [ 1.5242612, 44.4020262 ], [ 1.524096, 44.4016034 ], [ 1.5238472, 44.4012784 ], [ 1.5232831, 44.4009081 ], [ 1.5223626, 44.4006573 ] ] ] } },
{ "type": "Feature", "properties": { "Aire": "RRN C", "NomUsuel": "ASF_A_461 - La Combe du Tréboulou Ouest", "Nature": "R", "GVO": "ASF", "Surface": 16417.3901, "Réseau": "C", "Axe": "A20", "id_aire": "A000554" }, "geometry": { "type": "Polygon", "coordinates": [ [ [ 1.5213826, 44.4016825 ], [ 1.5214241, 44.4014988 ], [ 1.5211666, 44.4013225 ], [ 1.5197852, 44.3994983 ], [ 1.5193255, 44.3999771 ], [ 1.5192619, 44.400323 ], [ 1.5194526, 44.4006829 ], [ 1.5197608, 44.4010428 ], [ 1.5202156, 44.4012665 ], [ 1.5213826, 44.4016825 ] ] ] } },
{ "type": "Feature", "properties": { "Aire": "RRN C", "NomUsuel": "Argilly", "Nature": "R", "GVO": "APRR", "Surface": 27108.59154, "Réseau": "C", "Axe": "A36", "id_aire": "A000555" }, "geometry": { "type": "Polygon", "coordinates": [ [ [ 5.0053601, 47.0455981 ], [ 5.0060434, 47.0457277 ], [ 5.0064504, 47.0459296 ], [ 5.0064839, 47.0459698 ], [ 5.0064692, 47.0460338 ], [ 5.0064893, 47.0460731 ], [ 5.0065805, 47.0461106 ], [ 5.0067133, 47.0461087 ], [ 5.0068885, 47.0460738 ], [ 5.006956, 47.0461234 ], [ 5.0074537, 47.0461901 ], [ 5.008669, 47.0462529 ], [ 5.008901, 47.046205 ], [ 5.009252, 47.0460265 ], [ 5.0100768, 47.0460146 ], [ 5.0108737, 47.0459524 ], [ 5.0109512, 47.045685 ], [ 5.010961, 47.0456515 ], [ 5.0067153, 47.045351 ], [ 5.0065403, 47.0453722 ], [ 5.0062251, 47.0453493 ], [ 5.0057749, 47.0452878 ], [ 5.0053666, 47.0452661 ], [ 5.0053651, 47.0452985 ], [ 5.0053601, 47.0455981 ] ] ] } },
{ "type": "Feature", "properties": { "Aire": "RRN C", "NomUsuel": "Chouze sur Loire", "Nature": "R", "GVO": "COFIROUTE", "Surface": 45223.57735, "Réseau": "C", "Axe": "A85", "id_aire": "A000556" }, "geometry": { "type": "Polygon", "coordinates": [ [ [ 0.1398917, 47.2603624 ], [ 0.1403655, 47.2602747 ], [ 0.1446875, 47.2594747 ], [ 0.1452447, 47.2593716 ], [ 0.1446448, 47.2593319 ], [ 0.1442038, 47.2592065 ], [ 0.1439537, 47.2590827 ], [ 0.143947, 47.2589267 ], [ 0.144072, 47.2588097 ], [ 0.1442308, 47.2586928 ], [ 0.1444404, 47.2584657 ], [ 0.1444742, 47.2582891 ], [ 0.144437, 47.2581584 ], [ 0.1443525, 47.2580643 ], [ 0.1442275, 47.2579955 ], [ 0.1440754, 47.2579451 ], [ 0.1438963, 47.2579405 ], [ 0.1436901, 47.257968 ], [ 0.143359, 47.2581056 ], [ 0.1429872, 47.2581882 ], [ 0.1424736, 47.258234 ], [ 0.1420951, 47.2582799 ], [ 0.141774, 47.2583831 ], [ 0.1415855, 47.2584688 ], [ 0.1413787, 47.2586469 ], [ 0.1412232, 47.2588372 ], [ 0.1411672, 47.2589977 ], [ 0.1411691, 47.2591973 ], [ 0.1411861, 47.2593434 ], [ 0.1411421, 47.2594863 ], [ 0.1408988, 47.2598395 ], [ 0.140473, 47.260101 ], [ 0.1398917, 47.2603624 ] ] ] } },
{ "type": "Feature", "properties": { "Aire": "RRN C", "NomUsuel": "Cepoy", "Nature": "R", "GVO": "ARCOUR", "Surface": 22635.51461, "Réseau": "C", "Axe": "A19", "id_aire": "A000557" }, "geometry": { "type": "Polygon", "coordinates": [ [ [ 2.7295427, 48.0568877 ], [ 2.7297533, 48.0569249 ], [ 2.7342117, 48.0576813 ], [ 2.7344335, 48.0577181 ], [ 2.7341743, 48.0575579 ], [ 2.7338711, 48.0572571 ], [ 2.7336021, 48.0569531 ], [ 2.7332695, 48.0567537 ], [ 2.7315479, 48.0564137 ], [ 2.7311175, 48.0564203 ], [ 2.7295427, 48.0568877 ] ] ] } },
{ "type": "Feature", "properties": { "Aire": "RRN C", "NomUsuel": "Chantecoq", "Nature": "R", "GVO": "ARCOUR", "Surface": 25281.02732, "Réseau": "C", "Axe": "A19", "id_aire": "A000558" }, "geometry": { "type": "Polygon", "coordinates": [ [ [ 2.9526112, 48.0379848 ], [ 2.9524598, 48.0380633 ], [ 2.951334, 48.0386467 ], [ 2.9511537, 48.0387402 ], [ 2.9492512, 48.0396068 ], [ 2.9491387, 48.0398324 ], [ 2.9491583, 48.0399763 ], [ 2.9492903, 48.0400941 ], [ 2.9495398, 48.0401529 ], [ 2.9499359, 48.0401823 ], [ 2.9503565, 48.0401529 ], [ 2.9506255, 48.0400581 ], [ 2.9508945, 48.0399142 ], [ 2.9512369, 48.0397932 ], [ 2.9515597, 48.0396166 ], [ 2.9518482, 48.0395512 ], [ 2.9520243, 48.0394008 ], [ 2.9521955, 48.0391424 ], [ 2.9523129, 48.0388285 ], [ 2.9523031, 48.0385277 ], [ 2.9523911, 48.038302 ], [ 2.9526112, 48.0379848 ] ] ] } },
{ "type": "Feature", "properties": { "Aire": "RRN C", "NomUsuel": "Aire Teillay", "Nature": "R", "GVO": "ARCOUR", "Surface": 20498.09055, "Réseau": "C", "Axe": "A19", "id_aire": "A000559" }, "geometry": { "type": "Polygon", "coordinates": [ [ [ 2.0701486, 48.0967074 ], [ 2.0707839, 48.0968112 ], [ 2.0714395, 48.0969241 ], [ 2.0718248, 48.0969512 ], [ 2.0721357, 48.0969241 ], [ 2.0732373, 48.0965675 ], [ 2.0736969, 48.0963869 ], [ 2.073849, 48.0962989 ], [ 2.073947, 48.0961748 ], [ 2.0740349, 48.0959355 ], [ 2.0742376, 48.0957053 ], [ 2.0747513, 48.0953216 ], [ 2.0746207, 48.0953593 ], [ 2.0704254, 48.0966243 ], [ 2.0701486, 48.0967074 ] ] ] } },
{ "type": "Feature", "properties": { "Aire": "RRN C", "NomUsuel": "Aire de Mauregard", "Nature": "R", "GVO": "ARCOUR", "Surface": 27351.72257, "Réseau": "C", "Axe": "A19", "id_aire": "A000560" }, "geometry": { "type": "Polygon", "coordinates": [ [ [ 2.0692159, 48.0965449 ], [ 2.0737252, 48.095111 ], [ 2.0739943, 48.0950237 ], [ 2.0736834, 48.0950146 ], [ 2.0731022, 48.0949921 ], [ 2.0725547, 48.0948928 ], [ 2.0722235, 48.094816 ], [ 2.0719126, 48.0947844 ], [ 2.0715409, 48.0948296 ], [ 2.0699323, 48.0953306 ], [ 2.0696282, 48.0955338 ], [ 2.0694524, 48.0958543 ], [ 2.0693105, 48.0961748 ], [ 2.0692576, 48.0963838 ], [ 2.0692159, 48.0965449 ] ] ] } },
{ "type": "Feature", "properties": { "Aire": "RRN C", "NomUsuel": "ASF_A_494 - Aire de Pruill�-le-Ch�tif Est", "Nature": "R", "GVO": "ASF", "Surface": 27658.48426, "Réseau": "C", "Axe": "A11", "id_aire": "A000561" }, "geometry": { "type": "Polygon", "coordinates": [ [ [ 0.0938594, 48.0016878 ], [ 0.0969362, 48.0042353 ], [ 0.0970476, 48.0042861 ], [ 0.0972096, 48.0042959 ], [ 0.0976058, 48.0042272 ], [ 0.0976791, 48.0041699 ], [ 0.0977427, 48.0040505 ], [ 0.0977232, 48.0038967 ], [ 0.0970922, 48.0033666 ], [ 0.096877, 48.0030262 ], [ 0.0965591, 48.0026793 ], [ 0.0954294, 48.0018612 ], [ 0.09495, 48.0017271 ], [ 0.0940452, 48.0016125 ], [ 0.0938594, 48.0016878 ] ] ] } },
{ "type": "Feature", "properties": { "Aire": "RRN C", "NomUsuel": "ASF_A_493 - Aire de Pruill�-le-Ch�tif Ouest", "Nature": "R", "GVO": "ASF", "Surface": 39174.21538, "Réseau": "C", "Axe": "A11", "id_aire": "A000562" }, "geometry": { "type": "Polygon", "coordinates": [ [ [ 0.103663, 48.0097989 ], [ 0.1033295, 48.0101148 ], [ 0.1031943, 48.0103093 ], [ 0.103218, 48.0104268 ], [ 0.1033092, 48.0105353 ], [ 0.1037215, 48.0108338 ], [ 0.1040257, 48.0110508 ], [ 0.1054044, 48.0115889 ], [ 0.1061547, 48.0118466 ], [ 0.1066413, 48.0119099 ], [ 0.1085921, 48.012088 ], [ 0.1088109, 48.0120772 ], [ 0.1090275, 48.011953 ], [ 0.103663, 48.0097989 ] ] ] } },
{ "type": "Feature", "properties": { "Aire": "RRN C", "NomUsuel": "Albens", "Nature": "R", "GVO": "AREA", "Surface": 8388.98374, "Réseau": "C", "Axe": "A41", "id_aire": "A000563" }, "geometry": { "type": "Polygon", "coordinates": [ [ [ 5.9645201, 45.7846285 ], [ 5.9643605, 45.784911 ], [ 5.9643196, 45.7852199 ], [ 5.9643605, 45.7855503 ], [ 5.9644579, 45.7857289 ], [ 5.9646115, 45.7859468 ], [ 5.9649035, 45.7861701 ], [ 5.9653271, 45.7864429 ], [ 5.9657135, 45.7865691 ], [ 5.9645201, 45.7846285 ] ] ] } },
{ "type": "Feature", "properties": { "Aire": "RRN C", "NomUsuel": "Le Cedre", "Nature": "R", "GVO": "APRR", "Surface": 25811.99294, "Réseau": "C", "Axe": "A77", "id_aire": "A000564" }, "geometry": { "type": "Polygon", "coordinates": [ [ [ 2.6727062, 47.9748594 ], [ 2.6721925, 47.9753471 ], [ 2.6719028, 47.9757598 ], [ 2.6718563, 47.9759661 ], [ 2.6719123, 47.97631 ], [ 2.672015, 47.9766977 ], [ 2.6721738, 47.9770603 ], [ 2.6723886, 47.9773667 ], [ 2.6727809, 47.977623 ], [ 2.67309, 47.9777711 ], [ 2.6733696, 47.9779416 ], [ 2.673543, 47.9780648 ], [ 2.6736704, 47.9781999 ], [ 2.6738863, 47.9782946 ], [ 2.6727062, 47.9748594 ] ] ] } },
{ "type": "Feature", "properties": { "Aire": "RRN C", "NomUsuel": "Bois de Chaumont", "Nature": "R", "GVO": "APRR", "Surface": 22277.95264, "Réseau": "C", "Axe": "A31", "id_aire": "A000565" }, "geometry": { "type": "Polygon", "coordinates": [ [ [ 5.6885018, 48.1462643 ], [ 5.6900217, 48.1481737 ], [ 5.6908482, 48.1472717 ], [ 5.6908634, 48.1472055 ], [ 5.6906713, 48.1468911 ], [ 5.6901374, 48.1461876 ], [ 5.6899752, 48.1460884 ], [ 5.6898468, 48.1460613 ], [ 5.6889208, 48.1460298 ], [ 5.6885761, 48.1461335 ], [ 5.688495, 48.1461831 ], [ 5.6885018, 48.1462643 ] ] ] } },
{ "type": "Feature", "properties": { "Aire": "RRN C", "NomUsuel": "Coiranne", "Nature": "R", "GVO": "AREA", "Surface": 16747.98069, "Réseau": "C", "Axe": "A43", "id_aire": "A000566" }, "geometry": { "type": "Polygon", "coordinates": [ [ [ 5.3225493, 45.5719737 ], [ 5.3214075, 45.5720104 ], [ 5.3207228, 45.5720484 ], [ 5.3196755, 45.5721355 ], [ 5.3196788, 45.5722357 ], [ 5.3202599, 45.5724025 ], [ 5.3205089, 45.5724713 ], [ 5.3208026, 45.5726253 ], [ 5.3211439, 45.5729589 ], [ 5.3215308, 45.573053 ], [ 5.321591, 45.573066 ], [ 5.3217293, 45.5730122 ], [ 5.3220727, 45.5728994 ], [ 5.3222304, 45.5728308 ], [ 5.32231, 45.5727821 ], [ 5.3224046, 45.5726998 ], [ 5.3225836, 45.5725089 ], [ 5.3227673, 45.572338 ], [ 5.3224759, 45.5721813 ], [ 5.3225493, 45.5719737 ] ] ] } },
{ "type": "Feature", "properties": { "Aire": "RRN C", "NomUsuel": "ASF_A_451 - Aire de Saubion Sud", "Nature": "R", "GVO": "ASF", "Surface": 18572.04362, "Réseau": "C", "Axe": "A63", "id_aire": "A000567" }, "geometry": { "type": "Polygon", "coordinates": [ [ [ -1.3126837, 43.6760985 ], [ -1.311176, 43.6769713 ], [ -1.3096719, 43.6777597 ], [ -1.3096465, 43.6776 ], [ -1.3096223, 43.6773886 ], [ -1.3096296, 43.6772429 ], [ -1.3096542, 43.6770788 ], [ -1.3098134, 43.676764 ], [ -1.3100859, 43.676508 ], [ -1.3105708, 43.676252 ], [ -1.3110274, 43.6761624 ], [ -1.3118272, 43.6761471 ], [ -1.3125912, 43.6761045 ], [ -1.3126837, 43.6760985 ] ] ] } },
{ "type": "Feature", "properties": { "Aire": "RRN C", "NomUsuel": "La Racheuse", "Nature": "R", "GVO": "APRR", "Surface": 16195.65505, "Réseau": "C", "Axe": "A6", "id_aire": "A000568" }, "geometry": { "type": "Polygon", "coordinates": [ [ [ 3.2937677, 47.9126331 ], [ 3.2953474, 47.9119053 ], [ 3.2966041, 47.9114396 ], [ 3.2980521, 47.9110137 ], [ 3.2964332, 47.9109481 ], [ 3.2953214, 47.9111971 ], [ 3.2944133, 47.911725 ], [ 3.2937677, 47.9126331 ] ] ] } },
{ "type": "Feature", "properties": { "Aire": "RRN C", "NomUsuel": "Aire de Saint Pierre de Belleville", "Nature": "R", "GVO": "SFTRF", "Surface": 52576.06336, "Réseau": "C", "Axe": "A43", "id_aire": "A000569" }, "geometry": { "type": "Polygon", "coordinates": [ [ [ 6.2890853, 45.4788598 ], [ 6.2884867, 45.4776875 ], [ 6.2884496, 45.4772255 ], [ 6.2878759, 45.4758262 ], [ 6.2877472, 45.4756268 ], [ 6.2875326, 45.4754914 ], [ 6.2868656, 45.4754675 ], [ 6.2862344, 45.4774466 ], [ 6.286883, 45.4780608 ], [ 6.28684, 45.478467 ], [ 6.2865597, 45.4785518 ], [ 6.2868871, 45.4788287 ], [ 6.286905, 45.4788439 ], [ 6.2874358, 45.4790216 ], [ 6.2878059, 45.4788673 ], [ 6.2890853, 45.4788598 ] ] ] } },
{ "type": "Feature", "properties": { "Aire": "RRN C", "NomUsuel": "BARCELONE", "Nature": "R", "GVO": "ESCOTA", "Surface": 18724.06964, "Réseau": "C", "Axe": "A8", "id_aire": "A000570" }, "geometry": { "type": "Polygon", "coordinates": [ [ [ 5.8331324, 43.4696418 ], [ 5.8338891, 43.4694843 ], [ 5.8339719, 43.4694476 ], [ 5.834878, 43.4692583 ], [ 5.8350101, 43.4692321 ], [ 5.8349997, 43.4691873 ], [ 5.834994, 43.4691604 ], [ 5.8349794, 43.4691109 ], [ 5.8343847, 43.4691667 ], [ 5.8341989, 43.4690932 ], [ 5.8341009, 43.4689803 ], [ 5.833981, 43.4680855 ], [ 5.8338271, 43.4675421 ], [ 5.8336707, 43.4674995 ], [ 5.8335945, 43.4675024 ], [ 5.8334865, 43.4674983 ], [ 5.8334051, 43.4674996 ], [ 5.8333584, 43.4675074 ], [ 5.833328, 43.467521 ], [ 5.833315, 43.4676221 ], [ 5.8333222, 43.4677172 ], [ 5.8333059, 43.4679777 ], [ 5.8332512, 43.4681705 ], [ 5.8328045, 43.4683954 ], [ 5.8331061, 43.4694971 ], [ 5.8331122, 43.4695559 ], [ 5.8331151, 43.4695838 ], [ 5.8331324, 43.4696418 ] ] ] } },
{ "type": "Feature", "properties": { "Aire": "RRN C", "NomUsuel": "ASF_A_355 - Aire du Fournalet", "Nature": "R", "GVO": "ASF", "Surface": 11288.05648, "Réseau": "C", "Axe": "A7", "id_aire": "A000571" }, "geometry": { "type": "Polygon", "coordinates": [ [ [ 4.8887256, 44.021088 ], [ 4.8886102, 44.0210955 ], [ 4.8883406, 44.0211082 ], [ 4.8880593, 44.021441 ], [ 4.887967, 44.0219558 ], [ 4.8877424, 44.0229232 ], [ 4.8881891, 44.0233801 ], [ 4.888293, 44.023484 ], [ 4.8887256, 44.021088 ] ] ] } },
{ "type": "Feature", "properties": { "Aire": "RRN C", "NomUsuel": "Aire de Sainte-Marie-de-Cuines", "Nature": "R", "GVO": "SFTRF", "Surface": 26352.01407, "Réseau": "C", "Axe": "A43", "id_aire": "A000572" }, "geometry": { "type": "Polygon", "coordinates": [ [ [ 6.3064246, 45.3425807 ], [ 6.308881, 45.3399351 ], [ 6.308937, 45.3398169 ], [ 6.3089033, 45.3397043 ], [ 6.3087958, 45.3396666 ], [ 6.3086735, 45.3396679 ], [ 6.3083714, 45.3397278 ], [ 6.3080471, 45.3398125 ], [ 6.3067036, 45.3408069 ], [ 6.3059708, 45.3416173 ], [ 6.3059844, 45.3417792 ], [ 6.3060697, 45.3420045 ], [ 6.3064246, 45.3425807 ] ] ] } },
{ "type": "Feature", "properties": { "Aire": "RRN C", "NomUsuel": "Aire de Saint-Avre", "Nature": "R", "GVO": "SFTRF", "Surface": 18934.72805, "Réseau": "C", "Axe": "A43", "id_aire": "A000573" }, "geometry": { "type": "Polygon", "coordinates": [ [ [ 6.3062977, 45.3433118 ], [ 6.3072658, 45.3439423 ], [ 6.3087049, 45.341511 ], [ 6.3081499, 45.3414702 ], [ 6.3078595, 45.341765 ], [ 6.3062977, 45.3433118 ] ] ] } },
{ "type": "Feature", "properties": { "Aire": "RRN C", "NomUsuel": "ASF_A_465 - Aire de la Loutre", "Nature": "R", "GVO": "ASF", "Surface": 14365.24785, "Réseau": "C", "Axe": "A89", "id_aire": "A000574" }, "geometry": { "type": "Polygon", "coordinates": [ [ [ 2.3161682, 45.5137798 ], [ 2.3162681, 45.5138479 ], [ 2.3168052, 45.5140744 ], [ 2.3170089, 45.5141285 ], [ 2.3174929, 45.5141445 ], [ 2.3176687, 45.5141161 ], [ 2.3184256, 45.5138887 ], [ 2.3186246, 45.5137825 ], [ 2.3187073, 45.5136131 ], [ 2.318696, 45.5135335 ], [ 2.3186238, 45.5134234 ], [ 2.318427, 45.51336 ], [ 2.3170131, 45.5132873 ], [ 2.3167866, 45.5132967 ], [ 2.3166143, 45.5133252 ], [ 2.3164183, 45.5134057 ], [ 2.3161815, 45.5136316 ], [ 2.3161682, 45.5137798 ] ] ] } },
{ "type": "Feature", "properties": { "Aire": "RRN C", "NomUsuel": "Athies", "Nature": "R", "GVO": "SANEF", "Surface": 10632.73231, "Réseau": "C", "Axe": "A29", "id_aire": "A000575" }, "geometry": { "type": "Polygon", "coordinates": [ [ [ 2.9883793, 49.8386349 ], [ 2.9908013, 49.8387152 ], [ 2.9913069, 49.8387514 ], [ 2.991453, 49.8387858 ], [ 2.9915513, 49.8388257 ], [ 2.9916777, 49.8388855 ], [ 2.9918238, 49.8389253 ], [ 2.9919811, 49.8389453 ], [ 2.9921524, 49.8389109 ], [ 2.9922564, 49.8388601 ], [ 2.992335, 49.8387677 ], [ 2.9923266, 49.8386844 ], [ 2.992276, 49.8385902 ], [ 2.9921665, 49.8385195 ], [ 2.9919727, 49.8384924 ], [ 2.9916749, 49.8384869 ], [ 2.9913828, 49.8384742 ], [ 2.9911693, 49.8384489 ], [ 2.990686, 49.8383339 ], [ 2.9905089, 49.8383097 ], [ 2.9892966, 49.8382681 ], [ 2.9891249, 49.8382889 ], [ 2.9888889, 49.8383996 ], [ 2.9883793, 49.8386349 ] ] ] } },
{ "type": "Feature", "properties": { "Aire": "RRN C", "NomUsuel": "Aire de Chonas", "Nature": "R", "GVO": "AREA", "Surface": 19641.52867, "Réseau": "C", "Axe": "A41", "id_aire": "A000576" }, "geometry": { "type": "Polygon", "coordinates": [ [ [ 5.9509125, 45.3234108 ], [ 5.9507331, 45.3235065 ], [ 5.9517441, 45.3243078 ], [ 5.9533822, 45.3256909 ], [ 5.953297, 45.3252411 ], [ 5.9535761, 45.3250817 ], [ 5.9536457, 45.3249035 ], [ 5.9533532, 45.3245864 ], [ 5.9530927, 45.3242502 ], [ 5.9521008, 45.3234477 ], [ 5.9513602, 45.3236866 ], [ 5.9509125, 45.3234108 ] ] ] } },
{ "type": "Feature", "properties": { "Aire": "RRN C", "NomUsuel": "ASF_A_480 - Aire de La Benâte", "Nature": "R", "GVO": "ASF", "Surface": 51755.85754, "Réseau": "C", "Axe": "A10", "id_aire": "A000577" }, "geometry": { "type": "Polygon", "coordinates": [ [ [ -0.5405077, 46.0094784 ], [ -0.5407725, 46.012378 ], [ -0.5407774, 46.0124319 ], [ -0.5409211, 46.0131888 ], [ -0.5407574, 46.013224 ], [ -0.5409026, 46.0136347 ], [ -0.5409667, 46.0138733 ], [ -0.5410462, 46.01428 ], [ -0.5410045, 46.0143045 ], [ -0.5404042, 46.0146568 ], [ -0.5397632, 46.0137449 ], [ -0.5395872, 46.0133057 ], [ -0.5391644, 46.0122509 ], [ -0.5393614, 46.0107945 ], [ -0.5397604, 46.0098381 ], [ -0.5402516, 46.0095328 ], [ -0.5405077, 46.0094784 ] ] ] } },
{ "type": "Feature", "properties": { "Aire": "RRN C", "NomUsuel": "ASF_A_498 - Aire de la Chapelle Saint-Laud Est", "Nature": "R", "GVO": "ASF", "Surface": 36204.83275, "Réseau": "C", "Axe": "A11", "id_aire": "A000578" }, "geometry": { "type": "Polygon", "coordinates": [ [ [ -0.2816411, 47.6225931 ], [ -0.2796408, 47.6247951 ], [ -0.279379, 47.6248296 ], [ -0.2780195, 47.6248028 ], [ -0.2773535, 47.6239341 ], [ -0.2796995, 47.6231798 ], [ -0.2800388, 47.6229407 ], [ -0.2801886, 47.6228667 ], [ -0.2806825, 47.6227612 ], [ -0.2816411, 47.6225931 ] ] ] } },
{ "type": "Feature", "properties": { "Aire": "RRN C", "NomUsuel": "ASF_A_497 - Aire de la Chapelle Saint-Laud Ouest", "Nature": "R", "GVO": "ASF", "Surface": 99983.84613000001, "Réseau": "C", "Axe": "A11", "id_aire": "A000579" }, "geometry": { "type": "Polygon", "coordinates": [ [ [ -0.2798951, 47.625184 ], [ -0.2821938, 47.6227447 ], [ -0.2836742, 47.6214104 ], [ -0.2851601, 47.6202473 ], [ -0.2855981, 47.620495 ], [ -0.2858852, 47.621383 ], [ -0.2858011, 47.6224421 ], [ -0.2841343, 47.6241051 ], [ -0.2826373, 47.6247264 ], [ -0.2798951, 47.625184 ] ] ] } },
{ "type": "Feature", "properties": { "Aire": "RRN C", "NomUsuel": "Champignol", "Nature": "R", "GVO": "APRR", "Surface": 62702.11252, "Réseau": "C", "Axe": "A5", "id_aire": "A000580" }, "geometry": { "type": "Polygon", "coordinates": [ [ [ 4.6538952, 48.1336585 ], [ 4.6512071, 48.1345797 ], [ 4.6478442, 48.1356225 ], [ 4.6478882, 48.1356562 ], [ 4.6479669, 48.1357252 ], [ 4.6506151, 48.1366266 ], [ 4.6529571, 48.1358851 ], [ 4.6533231, 48.1345796 ], [ 4.6530037, 48.1343709 ], [ 4.6534695, 48.1339845 ], [ 4.6539752, 48.133798 ], [ 4.653915, 48.133693 ], [ 4.6538952, 48.1336585 ] ] ] } },
{ "type": "Feature", "properties": { "Aire": "RRN C", "NomUsuel": "egreville", "Nature": "R", "GVO": "APRR", "Surface": 14627.74833, "Réseau": "C", "Axe": "A6", "id_aire": "A000581" }, "geometry": { "type": "Polygon", "coordinates": [ [ [ 2.8843547, 48.1592652 ], [ 2.8810816, 48.160608 ], [ 2.881143, 48.1608829 ], [ 2.8819643, 48.1607701 ], [ 2.8824788, 48.1606754 ], [ 2.8831815, 48.1603748 ], [ 2.8835557, 48.1602663 ], [ 2.8840115, 48.1600305 ], [ 2.8841447, 48.1599007 ], [ 2.8843547, 48.1592652 ] ] ] } },
{ "type": "Feature", "properties": { "Aire": "RRN C", "NomUsuel": "Floee", "Nature": "R", "GVO": "APRR", "Surface": 7274.73206, "Réseau": "C", "Axe": "A6", "id_aire": "A000582" }, "geometry": { "type": "Polygon", "coordinates": [ [ [ 2.8280474, 48.1860392 ], [ 2.8254014, 48.1872261 ], [ 2.8261742, 48.1872131 ], [ 2.8265214, 48.1871772 ], [ 2.8268883, 48.1870663 ], [ 2.8272355, 48.1869228 ], [ 2.827661, 48.1865805 ], [ 2.8280474, 48.1860392 ] ] ] } },
{ "type": "Feature", "properties": { "Aire": "RRN C", "NomUsuel": "Faverosse", "Nature": "R", "GVO": "APRR", "Surface": 46344.79688, "Réseau": "C", "Axe": "A31", "id_aire": "A000583" }, "geometry": { "type": "Polygon", "coordinates": [ [ [ 5.9133748, 48.5116055 ], [ 5.9124595, 48.5085674 ], [ 5.9110086, 48.5091904 ], [ 5.9107262, 48.5095113 ], [ 5.9106167, 48.5096673 ], [ 5.9107409, 48.5109125 ], [ 5.9108903, 48.5111971 ], [ 5.9112453, 48.5114013 ], [ 5.911871, 48.5114694 ], [ 5.9133748, 48.5116055 ] ] ] } },
{ "type": "Feature", "properties": { "Aire": "RRN C", "NomUsuel": "Bois Saint Martin", "Nature": "R", "GVO": "SANEF", "Surface": 29000.49816, "Réseau": "C", "Axe": "A4", "id_aire": "A000584" }, "geometry": { "type": "Polygon", "coordinates": [ [ [ 5.8639705, 49.1950973 ], [ 5.8648295, 49.1957066 ], [ 5.865542, 49.1962405 ], [ 5.8657886, 49.196525 ], [ 5.8675813, 49.1968636 ], [ 5.8694369, 49.1962432 ], [ 5.8669148, 49.1957301 ], [ 5.8651764, 49.195367 ], [ 5.8639705, 49.1950973 ] ] ] } },
{ "type": "Feature", "properties": { "Aire": "RRN C", "NomUsuel": "Bois de Labry", "Nature": "R", "GVO": "SANEF", "Surface": 20991.07882, "Réseau": "C", "Axe": "A4", "id_aire": "A000585" }, "geometry": { "type": "Polygon", "coordinates": [ [ [ 5.8693675, 49.1959245 ], [ 5.8710098, 49.1961542 ], [ 5.8728685, 49.1964059 ], [ 5.8744568, 49.1965826 ], [ 5.8728347, 49.19558 ], [ 5.8725914, 49.1954829 ], [ 5.8722805, 49.1954254 ], [ 5.871902, 49.1954343 ], [ 5.8714221, 49.1954961 ], [ 5.8693675, 49.1959245 ] ] ] } },
{ "type": "Feature", "properties": { "Aire": "RRN C", "NomUsuel": "Loivre", "Nature": "R", "GVO": "SANEF", "Surface": 31485.62512, "Réseau": "C", "Axe": "A26", "id_aire": "A000586" }, "geometry": { "type": "Polygon", "coordinates": [ [ [ 3.9559379, 49.355165 ], [ 3.9544944, 49.3577065 ], [ 3.9543747, 49.3579198 ], [ 3.9544293, 49.3579582 ], [ 3.9544929, 49.357982 ], [ 3.9549658, 49.3581622 ], [ 3.9561372, 49.3578625 ], [ 3.956454, 49.3572877 ], [ 3.9567363, 49.3568157 ], [ 3.9569067, 49.3565346 ], [ 3.956367, 49.3556884 ], [ 3.95631, 49.355254 ], [ 3.9560568, 49.3551955 ], [ 3.9559379, 49.355165 ] ] ] } },
{ "type": "Feature", "properties": { "Aire": "RRN C", "NomUsuel": "Cauroy", "Nature": "R", "GVO": "SANEF", "Surface": 31684.74464, "Réseau": "C", "Axe": "A26", "id_aire": "A000587" }, "geometry": { "type": "Polygon", "coordinates": [ [ [ 3.955326, 49.3556111 ], [ 3.9552294, 49.3555933 ], [ 3.9548196, 49.3551341 ], [ 3.9536939, 49.3554661 ], [ 3.9529207, 49.3567538 ], [ 3.9529238, 49.3568065 ], [ 3.9531154, 49.3570829 ], [ 3.9534699, 49.3575663 ], [ 3.953511, 49.3576594 ], [ 3.9535602, 49.357771 ], [ 3.9535724, 49.3579414 ], [ 3.9535406, 49.3584477 ], [ 3.9536479, 49.3584955 ], [ 3.9537196, 49.3585274 ], [ 3.955326, 49.3556111 ] ] ] } },
{ "type": "Feature", "properties": { "Aire": "RRN C", "NomUsuel": "Auteuil", "Nature": "R", "GVO": "SANEF", "Surface": 62202.13042, "Réseau": "C", "Axe": "A16", "id_aire": "A000588" }, "geometry": { "type": "Polygon", "coordinates": [ [ [ 2.1078291, 49.3624953 ], [ 2.1081434, 49.3662974 ], [ 2.1094281, 49.3658544 ], [ 2.1098304, 49.3656867 ], [ 2.1102274, 49.3653793 ], [ 2.1105888, 49.3649533 ], [ 2.1107307, 49.3646571 ], [ 2.1108383, 49.3636379 ], [ 2.1106671, 49.3634436 ], [ 2.1102709, 49.3632397 ], [ 2.1089238, 49.3629303 ], [ 2.1081711, 49.3625314 ], [ 2.1078291, 49.3624953 ] ] ] } },
{ "type": "Feature", "properties": { "Aire": "RRN C", "NomUsuel": "Chene Peuquet", "Nature": "R", "GVO": "SANEF", "Surface": 36954.0269, "Réseau": "C", "Axe": "A16", "id_aire": "A000589" }, "geometry": { "type": "Polygon", "coordinates": [ [ [ 2.1607751, 49.4653227 ], [ 2.1616267, 49.4669611 ], [ 2.1618732, 49.4674514 ], [ 2.1621674, 49.4682129 ], [ 2.1627534, 49.4678275 ], [ 2.1641905, 49.4671163 ], [ 2.1636868, 49.4662228 ], [ 2.1615115, 49.4655482 ], [ 2.1607751, 49.4653227 ] ] ] } },
{ "type": "Feature", "properties": { "Aire": "RRN C", "NomUsuel": "Villefranche Limas Est", "Nature": "R", "GVO": "APRR", "Surface": 7309.34438, "Réseau": "C", "Axe": "A6", "id_aire": "A000590" }, "geometry": { "type": "Polygon", "coordinates": [ [ [ 4.7340417, 45.9745189 ], [ 4.7341974, 45.9750896 ], [ 4.7344416, 45.9756528 ], [ 4.7345867, 45.9759234 ], [ 4.7346292, 45.9759799 ], [ 4.7346823, 45.9760587 ], [ 4.7348705, 45.9757297 ], [ 4.7351027, 45.9752593 ], [ 4.7351153, 45.9751608 ], [ 4.7343142, 45.974455 ], [ 4.7340417, 45.9745189 ] ] ] } },
{ "type": "Feature", "properties": { "Aire": "RRN C", "NomUsuel": "Villefranche Limas Ouest", "Nature": "R", "GVO": "APRR", "Surface": 6926.78746, "Réseau": "C", "Axe": "A6", "id_aire": "A000591" }, "geometry": { "type": "Polygon", "coordinates": [ [ [ 4.7307678, 45.9728749 ], [ 4.7296772, 45.9712025 ], [ 4.7295745, 45.9715153 ], [ 4.7295745, 45.971675 ], [ 4.7299951, 45.972739 ], [ 4.7300635, 45.9728783 ], [ 4.7301614, 45.9729225 ], [ 4.7302836, 45.9729293 ], [ 4.7307678, 45.9728749 ] ] ] } },
{ "type": "Feature", "properties": { "Aire": "RRN C", "NomUsuel": "Aire des Sources de l'Orne sens 2", "Nature": "R", "GVO": "ALIS", "Surface": 17497.49222, "Réseau": "C", "Axe": "A28", "id_aire": "A000592" }, "geometry": { "type": "Polygon", "coordinates": [ [ [ 0.2228677, 48.6575516 ], [ 0.2236153, 48.6576663 ], [ 0.2242986, 48.6578622 ], [ 0.222541, 48.6556253 ], [ 0.2222058, 48.6555998 ], [ 0.221905, 48.6562952 ], [ 0.2228677, 48.6575516 ] ] ] } },
{ "type": "Feature", "properties": { "Aire": "RRN C", "NomUsuel": "Bouville Nord", "Nature": "P", "GVO": "ALBEA", "Surface": 8165.63171, "Réseau": "C", "Axe": "A150", "id_aire": "A000593" }, "geometry": { "type": "Polygon", "coordinates": [ [ [ 0.9216131, 49.5485178 ], [ 0.9214856, 49.5486269 ], [ 0.9198101, 49.5500319 ], [ 0.9198984, 49.5500243 ], [ 0.9206919, 49.5499595 ], [ 0.9209288, 49.5497921 ], [ 0.9211261, 49.5497427 ], [ 0.9213861, 49.549559 ], [ 0.9214299, 49.5494045 ], [ 0.9216767, 49.5492147 ], [ 0.9216131, 49.5485178 ] ] ] } },
{ "type": "Feature", "properties": { "Aire": "RRN C", "NomUsuel": "Aire Risle Charentonne", "Nature": "R", "GVO": "ALIS", "Surface": 80712.95033000001, "Réseau": "C", "Axe": "A28", "id_aire": "A000594" }, "geometry": { "type": "Polygon", "coordinates": [ [ [ 0.5769681, 49.1387363 ], [ 0.5763796, 49.1391335 ], [ 0.574384, 49.1390912 ], [ 0.5736825, 49.1399561 ], [ 0.5780653, 49.1404091 ], [ 0.5787532, 49.1404111 ], [ 0.5792347, 49.1403463 ], [ 0.5795707, 49.1402135 ], [ 0.579871, 49.1400433 ], [ 0.5802506, 49.1396585 ], [ 0.5806851, 49.1386828 ], [ 0.5805265, 49.1384107 ], [ 0.5802162, 49.138344 ], [ 0.58001, 49.1384638 ], [ 0.5797904, 49.1385181 ], [ 0.579589, 49.1385206 ], [ 0.5793752, 49.1384838 ], [ 0.5791748, 49.1383974 ], [ 0.5790928, 49.1382961 ], [ 0.5790344, 49.138196 ], [ 0.5782574, 49.1381748 ], [ 0.5782593, 49.1382153 ], [ 0.5772693, 49.1382142 ], [ 0.5771282, 49.138214 ], [ 0.5769681, 49.1387363 ] ] ] } },
{ "type": "Feature", "properties": { "Aire": "RRN C", "NomUsuel": "Montesson Nord", "Nature": "P", "GVO": "SAPN", "Surface": 99748.2287, "Réseau": "C", "Axe": "A14", "id_aire": "A000595" }, "geometry": { "type": "Polygon", "coordinates": [ [ [ 2.1526082, 48.91467 ], [ 2.1526766, 48.9145722 ], [ 2.1527088, 48.9144725 ], [ 2.1532774, 48.9143703 ], [ 2.1541008, 48.9142487 ], [ 2.1557826, 48.9141887 ], [ 2.1572819, 48.9141306 ], [ 2.1583199, 48.9140742 ], [ 2.1589422, 48.9141482 ], [ 2.159366, 48.9143738 ], [ 2.1599829, 48.9147228 ], [ 2.1602404, 48.9148921 ], [ 2.1605408, 48.914885 ], [ 2.1606803, 48.9147969 ], [ 2.1616781, 48.913986 ], [ 2.1619302, 48.9138697 ], [ 2.1622735, 48.9138133 ], [ 2.1640384, 48.9134889 ], [ 2.1654922, 48.9132104 ], [ 2.1659428, 48.9131822 ], [ 2.1658891, 48.9128297 ], [ 2.1610833, 48.9130499 ], [ 2.160644, 48.9128944 ], [ 2.1590854, 48.9129761 ], [ 2.1586418, 48.9131434 ], [ 2.1586299, 48.913145 ], [ 2.1583602, 48.9131822 ], [ 2.1581966, 48.9131311 ], [ 2.1579739, 48.9130765 ], [ 2.1577755, 48.9130694 ], [ 2.157298, 48.9131152 ], [ 2.1562359, 48.9133638 ], [ 2.1542001, 48.9136793 ], [ 2.1536314, 48.9137216 ], [ 2.152757, 48.9137146 ], [ 2.1522474, 48.9137851 ], [ 2.1521294, 48.913838 ], [ 2.152124, 48.9139349 ], [ 2.1523279, 48.914566 ], [ 2.1523923, 48.9147651 ], [ 2.1526082, 48.91467 ] ] ] } },
{ "type": "Feature", "properties": { "Aire": "RRN C", "NomUsuel": "Bois de la Commanderie", "Nature": "R", "GVO": "SANEF", "Surface": 29855.70477, "Réseau": "C", "Axe": "A16", "id_aire": "A000596" }, "geometry": { "type": "Polygon", "coordinates": [ [ [ 1.6971578, 50.3755977 ], [ 1.6974516, 50.3771338 ], [ 1.6975397, 50.3791005 ], [ 1.6986754, 50.3781765 ], [ 1.6991069, 50.3768862 ], [ 1.6989394, 50.3765557 ], [ 1.6985201, 50.376174 ], [ 1.6980303, 50.3760557 ], [ 1.6973777, 50.3757116 ], [ 1.6971578, 50.3755977 ] ] ] } },
{ "type": "Feature", "properties": { "Aire": "RRN C", "NomUsuel": "Evires", "Nature": "R", "GVO": "AREA", "Surface": 14451.18661, "Réseau": "C", "Axe": "A410", "id_aire": "A000597" }, "geometry": { "type": "Polygon", "coordinates": [ [ [ 6.2661928, 46.047388 ], [ 6.2661928, 46.0472623 ], [ 6.2655947, 46.0472521 ], [ 6.2650287, 46.0472019 ], [ 6.2642884, 46.0470893 ], [ 6.2636581, 46.0469617 ], [ 6.2630707, 46.0468128 ], [ 6.2624726, 46.0466155 ], [ 6.2620649, 46.0464628 ], [ 6.2617028, 46.0463008 ], [ 6.261397, 46.0461482 ], [ 6.2612978, 46.046232 ], [ 6.2616813, 46.046461 ], [ 6.2621856, 46.0467066 ], [ 6.2624239, 46.046839 ], [ 6.2631136, 46.0472763 ], [ 6.2634717, 46.0474821 ], [ 6.2635535, 46.0475156 ], [ 6.2636532, 46.0475417 ], [ 6.2636504, 46.0476076 ], [ 6.2640455, 46.0478162 ], [ 6.2641624, 46.0478479 ], [ 6.2642723, 46.047833 ], [ 6.2645781, 46.047712 ], [ 6.2646183, 46.0476133 ], [ 6.2646049, 46.0474373 ], [ 6.2646881, 46.0473769 ], [ 6.2657234, 46.0474253 ], [ 6.2661928, 46.047388 ] ] ] } },
{ "type": "Feature", "properties": { "Aire": "RRN C", "NomUsuel": "Etaux", "Nature": "R", "GVO": "AREA", "Surface": 9886.39289, "Réseau": "C", "Axe": "A410", "id_aire": "A000598" }, "geometry": { "type": "Polygon", "coordinates": [ [ [ 6.2604341, 46.0454091 ], [ 6.2611449, 46.0457908 ], [ 6.2619495, 46.0461426 ], [ 6.2628669, 46.046487 ], [ 6.2635455, 46.0466955 ], [ 6.2635857, 46.0466117 ], [ 6.2632853, 46.0465056 ], [ 6.2629715, 46.0463381 ], [ 6.262773, 46.0461184 ], [ 6.2625772, 46.0459118 ], [ 6.2619066, 46.0455078 ], [ 6.2617055, 46.0454445 ], [ 6.261397, 46.0454184 ], [ 6.2609088, 46.0453793 ], [ 6.2604743, 46.0452546 ], [ 6.2604341, 46.0454091 ] ] ] } },
{ "type": "Feature", "properties": { "Aire": "RRN C", "NomUsuel": "ASF_A_499 - Aire de Baun� Est", "Nature": "R", "GVO": "ASF", "Surface": 48016.51139, "Réseau": "C", "Axe": "A11", "id_aire": "A000599" }, "geometry": { "type": "Polygon", "coordinates": [ [ [ -0.371266, 47.51911 ], [ -0.3692904, 47.5194714 ], [ -0.3635627, 47.5205192 ], [ -0.3635681, 47.5203055 ], [ -0.3642547, 47.5200954 ], [ -0.3645955, 47.5198051 ], [ -0.3650932, 47.5189756 ], [ -0.3665722, 47.5187622 ], [ -0.3676987, 47.5188926 ], [ -0.3695011, 47.5188781 ], [ -0.3710353, 47.5188491 ], [ -0.371266, 47.51911 ] ] ] } },
{ "type": "Feature", "properties": { "Aire": "RRN C", "NomUsuel": "Centre Routier Paris Sud Est", "Nature": "S", "GVO": "APRR", "Surface": 103655.7219, "Réseau": "C", "Axe": "A105", "id_aire": "A000600" }, "geometry": { "type": "Polygon", "coordinates": [ [ [ 2.6252255, 48.6153708 ], [ 2.6265854, 48.6182948 ], [ 2.6267034, 48.61841 ], [ 2.626926, 48.6184951 ], [ 2.6272505, 48.6185129 ], [ 2.6275402, 48.6184295 ], [ 2.627736, 48.6183019 ], [ 2.6277736, 48.6181192 ], [ 2.6276877, 48.6178196 ], [ 2.6275107, 48.6173834 ], [ 2.6279211, 48.6172504 ], [ 2.6286399, 48.6173692 ], [ 2.6288277, 48.6173284 ], [ 2.6290047, 48.6173639 ], [ 2.6292998, 48.6173248 ], [ 2.6298603, 48.6171262 ], [ 2.6301607, 48.6169525 ], [ 2.6303807, 48.616667 ], [ 2.6304558, 48.6164276 ], [ 2.6304424, 48.6161315 ], [ 2.6303539, 48.6159258 ], [ 2.6301956, 48.6157236 ], [ 2.6300213, 48.6155304 ], [ 2.6298121, 48.6154062 ], [ 2.629391, 48.6152821 ], [ 2.62934, 48.6151881 ], [ 2.6291683, 48.6150995 ], [ 2.629171, 48.614728 ], [ 2.6289307, 48.6147257 ], [ 2.6286989, 48.6147235 ], [ 2.6286802, 48.6146225 ], [ 2.628825, 48.6143813 ], [ 2.6287741, 48.6143546 ], [ 2.6287282, 48.6143306 ], [ 2.6286829, 48.6143104 ], [ 2.6286761, 48.6142855 ], [ 2.6284954, 48.6142087 ], [ 2.6281008, 48.6141455 ], [ 2.6275751, 48.6142146 ], [ 2.6276417, 48.6151023 ], [ 2.6276448, 48.6151438 ], [ 2.6259953, 48.6149789 ], [ 2.6257753, 48.6149807 ], [ 2.6255956, 48.6150356 ], [ 2.6253113, 48.6152094 ], [ 2.6252255, 48.6153708 ] ] ] } },
{ "type": "Feature", "properties": { "Aire": "RRN C", "NomUsuel": "Cruzeilles 2", "Nature": "P", "GVO": "ADELAC", "Surface": 592.77446, "Réseau": "C", "Axe": "A410", "id_aire": "A000601" }, "geometry": { "type": "Polygon", "coordinates": [ [ [ 6.1286786, 45.9902831 ], [ 6.1286451, 45.9903753 ], [ 6.1285552, 45.9907639 ], [ 6.1285445, 45.990953 ], [ 6.12868, 45.9908328 ], [ 6.1287041, 45.9907806 ], [ 6.1287028, 45.9907229 ], [ 6.1287497, 45.9905142 ], [ 6.1287323, 45.9904815 ], [ 6.1287202, 45.9904517 ], [ 6.1287282, 45.9904228 ], [ 6.1287215, 45.9903995 ], [ 6.1286786, 45.9902831 ] ] ] } },
{ "type": "Feature", "properties": { "Aire": "RRN C", "NomUsuel": "Saint-Avold A Nord", "Nature": "P", "GVO": "SANEF", "Surface": 3980.48038, "Réseau": "C", "Axe": "A4", "id_aire": "A000602" }, "geometry": { "type": "Polygon", "coordinates": [ [ [ 6.6982098, 49.1361915 ], [ 6.6988498, 49.1364779 ], [ 6.6997718, 49.1365375 ], [ 6.7005665, 49.1365668 ], [ 6.7005961, 49.1364182 ], [ 6.6998017, 49.1363279 ], [ 6.6982557, 49.1361143 ], [ 6.698238, 49.1361441 ], [ 6.6982098, 49.1361915 ] ] ] } },
{ "type": "Feature", "properties": { "Aire": "RRN C", "NomUsuel": "Saint-Avold A Sud", "Nature": "P", "GVO": "SANEF", "Surface": 5171.53379, "Réseau": "C", "Axe": "A4", "id_aire": "A000603" }, "geometry": { "type": "Polygon", "coordinates": [ [ [ 6.7039646, 49.1357226 ], [ 6.703974, 49.1356614 ], [ 6.703825, 49.1355995 ], [ 6.7035252, 49.1353403 ], [ 6.7019907, 49.1353145 ], [ 6.7018279, 49.1355104 ], [ 6.7018352, 49.1355283 ], [ 6.7018709, 49.1356153 ], [ 6.7028527, 49.1356677 ], [ 6.7029858, 49.1356752 ], [ 6.7038343, 49.1357299 ], [ 6.7039606, 49.1357374 ], [ 6.7039646, 49.1357226 ] ] ] } },
{ "type": "Feature", "properties": { "Aire": "RRN C", "NomUsuel": "Yvetot Entree", "Nature": "P", "GVO": "SAPN", "Surface": 5171.40577, "Réseau": "C", "Axe": "A150", "id_aire": "A000604" }, "geometry": { "type": "Polygon", "coordinates": [ [ [ 0.8063663, 49.6271915 ], [ 0.8076521, 49.6268716 ], [ 0.8078136, 49.6268271 ], [ 0.8072238, 49.6264661 ], [ 0.8061046, 49.6267783 ], [ 0.8063663, 49.6271915 ] ] ] } },
{ "type": "Feature", "properties": { "Aire": "RRN C", "NomUsuel": "Chantemerle", "Nature": "R", "GVO": "COFIROUTE", "Surface": 38989.6554, "Réseau": "C", "Axe": "A28", "id_aire": "A000605" }, "geometry": { "type": "Polygon", "coordinates": [ [ [ 0.6129759, 47.5421497 ], [ 0.6155391, 47.5390474 ], [ 0.6165144, 47.537939 ], [ 0.616723, 47.5376809 ], [ 0.6166318, 47.5376393 ], [ 0.6165673, 47.537593 ], [ 0.6152264, 47.5383817 ], [ 0.614961, 47.5386719 ], [ 0.6131468, 47.5394386 ], [ 0.6126919, 47.5396156 ], [ 0.6124916, 47.5396817 ], [ 0.6134641, 47.5411285 ], [ 0.6129759, 47.5421497 ] ] ] } },
{ "type": "Feature", "properties": { "Aire": "RRN C", "NomUsuel": "LA VENDEE Est", "Nature": "S", "GVO": "ASF", "Surface": 115663.9618, "Réseau": "C", "Axe": "A83", "id_aire": "A000606" }, "geometry": { "type": "Polygon", "coordinates": [ [ [ -1.1115744, 46.5701656 ], [ -1.1148743, 46.5754105 ], [ -1.11483, 46.5754529 ], [ -1.1140394, 46.5752851 ], [ -1.110971, 46.5744536 ], [ -1.1090934, 46.5728273 ], [ -1.1105794, 46.5708654 ], [ -1.1109147, 46.5711199 ], [ -1.1112043, 46.5707917 ], [ -1.1112312, 46.5705538 ], [ -1.1114577, 46.5702595 ], [ -1.1115744, 46.5701656 ] ] ] } },
{ "type": "Feature", "properties": { "Aire": "RRN C", "NomUsuel": "Annebault", "Nature": "R", "GVO": "SAPN", "Surface": 10061.98412, "Réseau": "C", "Axe": "A13", "id_aire": "A000607" }, "geometry": { "type": "Polygon", "coordinates": [ [ [ 0.0565047, 49.2478889 ], [ 0.0565109, 49.2478553 ], [ 0.0565248, 49.247834 ], [ 0.0563257, 49.2478199 ], [ 0.0561266, 49.2478131 ], [ 0.0557068, 49.2478131 ], [ 0.0555781, 49.2478166 ], [ 0.0553796, 49.2477991 ], [ 0.0551972, 49.2477886 ], [ 0.0550872, 49.2477659 ], [ 0.0549477, 49.2477151 ], [ 0.0547358, 49.2476608 ], [ 0.0545883, 49.2476118 ], [ 0.054414, 49.247561 ], [ 0.0542079, 49.2474954 ], [ 0.0540277, 49.2474542 ], [ 0.053761, 49.2473867 ], [ 0.0536334, 49.2473316 ], [ 0.0534269, 49.2472091 ], [ 0.0533465, 49.2471443 ], [ 0.0532125, 49.2471298 ], [ 0.0523124, 49.2466884 ], [ 0.0519603, 49.246591 ], [ 0.0519364, 49.2466886 ], [ 0.0521556, 49.2467661 ], [ 0.0535156, 49.2474343 ], [ 0.0539634, 49.2476477 ], [ 0.0539057, 49.2476766 ], [ 0.0539647, 49.247737 ], [ 0.0540733, 49.2478088 ], [ 0.0542584, 49.2478718 ], [ 0.0544395, 49.2479979 ], [ 0.0545534, 49.2480705 ], [ 0.0546312, 49.2480837 ], [ 0.0546956, 49.2480723 ], [ 0.0548243, 49.248102 ], [ 0.0550094, 49.2481161 ], [ 0.0551248, 49.2481598 ], [ 0.0551999, 49.2482491 ], [ 0.0554064, 49.2482491 ], [ 0.0556065, 49.2482921 ], [ 0.0556844, 49.2482551 ], [ 0.055783, 49.2482643 ], [ 0.0559482, 49.2481301 ], [ 0.0560702, 49.2480556 ], [ 0.0565047, 49.2478889 ] ] ] } },
{ "type": "Feature", "properties": { "Aire": "RRN C", "NomUsuel": "Beaumont-en-Auge", "Nature": "R", "GVO": "SAPN", "Surface": 8706.74877, "Réseau": "C", "Axe": "A13", "id_aire": "A000608" }, "geometry": { "type": "Polygon", "coordinates": [ [ [ 0.086643, 49.2556548 ], [ 0.0861121, 49.2558107 ], [ 0.086057, 49.2558509 ], [ 0.0860051, 49.2558761 ], [ 0.0859413, 49.2558835 ], [ 0.0858774, 49.2558742 ], [ 0.085708, 49.2558903 ], [ 0.0855316, 49.2559039 ], [ 0.085305, 49.2559061 ], [ 0.0852084, 49.2559052 ], [ 0.0849335, 49.2558995 ], [ 0.0848834, 49.2558965 ], [ 0.0847498, 49.2558886 ], [ 0.0847408, 49.2559126 ], [ 0.0847377, 49.2559433 ], [ 0.085028, 49.2559691 ], [ 0.0852393, 49.2559857 ], [ 0.0853687, 49.2560041 ], [ 0.0855403, 49.2560334 ], [ 0.0878263, 49.2564934 ], [ 0.0879208, 49.2565157 ], [ 0.087997, 49.2565358 ], [ 0.0880221, 49.2565424 ], [ 0.0881099, 49.2565722 ], [ 0.0882863, 49.2566396 ], [ 0.0883034, 49.2566272 ], [ 0.0883265, 49.2566006 ], [ 0.0880656, 49.2564978 ], [ 0.0880006, 49.2564672 ], [ 0.0879362, 49.2564304 ], [ 0.0878678, 49.2563823 ], [ 0.0878195, 49.2563394 ], [ 0.087632, 49.2561411 ], [ 0.0875446, 49.2560488 ], [ 0.0874548, 49.2559586 ], [ 0.087383, 49.2558921 ], [ 0.0872549, 49.2557779 ], [ 0.0872167, 49.2557958 ], [ 0.087151, 49.2557472 ], [ 0.0871161, 49.2557236 ], [ 0.0870893, 49.2557083 ], [ 0.0870538, 49.2556903 ], [ 0.0870189, 49.2556789 ], [ 0.0869653, 49.2556663 ], [ 0.0869143, 49.2556566 ], [ 0.08686, 49.2556487 ], [ 0.0868104, 49.2556439 ], [ 0.0867621, 49.2556422 ], [ 0.0867192, 49.2556435 ], [ 0.0866803, 49.2556487 ], [ 0.086643, 49.2556548 ] ] ] } },
{ "type": "Feature", "properties": { "Aire": "RRN C", "NomUsuel": "Epretot Est", "Nature": "P", "GVO": "SAPN", "Surface": 4434.95424, "Réseau": "C", "Axe": "A29", "id_aire": "A000609" }, "geometry": { "type": "Polygon", "coordinates": [ [ [ 0.3367142, 49.5540921 ], [ 0.3371762, 49.5534045 ], [ 0.3369772, 49.5533166 ], [ 0.3367963, 49.5532418 ], [ 0.3366919, 49.5531532 ], [ 0.3362355, 49.5524825 ], [ 0.3361252, 49.5525008 ], [ 0.3360846, 49.5525079 ], [ 0.3366704, 49.553982 ], [ 0.3367142, 49.5540921 ] ] ] } },
{ "type": "Feature", "properties": { "Aire": "RRN C", "NomUsuel": "Bolbec Entree nord", "Nature": "P", "GVO": "SAPN", "Surface": 3018.36167, "Réseau": "C", "Axe": "A29", "id_aire": "A000610" }, "geometry": { "type": "Polygon", "coordinates": [ [ [ 0.44108, 49.5811196 ], [ 0.4411383, 49.581229 ], [ 0.4413074, 49.5815469 ], [ 0.4413259, 49.5815848 ], [ 0.4414838, 49.5816221 ], [ 0.4417796, 49.5816929 ], [ 0.4419465, 49.5816485 ], [ 0.4423056, 49.581554 ], [ 0.4425211, 49.581493 ], [ 0.4414598, 49.581218 ], [ 0.4413384, 49.5811865 ], [ 0.44108, 49.5811196 ] ] ] } },
{ "type": "Feature", "properties": { "Aire": "RRN C", "NomUsuel": "Bolbec Entree Sud", "Nature": "P", "GVO": "SAPN", "Surface": 2839.92192, "Réseau": "C", "Axe": "A29", "id_aire": "A000611" }, "geometry": { "type": "Polygon", "coordinates": [ [ [ 0.4437025, 49.5813255 ], [ 0.4438549, 49.5813856 ], [ 0.4445977, 49.5816946 ], [ 0.4447148, 49.5817433 ], [ 0.4448001, 49.5817788 ], [ 0.4450046, 49.5818639 ], [ 0.4449963, 49.5818292 ], [ 0.444898, 49.5814165 ], [ 0.44441, 49.5812256 ], [ 0.4443095, 49.5812398 ], [ 0.4439056, 49.5812951 ], [ 0.4437025, 49.5813255 ] ] ] } },
{ "type": "Feature", "properties": { "Aire": "RRN C", "NomUsuel": "Fecamp Entree", "Nature": "P", "GVO": "SAPN", "Surface": 3754.06838, "Réseau": "C", "Axe": "A29", "id_aire": "A000612" }, "geometry": { "type": "Polygon", "coordinates": [ [ [ 0.6429338, 49.6319907 ], [ 0.6424185, 49.6319082 ], [ 0.6421863, 49.6318711 ], [ 0.641927, 49.6318296 ], [ 0.6418613, 49.6318191 ], [ 0.6412797, 49.6318664 ], [ 0.6411991, 49.6319001 ], [ 0.6406289, 49.632138 ], [ 0.6403198, 49.6322669 ], [ 0.6406137, 49.6322356 ], [ 0.6426886, 49.6320178 ], [ 0.6429338, 49.6319907 ] ] ] } },
{ "type": "Feature", "properties": { "Aire": "RRN C", "NomUsuel": "Langres-Nord", "Nature": "P", "GVO": "APRR", "Surface": 15213.41224, "Réseau": "C", "Axe": "A31", "id_aire": "A000613" }, "geometry": { "type": "Polygon", "coordinates": [ [ [ 5.286878, 47.9356453 ], [ 5.2868539, 47.9358034 ], [ 5.2869022, 47.9358735 ], [ 5.2873796, 47.9362311 ], [ 5.2874896, 47.936267 ], [ 5.2876452, 47.9362509 ], [ 5.2881467, 47.9359418 ], [ 5.2884766, 47.935736 ], [ 5.2886577, 47.9354629 ], [ 5.2886255, 47.9352706 ], [ 5.2873152, 47.9347737 ], [ 5.2869371, 47.9348133 ], [ 5.2867761, 47.9349139 ], [ 5.2870497, 47.9351349 ], [ 5.2867413, 47.9353542 ], [ 5.2869558, 47.9354979 ], [ 5.286878, 47.9356453 ] ] ] } },
{ "type": "Feature", "properties": { "Aire": "RRN C", "NomUsuel": "Aire de Sees Est", "Nature": "R", "GVO": "ALIS", "Surface": 7680.96484, "Réseau": "C", "Axe": "A88", "id_aire": "A000614" }, "geometry": { "type": "Polygon", "coordinates": [ [ [ 0.1884849, 48.6346275 ], [ 0.1886019, 48.6347999 ], [ 0.1887136, 48.6348193 ], [ 0.1888047, 48.6347795 ], [ 0.1890027, 48.6347838 ], [ 0.1893414, 48.634665 ], [ 0.190158, 48.6341203 ], [ 0.1903512, 48.6341064 ], [ 0.1903763, 48.6340539 ], [ 0.1903532, 48.6340303 ], [ 0.1903752, 48.6339871 ], [ 0.1903919, 48.6339626 ], [ 0.1904174, 48.6339473 ], [ 0.1905128, 48.6337067 ], [ 0.1902079, 48.6335459 ], [ 0.1884849, 48.6346275 ] ] ] } },
{ "type": "Feature", "properties": { "Aire": "RRN C", "NomUsuel": "Loupershouse Nord", "Nature": "P", "GVO": "SANEF", "Surface": 14721.28505, "Réseau": "C", "Axe": "A4", "id_aire": "A000615" }, "geometry": { "type": "Polygon", "coordinates": [ [ [ 6.8970172, 49.0747684 ], [ 6.8969331, 49.0748958 ], [ 6.896775, 49.0750236 ], [ 6.8962672, 49.0751718 ], [ 6.896658, 49.07581 ], [ 6.8961019, 49.075945 ], [ 6.8953474, 49.0760577 ], [ 6.8951476, 49.0760825 ], [ 6.8939273, 49.0762569 ], [ 6.8940222, 49.0763018 ], [ 6.8942428, 49.0763725 ], [ 6.8947517, 49.0765643 ], [ 6.895914, 49.0763551 ], [ 6.8962801, 49.0761975 ], [ 6.8970168, 49.0759598 ], [ 6.8972036, 49.0758732 ], [ 6.8973906, 49.0757406 ], [ 6.8973509, 49.0757087 ], [ 6.8972573, 49.0756598 ], [ 6.8971894, 49.0756772 ], [ 6.8970987, 49.0757005 ], [ 6.8969181, 49.0757499 ], [ 6.8965552, 49.0751457 ], [ 6.8970439, 49.0750208 ], [ 6.8972158, 49.0749583 ], [ 6.8976004, 49.0748736 ], [ 6.8977286, 49.0748454 ], [ 6.8988324, 49.0745965 ], [ 6.8988174, 49.0745407 ], [ 6.8988057, 49.0744973 ], [ 6.8983192, 49.0744109 ], [ 6.8979914, 49.0744202 ], [ 6.8976047, 49.0744996 ], [ 6.897382, 49.0745778 ], [ 6.8972252, 49.0746794 ], [ 6.8969937, 49.0747147 ], [ 6.8970172, 49.0747684 ] ] ] } },
{ "type": "Feature", "properties": { "Aire": "RRN C", "NomUsuel": "ASF_A_475 - Aire de Gript nord", "Nature": "R", "GVO": "ASF", "Surface": 36319.94163, "Réseau": "C", "Axe": "A10", "id_aire": "A000616" }, "geometry": { "type": "Polygon", "coordinates": [ [ [ -0.4465097, 46.225498 ], [ -0.4464585, 46.2254813 ], [ -0.4463836, 46.2254506 ], [ -0.4465891, 46.2251867 ], [ -0.4466249, 46.2251989 ], [ -0.4472712, 46.2243533 ], [ -0.4473537, 46.224316 ], [ -0.4477435, 46.2237991 ], [ -0.4481137, 46.2232889 ], [ -0.4483397, 46.2229734 ], [ -0.4485445, 46.2227034 ], [ -0.449003, 46.2221139 ], [ -0.4490133, 46.2220789 ], [ -0.4490853, 46.2219826 ], [ -0.4490764, 46.2219664 ], [ -0.449231, 46.2217711 ], [ -0.449251, 46.2217629 ], [ -0.4492603, 46.2218023 ], [ -0.4492734, 46.2218698 ], [ -0.4491071, 46.222205 ], [ -0.44917, 46.2222169 ], [ -0.4491524, 46.2224542 ], [ -0.4492068, 46.2227005 ], [ -0.4498017, 46.2228031 ], [ -0.4494677, 46.2236264 ], [ -0.4490675, 46.2246597 ], [ -0.4489011, 46.2251124 ], [ -0.4475867, 46.224847 ], [ -0.447506, 46.2248692 ], [ -0.4473193, 46.2250082 ], [ -0.4472556, 46.2249987 ], [ -0.4472277, 46.2249591 ], [ -0.4468646, 46.2252052 ], [ -0.4465097, 46.225498 ] ] ] } },
{ "type": "Feature", "properties": { "Aire": "RRN C", "NomUsuel": "ASF_A_476 - Aire de Gript Sud", "Nature": "R", "GVO": "ASF", "Surface": 45015.68495, "Réseau": "C", "Axe": "A10", "id_aire": "A000617" }, "geometry": { "type": "Polygon", "coordinates": [ [ [ -0.4505644, 46.2196982 ], [ -0.4500104, 46.2202988 ], [ -0.4494153, 46.220979 ], [ -0.448098, 46.2226681 ], [ -0.4477458, 46.2231179 ], [ -0.4476771, 46.2231324 ], [ -0.4474027, 46.2231927 ], [ -0.4472229, 46.2231093 ], [ -0.4470161, 46.2230869 ], [ -0.4469593, 46.2230663 ], [ -0.4471239, 46.2224724 ], [ -0.4472418, 46.2223666 ], [ -0.4472906, 46.2221735 ], [ -0.4473177, 46.2220968 ], [ -0.4473244, 46.2220286 ], [ -0.447378, 46.2219028 ], [ -0.4474085, 46.2218324 ], [ -0.4474119, 46.2217334 ], [ -0.4473634, 46.2216509 ], [ -0.4472935, 46.2216319 ], [ -0.4470335, 46.2205639 ], [ -0.4483361, 46.2202284 ], [ -0.4501346, 46.2197825 ], [ -0.4502336, 46.2197637 ], [ -0.450299, 46.2197707 ], [ -0.4504625, 46.2196407 ], [ -0.4504972, 46.2196595 ], [ -0.4505644, 46.2196982 ] ] ] } },
{ "type": "Feature", "properties": { "Aire": "RRN C", "NomUsuel": "Cent Septiers", "Nature": "R", "GVO": "COFIROUTE", "Surface": 35216.01526, "Réseau": "C", "Axe": "A10", "id_aire": "A000618" }, "geometry": { "type": "Polygon", "coordinates": [ [ [ 0.3245701, 46.608909 ], [ 0.3246065, 46.6093543 ], [ 0.3245982, 46.6099472 ], [ 0.3259328, 46.6110293 ], [ 0.3260897, 46.6109959 ], [ 0.3262974, 46.6109767 ], [ 0.3267802, 46.6109806 ], [ 0.3283278, 46.6108585 ], [ 0.3281238, 46.6105057 ], [ 0.3249822, 46.6088959 ], [ 0.3245701, 46.608909 ] ] ] } },
{ "type": "Feature", "properties": { "Aire": "RRN C", "NomUsuel": "Incarville Nord", "Nature": "P", "GVO": "SAPN", "Surface": 3152.81249, "Réseau": "C", "Axe": "A154", "id_aire": "A000619" }, "geometry": { "type": "Polygon", "coordinates": [ [ [ 1.1789036, 49.2482989 ], [ 1.1790563, 49.2483255 ], [ 1.1797287, 49.2484426 ], [ 1.1806108, 49.2483135 ], [ 1.1808573, 49.2479961 ], [ 1.1789036, 49.2482989 ] ] ] } },
{ "type": "Feature", "properties": { "Aire": "RRN C", "NomUsuel": "Incarville Sud", "Nature": "P", "GVO": "SAPN", "Surface": 3743.35047, "Réseau": "C", "Axe": "A154", "id_aire": "A000620" }, "geometry": { "type": "Polygon", "coordinates": [ [ [ 1.1842456, 49.2452835 ], [ 1.1843447, 49.2452351 ], [ 1.1845227, 49.2451255 ], [ 1.1847614, 49.2449561 ], [ 1.1851109, 49.2446819 ], [ 1.1852483, 49.2444818 ], [ 1.1853529, 49.2443573 ], [ 1.1851824, 49.244444 ], [ 1.1850442, 49.2444745 ], [ 1.1848613, 49.2444561 ], [ 1.1846901, 49.2444738 ], [ 1.1841005, 49.2448463 ], [ 1.18413, 49.244935 ], [ 1.1841769, 49.2450766 ], [ 1.1842146, 49.2451901 ], [ 1.1842456, 49.2452835 ] ] ] } },
{ "type": "Feature", "properties": { "Aire": "RRN C", "NomUsuel": "Champ du Carreau", "Nature": "R", "GVO": "SANEF", "Surface": 14732.52654, "Réseau": "C", "Axe": "A26", "id_aire": "A000621" }, "geometry": { "type": "Polygon", "coordinates": [ [ [ 4.1796086, 48.6348219 ], [ 4.1790586, 48.6349942 ], [ 4.1786239, 48.6352719 ], [ 4.1785441, 48.6353823 ], [ 4.1793321, 48.6371935 ], [ 4.1794825, 48.6371184 ], [ 4.1799277, 48.6348407 ], [ 4.179744, 48.6348185 ], [ 4.1796086, 48.6348219 ] ] ] } },
{ "type": "Feature", "properties": { "Aire": "RRN C", "NomUsuel": "Albenc", "Nature": "R", "GVO": "AREA", "Surface": 46085.34356, "Réseau": "C", "Axe": "A49", "id_aire": "A000622" }, "geometry": { "type": "Polygon", "coordinates": [ [ [ 5.4526071, 45.2078125 ], [ 5.4525998, 45.2078438 ], [ 5.4525842, 45.2078955 ], [ 5.4543485, 45.2082681 ], [ 5.4556093, 45.2085336 ], [ 5.456727, 45.2087327 ], [ 5.4575947, 45.2088707 ], [ 5.457639, 45.2087752 ], [ 5.4572581, 45.2087044 ], [ 5.457072, 45.208584 ], [ 5.4566582, 45.2079237 ], [ 5.4564776, 45.2075687 ], [ 5.4561551, 45.2070324 ], [ 5.4556513, 45.2067969 ], [ 5.4554878, 45.2066805 ], [ 5.4548689, 45.2065016 ], [ 5.4544069, 45.2067277 ], [ 5.4542121, 45.2068126 ], [ 5.45403, 45.2068506 ], [ 5.453896, 45.2069021 ], [ 5.453739, 45.2070528 ], [ 5.4536291, 45.2073079 ], [ 5.4533963, 45.2076521 ], [ 5.4531677, 45.2077746 ], [ 5.4526071, 45.2078125 ] ] ] } },
{ "type": "Feature", "properties": { "Aire": "RRN C", "NomUsuel": "Aire du Domaine d'Harcourt", "Nature": "S", "GVO": "ALIS", "Surface": 37321.52963, "Réseau": "C", "Axe": "A28", "id_aire": "A000623" }, "geometry": { "type": "Polygon", "coordinates": [ [ [ 0.7720686, 49.2436283 ], [ 0.772093, 49.2439453 ], [ 0.7724859, 49.2438908 ], [ 0.7744199, 49.2438333 ], [ 0.7749788, 49.2440582 ], [ 0.7756669, 49.2430159 ], [ 0.7730706, 49.2413551 ], [ 0.7728825, 49.2419458 ], [ 0.7724558, 49.2426693 ], [ 0.773647, 49.2434233 ], [ 0.7742192, 49.2435049 ], [ 0.7742578, 49.2434646 ], [ 0.774327, 49.2435438 ], [ 0.7742839, 49.243623 ], [ 0.7733305, 49.2435251 ], [ 0.7727625, 49.2436695 ], [ 0.7724056, 49.2436854 ], [ 0.7720686, 49.2436283 ] ] ] } },
{ "type": "Feature", "properties": { "Aire": "RRN C", "NomUsuel": "Lusse", "Nature": "R", "GVO": "APRR", "Surface": 4591.75375, "Réseau": "C", "Axe": "N159", "id_aire": "A000624" }, "geometry": { "type": "Polygon", "coordinates": [ [ [ 7.1081177, 48.2902806 ], [ 7.1080475, 48.2903565 ], [ 7.108424, 48.2905119 ], [ 7.1085759, 48.2905519 ], [ 7.1096113, 48.2906674 ], [ 7.1098214, 48.2906532 ], [ 7.1105342, 48.2903864 ], [ 7.1104956, 48.2903121 ], [ 7.1098884, 48.2903576 ], [ 7.1094041, 48.2903623 ], [ 7.1090303, 48.2903483 ], [ 7.1083599, 48.2902876 ], [ 7.1081177, 48.2902806 ] ] ] } },
{ "type": "Feature", "properties": { "Aire": "RRN C", "NomUsuel": "Lusse", "Nature": "R", "GVO": "APRR", "Surface": 8005.27274, "Réseau": "C", "Axe": "N159", "id_aire": "A000625" }, "geometry": { "type": "Polygon", "coordinates": [ [ [ 7.1082327, 48.2901828 ], [ 7.1087947, 48.2902003 ], [ 7.1092737, 48.2901949 ], [ 7.1097387, 48.2901653 ], [ 7.1103883, 48.2900779 ], [ 7.1101956, 48.2895197 ], [ 7.1095412, 48.2896219 ], [ 7.1090562, 48.2896151 ], [ 7.1087498, 48.2896664 ], [ 7.1087175, 48.28996 ], [ 7.1081943, 48.2901222 ], [ 7.1082327, 48.2901828 ] ] ] } },
{ "type": "Feature", "properties": { "Aire": "RRN C", "NomUsuel": "Beuzeville Barriere Nord", "Nature": "P", "GVO": "SAPN", "Surface": 2819.23491, "Réseau": "C", "Axe": "A13", "id_aire": "A000626" }, "geometry": { "type": "Polygon", "coordinates": [ [ [ 0.3620105, 49.3376513 ], [ 0.3623237, 49.3378391 ], [ 0.3625159, 49.3379036 ], [ 0.3630432, 49.3380804 ], [ 0.3636526, 49.3382364 ], [ 0.3641275, 49.3380782 ], [ 0.3620105, 49.3376513 ] ] ] } },
{ "type": "Feature", "properties": { "Aire": "RRN C", "NomUsuel": "Beuzeville Barriere Sud", "Nature": "P", "GVO": "SAPN", "Surface": 4366.07558, "Réseau": "C", "Axe": "A13", "id_aire": "A000627" }, "geometry": { "type": "Polygon", "coordinates": [ [ [ 0.3652293, 49.3375356 ], [ 0.3673477, 49.3378929 ], [ 0.3672122, 49.3377825 ], [ 0.3668387, 49.337478 ], [ 0.3661099, 49.3373485 ], [ 0.3660544, 49.3373387 ], [ 0.3659098, 49.337313 ], [ 0.3657529, 49.3372851 ], [ 0.3655201, 49.3373519 ], [ 0.3655205, 49.3373965 ], [ 0.3652293, 49.3375356 ] ] ] } },
{ "type": "Feature", "properties": { "Aire": "RRN C", "NomUsuel": "Herquelingue Ouest", "Nature": "P", "GVO": "SANEF", "Surface": 12129.46913, "Réseau": "C", "Axe": "A16", "id_aire": "A000628" }, "geometry": { "type": "Polygon", "coordinates": [ [ [ 1.6434887, 50.6868591 ], [ 1.6425177, 50.6869126 ], [ 1.6421235, 50.6871344 ], [ 1.6417345, 50.6874657 ], [ 1.6416004, 50.6876544 ], [ 1.641638, 50.6881692 ], [ 1.6414449, 50.6883715 ], [ 1.6410667, 50.6883596 ], [ 1.6409406, 50.6886026 ], [ 1.640946, 50.6889985 ], [ 1.6409231, 50.6890507 ], [ 1.6411089, 50.6890945 ], [ 1.6411485, 50.6891038 ], [ 1.6416205, 50.6885167 ], [ 1.6419672, 50.6881238 ], [ 1.6430797, 50.6872601 ], [ 1.6433962, 50.6869963 ], [ 1.6434887, 50.6868591 ] ] ] } },
{ "type": "Feature", "properties": { "Aire": "RRN C", "NomUsuel": "Herquelingue Est", "Nature": "P", "GVO": "SANEF", "Surface": 22924.41677, "Réseau": "C", "Axe": "A16", "id_aire": "A000629" }, "geometry": { "type": "Polygon", "coordinates": [ [ [ 1.6431507, 50.6884802 ], [ 1.6427189, 50.6885278 ], [ 1.6421134, 50.6892402 ], [ 1.641807, 50.6896102 ], [ 1.6409332, 50.6906353 ], [ 1.640714, 50.6908846 ], [ 1.6408092, 50.6909492 ], [ 1.6411015, 50.690922 ], [ 1.6417788, 50.6908031 ], [ 1.641929, 50.6908727 ], [ 1.6426787, 50.6906246 ], [ 1.6427042, 50.6901863 ], [ 1.6431373, 50.6901812 ], [ 1.6431132, 50.689702 ], [ 1.6433439, 50.6895711 ], [ 1.6431668, 50.6893451 ], [ 1.6430676, 50.6891803 ], [ 1.6430515, 50.688854 ], [ 1.6431507, 50.6884802 ] ] ] } },
{ "type": "Feature", "properties": { "Aire": "RRN C", "NomUsuel": "Isques", "Nature": "P", "GVO": "SANEF", "Surface": 10244.632, "Réseau": "C", "Axe": "A16", "id_aire": "A000630" }, "geometry": { "type": "Polygon", "coordinates": [ [ [ 1.6595042, 50.673718 ], [ 1.6595685, 50.6736772 ], [ 1.6591702, 50.6724082 ], [ 1.6590375, 50.6721601 ], [ 1.6590055, 50.67216 ], [ 1.6587601, 50.671899 ], [ 1.6579087, 50.6720586 ], [ 1.6581041, 50.6721422 ], [ 1.658383, 50.6726318 ], [ 1.6586432, 50.6733661 ], [ 1.6587666, 50.6733083 ], [ 1.6594586, 50.6736177 ], [ 1.6595042, 50.673718 ] ] ] } },
{ "type": "Feature", "properties": { "Aire": "RRN C", "NomUsuel": "Falaises de Widehem Ouest 2", "Nature": "R", "GVO": "SANEF", "Surface": 23264.31421, "Réseau": "C", "Axe": "A16", "id_aire": "A000631" }, "geometry": { "type": "Polygon", "coordinates": [ [ [ 1.6389315, 50.5771536 ], [ 1.6391859, 50.5770136 ], [ 1.6394761, 50.5766401 ], [ 1.639102, 50.5763633 ], [ 1.6390604, 50.5762935 ], [ 1.6390926, 50.5762236 ], [ 1.6389222, 50.5761487 ], [ 1.6385186, 50.575814 ], [ 1.6384193, 50.5757578 ], [ 1.6382329, 50.5757373 ], [ 1.6380478, 50.5757407 ], [ 1.6378306, 50.5757782 ], [ 1.6375892, 50.5758693 ], [ 1.6373491, 50.5760141 ], [ 1.637211, 50.5761219 ], [ 1.6370729, 50.576273 ], [ 1.6370427, 50.5763965 ], [ 1.6370206, 50.5765566 ], [ 1.6370367, 50.5767355 ], [ 1.6370594, 50.5768488 ], [ 1.6371748, 50.5769986 ], [ 1.637439, 50.5772073 ], [ 1.6376723, 50.5773427 ], [ 1.6380894, 50.5774952 ], [ 1.6383255, 50.5774994 ], [ 1.6385521, 50.5774126 ], [ 1.6389315, 50.5771536 ] ] ] } },
{ "type": "Feature", "properties": { "Aire": "RRN C", "NomUsuel": "Ferrieres", "Nature": "S", "GVO": "SANEF", "Surface": 35308.63891, "Réseau": "C", "Axe": "A4", "id_aire": "A000632" }, "geometry": { "type": "Polygon", "coordinates": [ [ [ 2.7423114, 48.8279405 ], [ 2.7409741, 48.827827 ], [ 2.7403521, 48.8286011 ], [ 2.7401879, 48.8287539 ], [ 2.7399501, 48.8288522 ], [ 2.7399043, 48.8289455 ], [ 2.7398827, 48.8289955 ], [ 2.7443454, 48.8294019 ], [ 2.744404, 48.8293629 ], [ 2.7444804, 48.8293133 ], [ 2.7441675, 48.8291555 ], [ 2.7440824, 48.8290061 ], [ 2.7440221, 48.8286209 ], [ 2.7440859, 48.8283477 ], [ 2.7433376, 48.8281843 ], [ 2.7428553, 48.8281656 ], [ 2.7423286, 48.8281598 ], [ 2.7423114, 48.8279405 ] ] ] } },
{ "type": "Feature", "properties": { "Aire": "RRN C", "NomUsuel": "Dole Audelange", "Nature": "S", "GVO": "APRR", "Surface": 64985.99812, "Réseau": "C", "Axe": "A36", "id_aire": "A000633" }, "geometry": { "type": "Polygon", "coordinates": [ [ [ 5.5809458, 47.1464121 ], [ 5.5806698, 47.1466232 ], [ 5.580062, 47.1465174 ], [ 5.5797954, 47.146688 ], [ 5.579672, 47.1467195 ], [ 5.5796733, 47.1467322 ], [ 5.5796975, 47.1467537 ], [ 5.5793474, 47.1469813 ], [ 5.5793126, 47.1470031 ], [ 5.5792737, 47.1470036 ], [ 5.5790209, 47.1471336 ], [ 5.5787641, 47.1472134 ], [ 5.5785844, 47.1472243 ], [ 5.5785427, 47.1473145 ], [ 5.5784586, 47.1474901 ], [ 5.5818161, 47.1479817 ], [ 5.5850056, 47.1483717 ], [ 5.5851237, 47.148358 ], [ 5.5857258, 47.1482887 ], [ 5.5851868, 47.1474169 ], [ 5.5835309, 47.146979 ], [ 5.582255, 47.1466251 ], [ 5.5816086, 47.1465211 ], [ 5.5809458, 47.1464121 ] ] ] } },
{ "type": "Feature", "properties": { "Aire": "RRN C", "NomUsuel": "TERRES DE GRAVES SUD", "Nature": "S", "GVO": "ASF", "Surface": 119171.0436, "Réseau": "C", "Axe": "A62", "id_aire": "A000634" }, "geometry": { "type": "Polygon", "coordinates": [ [ [ -0.4382624, 44.6479575 ], [ -0.4329624, 44.6440035 ], [ -0.4346439, 44.6435957 ], [ -0.4370355, 44.6431325 ], [ -0.4388201, 44.6445403 ], [ -0.4381072, 44.6475349 ], [ -0.4382624, 44.6479575 ] ] ] } },
{ "type": "Feature", "properties": { "Aire": "RRN C", "NomUsuel": "Aire de la Baie de Somme", "Nature": "S", "GVO": "SANEF", "Surface": 156415.3526, "Réseau": "C", "Axe": "A16", "id_aire": "A000635" }, "geometry": { "type": "Polygon", "coordinates": [ [ [ 1.7563963, 50.1668449 ], [ 1.756324, 50.1668292 ], [ 1.7557955, 50.1667143 ], [ 1.7551303, 50.1666112 ], [ 1.7543261, 50.1661737 ], [ 1.7536336, 50.1657968 ], [ 1.753258, 50.1656637 ], [ 1.7526143, 50.1662042 ], [ 1.7524305, 50.1667943 ], [ 1.7521482, 50.1685944 ], [ 1.7525124, 50.170652 ], [ 1.7531879, 50.1709654 ], [ 1.7541452, 50.1714096 ], [ 1.754508, 50.171578 ], [ 1.7554146, 50.1704338 ], [ 1.7562246, 50.169501 ], [ 1.7568147, 50.1688705 ], [ 1.7570427, 50.1686128 ], [ 1.7571768, 50.1683568 ], [ 1.75726, 50.1680166 ], [ 1.7572573, 50.167795 ], [ 1.7571312, 50.1674307 ], [ 1.7569649, 50.1671988 ], [ 1.7568147, 50.1670527 ], [ 1.7565948, 50.1668603 ], [ 1.7563963, 50.1668449 ] ] ] } },
{ "type": "Feature", "properties": { "Aire": "RRN C", "NomUsuel": "Lyon Dagneux", "Nature": "S", "GVO": "APRR", "Surface": 58555.90975, "Réseau": "C", "Axe": "A42", "id_aire": "A000636" }, "geometry": { "type": "Polygon", "coordinates": [ [ [ 5.0685488, 45.8432616 ], [ 5.0687721, 45.8432192 ], [ 5.0689497, 45.8432278 ], [ 5.0690443, 45.8433972 ], [ 5.0689118, 45.8434502 ], [ 5.0688846, 45.8434459 ], [ 5.0688292, 45.8434628 ], [ 5.0687716, 45.8435571 ], [ 5.0707226, 45.8440315 ], [ 5.0717841, 45.8442828 ], [ 5.0725688, 45.8445249 ], [ 5.0727559, 45.8431685 ], [ 5.0727039, 45.8430773 ], [ 5.0726399, 45.8429934 ], [ 5.0724943, 45.8429042 ], [ 5.0690701, 45.8420739 ], [ 5.0689659, 45.8420502 ], [ 5.0688493, 45.8420509 ], [ 5.0687326, 45.8420691 ], [ 5.0679573, 45.84253 ], [ 5.0678634, 45.8427483 ], [ 5.0679786, 45.8429985 ], [ 5.0679824, 45.8430294 ], [ 5.0679999, 45.8430577 ], [ 5.0680224, 45.8430848 ], [ 5.06806, 45.843107 ], [ 5.0682417, 45.8432304 ], [ 5.0683176, 45.8432499 ], [ 5.0683965, 45.8432615 ], [ 5.0685488, 45.8432616 ] ] ] } },
{ "type": "Feature", "properties": { "Aire": "RRN C", "NomUsuel": "Darvault", "Nature": "S", "GVO": "APRR", "Surface": 63349.0485, "Réseau": "C", "Axe": "A6", "id_aire": "A000637" }, "geometry": { "type": "Polygon", "coordinates": [ [ [ 2.7226111, 48.2648884 ], [ 2.7229142, 48.264734 ], [ 2.7234216, 48.2645885 ], [ 2.7255976, 48.2623061 ], [ 2.7247121, 48.2611156 ], [ 2.724758, 48.2609999 ], [ 2.7243158, 48.260927 ], [ 2.7242406, 48.2610324 ], [ 2.7232298, 48.2623197 ], [ 2.722995, 48.2626194 ], [ 2.7228201, 48.2627797 ], [ 2.7222553, 48.2634698 ], [ 2.72104, 48.2649658 ], [ 2.7214793, 48.2651838 ], [ 2.7224569, 48.2649634 ], [ 2.7225044, 48.2649552 ], [ 2.7225709, 48.2649438 ], [ 2.7226111, 48.2648884 ] ] ] } },
{ "type": "Feature", "properties": { "Aire": "RRN C", "NomUsuel": "Besancon Champoux", "Nature": "S", "GVO": "APRR", "Surface": 97920.19827, "Réseau": "C", "Axe": "A36", "id_aire": "A000638" }, "geometry": { "type": "Polygon", "coordinates": [ [ [ 6.1320247, 47.3300269 ], [ 6.1295861, 47.3294532 ], [ 6.1272238, 47.328671 ], [ 6.1247747, 47.3277841 ], [ 6.1223546, 47.3268575 ], [ 6.1215529, 47.3265911 ], [ 6.1212762, 47.3267275 ], [ 6.1225735, 47.3272217 ], [ 6.1226624, 47.3281121 ], [ 6.1230165, 47.3282448 ], [ 6.1231425, 47.3283394 ], [ 6.1229655, 47.3285375 ], [ 6.1231257, 47.3285691 ], [ 6.1252208, 47.3293935 ], [ 6.1252054, 47.3296303 ], [ 6.1251197, 47.3297763 ], [ 6.1253998, 47.3298666 ], [ 6.125745, 47.3299822 ], [ 6.1267645, 47.3303816 ], [ 6.1270385, 47.3304763 ], [ 6.1281435, 47.3304262 ], [ 6.1287402, 47.3303789 ], [ 6.1287654, 47.3303558 ], [ 6.1287839, 47.3303132 ], [ 6.1288141, 47.3302798 ], [ 6.1288355, 47.3302562 ], [ 6.1288787, 47.3302503 ], [ 6.1304823, 47.3300649 ], [ 6.1316359, 47.3301791 ], [ 6.1320248, 47.3302176 ], [ 6.1320152, 47.3301042 ], [ 6.1320247, 47.3300269 ] ] ] } },
{ "type": "Feature", "properties": { "Aire": "RRN C", "NomUsuel": "Besancon Marchaux", "Nature": "S", "GVO": "APRR", "Surface": 116522.1281, "Réseau": "C", "Axe": "A36", "id_aire": "A000639" }, "geometry": { "type": "Polygon", "coordinates": [ [ [ 6.1268609, 47.3262657 ], [ 6.1266309, 47.3265815 ], [ 6.1262518, 47.3264973 ], [ 6.1257755, 47.3264632 ], [ 6.1251012, 47.3263996 ], [ 6.1247121, 47.3263086 ], [ 6.1244237, 47.3261745 ], [ 6.1239842, 47.3261085 ], [ 6.1227415, 47.3257514 ], [ 6.1223915, 47.3256651 ], [ 6.1220579, 47.3256453 ], [ 6.1217997, 47.3256703 ], [ 6.1214173, 47.3258021 ], [ 6.1213269, 47.3258523 ], [ 6.1212869, 47.3258745 ], [ 6.1212435, 47.3258919 ], [ 6.121163, 47.325917 ], [ 6.1210377, 47.3259252 ], [ 6.1208793, 47.3259252 ], [ 6.120621, 47.3258593 ], [ 6.1204684, 47.3258109 ], [ 6.1202, 47.3257257 ], [ 6.1192147, 47.3254841 ], [ 6.1186192, 47.3253932 ], [ 6.1185857, 47.3255722 ], [ 6.1208603, 47.3261202 ], [ 6.1224728, 47.3266313 ], [ 6.1256958, 47.3278275 ], [ 6.125748, 47.3278182 ], [ 6.1262172, 47.3279945 ], [ 6.1265092, 47.3281386 ], [ 6.1278827, 47.3286376 ], [ 6.127982, 47.3285976 ], [ 6.1280645, 47.3286408 ], [ 6.1282725, 47.3287272 ], [ 6.1297233, 47.3291576 ], [ 6.1307051, 47.3294179 ], [ 6.1308527, 47.3291233 ], [ 6.1308527, 47.3290523 ], [ 6.1309117, 47.3288577 ], [ 6.1306773, 47.3287207 ], [ 6.1306139, 47.3285414 ], [ 6.1304502, 47.3280783 ], [ 6.1304232, 47.3280148 ], [ 6.1302541, 47.3276019 ], [ 6.1268609, 47.3262657 ] ] ] } },
{ "type": "Feature", "properties": { "Aire": "RRN C", "NomUsuel": "GARONNE 2", "Nature": "S", "GVO": "ASF", "Surface": 67526.90259, "Réseau": "C", "Axe": "A62", "id_aire": "A000640" }, "geometry": { "type": "Polygon", "coordinates": [ [ [ 1.0006274, 44.0427064 ], [ 1.002541183563009, 44.042310238190566 ], [ 1.003145692265344, 44.042067923042751 ], [ 1.003884405383481, 44.041336714513157 ], [ 1.004564121781922, 44.040466237192362 ], [ 1.006227625180347, 44.040373720888248 ], [ 1.007543627108161, 44.040175050500395 ], [ 1.007443711026115, 44.039988980026777 ], [ 1.0072795, 44.0397521 ], [ 1.007164, 44.0395533 ], [ 1.006778, 44.039536 ], [ 1.0050838, 44.0399061 ], [ 1.0047192, 44.0400591 ], [ 1.004604, 44.0401491 ], [ 1.0045169, 44.040117 ], [ 1.0042435, 44.0401354 ], [ 1.0041834, 44.040213 ], [ 1.0041347, 44.0402765 ], [ 1.0038515, 44.0401645 ], [ 1.0038815, 44.040126 ], [ 1.0036831, 44.040063 ], [ 1.0033089, 44.0400318 ], [ 1.0031807, 44.0400942 ], [ 1.0033237, 44.0404168 ], [ 1.0027333, 44.0407015 ], [ 1.001509, 44.0409391 ], [ 1.0008043, 44.0419155 ], [ 1.000145204744795, 44.042043845370308 ], [ 0.9990451, 44.0422808 ], [ 0.9990458, 44.0423389 ], [ 0.9990466, 44.0423746 ], [ 0.9990487, 44.0424897 ], [ 0.9995426, 44.0424591 ], [ 0.9998243, 44.042464 ], [ 1.0001515, 44.0425035 ], [ 1.0002427, 44.042544 ], [ 1.0003218, 44.0426336 ], [ 1.000417, 44.0426789 ], [ 1.0006274, 44.0427064 ] ] ] } },
{ "type": "Feature", "properties": { "Aire": "RRN C", "NomUsuel": "Bolleville Sud", "Nature": "S", "GVO": "SAPN", "Surface": 93346.15933, "Réseau": "C", "Axe": "A29", "id_aire": "A000641" }, "geometry": { "type": "Polygon", "coordinates": [ [ [ 0.5469327, 49.6124161 ], [ 0.546322571934014, 49.614086287069064 ], [ 0.545870004324464, 49.614568299498004 ], [ 0.544642526609511, 49.614954545606679 ], [ 0.545790725397726, 49.615132788880558 ], [ 0.546271254114717, 49.615111486768114 ], [ 0.5488054, 49.615451 ], [ 0.5496947, 49.6155535 ], [ 0.5507639, 49.6133566 ], [ 0.5504018, 49.6131325 ], [ 0.549637, 49.6126591 ], [ 0.549393, 49.6125081 ], [ 0.5491876, 49.6124622 ], [ 0.5478362, 49.6124778 ], [ 0.5478346, 49.6124533 ], [ 0.5478309, 49.6123965 ], [ 0.5474146, 49.6124052 ], [ 0.5476137, 49.6121527 ], [ 0.5472393, 49.6120324 ], [ 0.5469327, 49.6124161 ] ] ] } },
{ "type": "Feature", "properties": { "Aire": "RRN C", "NomUsuel": "Aire de Mougins", "Nature": "S", "GVO": "ESCOTA", "Surface": 29242.65097, "Réseau": "C", "Axe": "A8", "id_aire": "A000642" }, "geometry": { "type": "Polygon", "coordinates": [ [ [ 7.0370485, 43.5924846 ], [ 7.0371065, 43.5924456 ], [ 7.0372183, 43.5923755 ], [ 7.0369471, 43.5921838 ], [ 7.0368453, 43.5921026 ], [ 7.0365781, 43.5918896 ], [ 7.036199, 43.5915668 ], [ 7.0358639, 43.5912619 ], [ 7.0353999, 43.5908414 ], [ 7.0348485, 43.5903604 ], [ 7.0348252, 43.5903697 ], [ 7.0347453, 43.5904248 ], [ 7.0347096, 43.5904487 ], [ 7.034709, 43.5904805 ], [ 7.0346735, 43.5905236 ], [ 7.0346307, 43.5905545 ], [ 7.0345908, 43.5905735 ], [ 7.034517, 43.5905851 ], [ 7.0344262, 43.5905968 ], [ 7.0343692, 43.5906061 ], [ 7.0343163, 43.5906245 ], [ 7.0342583, 43.5906565 ], [ 7.0337869, 43.5909227 ], [ 7.0337708, 43.5909393 ], [ 7.033685, 43.5910276 ], [ 7.0335885, 43.5911636 ], [ 7.0334908, 43.5912043 ], [ 7.0333168, 43.591243 ], [ 7.0330681, 43.5912724 ], [ 7.0329004, 43.5912882 ], [ 7.0328093, 43.5913313 ], [ 7.0327267, 43.5914132 ], [ 7.0326903, 43.5914778 ], [ 7.0327072, 43.5915389 ], [ 7.0328509, 43.5916109 ], [ 7.0329995, 43.5916658 ], [ 7.0331747, 43.5916922 ], [ 7.0333638, 43.5917038 ], [ 7.0335455, 43.5916813 ], [ 7.0337049, 43.5916391 ], [ 7.0339075, 43.5915385 ], [ 7.0341119, 43.5913943 ], [ 7.0342397, 43.5912925 ], [ 7.0343091, 43.5912384 ], [ 7.0344743, 43.5911858 ], [ 7.0344839, 43.5911828 ], [ 7.0346167, 43.5911558 ], [ 7.0346688, 43.5911334 ], [ 7.0346954, 43.59111 ], [ 7.0347246, 43.5910696 ], [ 7.0347733, 43.590961 ], [ 7.0348079, 43.5908913 ], [ 7.0348413, 43.5908536 ], [ 7.0349098, 43.590814 ], [ 7.0350792, 43.590726 ], [ 7.035137, 43.5907852 ], [ 7.0349497, 43.5908927 ], [ 7.034889, 43.59093 ], [ 7.0348537, 43.5909946 ], [ 7.0348334, 43.5911022 ], [ 7.0348341, 43.591177 ], [ 7.0348526, 43.5912348 ], [ 7.0349203, 43.5913735 ], [ 7.0350426, 43.5916487 ], [ 7.0351811, 43.5919401 ], [ 7.0353459, 43.5922538 ], [ 7.0353497, 43.5922602 ], [ 7.0353529, 43.5922655 ], [ 7.0353884, 43.5923349 ], [ 7.0354451, 43.5923983 ], [ 7.0355176, 43.5924356 ], [ 7.0355652, 43.5924481 ], [ 7.0356043, 43.5924553 ], [ 7.0360502, 43.5924645 ], [ 7.0365164, 43.5924757 ], [ 7.0370485, 43.5924846 ] ] ] } },
{ "type": "Feature", "properties": { "Aire": "RRN C", "NomUsuel": "CHAVANON", "Nature": "S", "GVO": "ASF", "Surface": 76921.53148000001, "Réseau": "C", "Axe": "A89", "id_aire": "A000643" }, "geometry": { "type": "Polygon", "coordinates": [ [ [ 2.4577607, 45.6208627 ], [ 2.4552162, 45.6215392 ], [ 2.4551134, 45.6219608 ], [ 2.4543784, 45.6223956 ], [ 2.4553552, 45.6229332 ], [ 2.4561685, 45.6233809 ], [ 2.4561704, 45.6234065 ], [ 2.4561736, 45.6234515 ], [ 2.4561913, 45.6235338 ], [ 2.456423, 45.6235058 ], [ 2.4569588, 45.6236252 ], [ 2.459666, 45.6226501 ], [ 2.4597405, 45.6220915 ], [ 2.4589027, 45.6215826 ], [ 2.4577607, 45.6208627 ] ] ] } },
{ "type": "Feature", "properties": { "Aire": "RRN C", "NomUsuel": "CAMBARETTE", "Nature": "S", "GVO": "ESCOTA", "Surface": 47647.18182, "Réseau": "C", "Axe": "A8", "id_aire": "A000644" }, "geometry": { "type": "Polygon", "coordinates": [ [ [ 5.987026, 43.4240808 ], [ 5.9869559, 43.4241189 ], [ 5.9869099, 43.4241636 ], [ 5.9868814, 43.4242157 ], [ 5.9868769, 43.4242707 ], [ 5.9869043, 43.424335 ], [ 5.9869408, 43.4244102 ], [ 5.9870721, 43.424555 ], [ 5.9892661, 43.424247 ], [ 5.9895958, 43.4240988 ], [ 5.9901223, 43.4242703 ], [ 5.9904559, 43.4242995 ], [ 5.9905312, 43.4240705 ], [ 5.991535, 43.4239009 ], [ 5.9916064, 43.4239047 ], [ 5.9917185, 43.4239156 ], [ 5.9918507, 43.4239359 ], [ 5.9919167, 43.4239573 ], [ 5.9920186, 43.4238862 ], [ 5.9921082, 43.423928 ], [ 5.9921999, 43.4239589 ], [ 5.9922913, 43.4239753 ], [ 5.9924026, 43.4239806 ], [ 5.9931286, 43.4239686 ], [ 5.9932273, 43.4239585 ], [ 5.993309, 43.4239398 ], [ 5.993418, 43.4238965 ], [ 5.9935111, 43.4238492 ], [ 5.9935655, 43.4238045 ], [ 5.9938691, 43.4235644 ], [ 5.9940021, 43.4234695 ], [ 5.9941926, 43.42338 ], [ 5.9942857, 43.4233539 ], [ 5.9943579, 43.4233395 ], [ 5.9946124, 43.4232899 ], [ 5.9948333, 43.4232431 ], [ 5.9952376, 43.4231339 ], [ 5.9956978, 43.4230161 ], [ 5.9959218, 43.4229635 ], [ 5.9959217, 43.4229259 ], [ 5.9959204, 43.4229014 ], [ 5.9959189, 43.4228723 ], [ 5.995854, 43.4228742 ], [ 5.9957856, 43.4228816 ], [ 5.9957065, 43.4228943 ], [ 5.9951782, 43.4229316 ], [ 5.9941938, 43.4229891 ], [ 5.993761, 43.4230158 ], [ 5.9936101, 43.4230251 ], [ 5.9929149, 43.4230669 ], [ 5.9916791, 43.423144 ], [ 5.9906128, 43.4232149 ], [ 5.9906273, 43.4233276 ], [ 5.9906311, 43.4233572 ], [ 5.990643, 43.4234491 ], [ 5.9878584, 43.4239265 ], [ 5.9872863, 43.4240326 ], [ 5.987026, 43.4240808 ] ] ] } },
{ "type": "Feature", "properties": { "Aire": "RRN C", "NomUsuel": "Romorantin", "Nature": "S", "GVO": "COFIROUTE", "Surface": 49989.79936, "Réseau": "C", "Axe": "A85", "id_aire": "A000645" }, "geometry": { "type": "Polygon", "coordinates": [ [ [ 1.6648143, 47.3373086 ], [ 1.6646213, 47.337486 ], [ 1.6644874, 47.3381205 ], [ 1.6648315, 47.3388575 ], [ 1.6661769, 47.3391308 ], [ 1.6679304, 47.3395577 ], [ 1.6683077, 47.3392218 ], [ 1.6684436, 47.338926 ], [ 1.6683779, 47.338792 ], [ 1.667872, 47.3386917 ], [ 1.6676555, 47.3380943 ], [ 1.6671066, 47.3375515 ], [ 1.6667678, 47.3373137 ], [ 1.6651299, 47.3371503 ], [ 1.6648143, 47.3373086 ] ] ] } },
{ "type": "Feature", "properties": { "Aire": "RRN C", "NomUsuel": "Souchez", "Nature": "S", "GVO": "SANEF", "Surface": 20908.27225, "Réseau": "C", "Axe": "A26", "id_aire": "A000646" }, "geometry": { "type": "Polygon", "coordinates": [ [ [ 2.7421699, 50.4050678 ], [ 2.74232, 50.4050985 ], [ 2.742398, 50.4050185 ], [ 2.7424862, 50.4049894 ], [ 2.7451395, 50.4032476 ], [ 2.7452464, 50.4031838 ], [ 2.74508, 50.403136 ], [ 2.7448494, 50.4030915 ], [ 2.7444125, 50.4029689 ], [ 2.7441278, 50.4028778 ], [ 2.7439186, 50.4030112 ], [ 2.742143, 50.4041967 ], [ 2.7420581, 50.4042329 ], [ 2.7420103, 50.4042906 ], [ 2.741974, 50.4043344 ], [ 2.7419848, 50.4044712 ], [ 2.7420866, 50.4046712 ], [ 2.7421886, 50.4048763 ], [ 2.7421699, 50.4050678 ] ] ] } },
{ "type": "Feature", "properties": { "Aire": "RRN C", "NomUsuel": "MEYRARGUES FONTBELLE", "Nature": "S", "GVO": "ESCOTA", "Surface": 36918.92096, "Réseau": "C", "Axe": "A51", "id_aire": "A000647" }, "geometry": { "type": "Polygon", "coordinates": [ [ [ 5.4934103, 43.6312426 ], [ 5.4923048, 43.6321908 ], [ 5.4923699, 43.6336219 ], [ 5.4930098, 43.6341232 ], [ 5.4938502, 43.634019 ], [ 5.4938874, 43.6340322 ], [ 5.4939304, 43.6340474 ], [ 5.4941304, 43.6340346 ], [ 5.4941136, 43.6334741 ], [ 5.4940851, 43.6328543 ], [ 5.494045, 43.6324675 ], [ 5.4938802, 43.6317064 ], [ 5.4937474, 43.6311841 ], [ 5.4934103, 43.6312426 ] ] ] } },
{ "type": "Feature", "properties": { "Aire": "RRN C", "NomUsuel": "TOULOUSE SUD NORD", "Nature": "S", "GVO": "ASF", "Surface": 49735.45735, "Réseau": "C", "Axe": "A61", "id_aire": "A000648" }, "geometry": { "type": "Polygon", "coordinates": [ [ [ 1.5503272, 43.4844999 ], [ 1.5499626, 43.4842936 ], [ 1.5493472, 43.484957 ], [ 1.5481839, 43.486282 ], [ 1.547291, 43.4873198 ], [ 1.5474512, 43.4874074 ], [ 1.5482039, 43.4870481 ], [ 1.5489864, 43.4872501 ], [ 1.5497338, 43.4873617 ], [ 1.5507134, 43.4860971 ], [ 1.5508546, 43.4857764 ], [ 1.5509846, 43.4853409 ], [ 1.5508134, 43.4851219 ], [ 1.5503272, 43.4844999 ] ] ] } },
{ "type": "Feature", "properties": { "Aire": "RRN C", "NomUsuel": "TOULOUSE SUD SUD", "Nature": "S", "GVO": "ASF", "Surface": 55994.27671, "Réseau": "C", "Axe": "A61", "id_aire": "A000649" }, "geometry": { "type": "Polygon", "coordinates": [ [ [ 1.5484634, 43.4848111 ], [ 1.5485754, 43.4848335 ], [ 1.548757, 43.4848683 ], [ 1.5489143, 43.4848989 ], [ 1.5513727, 43.482267 ], [ 1.5512535, 43.4821839 ], [ 1.5509934, 43.4823521 ], [ 1.5503252, 43.4819552 ], [ 1.5493248, 43.4819223 ], [ 1.5494474, 43.4821403 ], [ 1.5488723, 43.4821915 ], [ 1.5485487, 43.482325 ], [ 1.5483918, 43.4822753 ], [ 1.5482563, 43.4822567 ], [ 1.5481538, 43.4821968 ], [ 1.548061, 43.4822112 ], [ 1.5476779, 43.4825454 ], [ 1.5477435, 43.4830735 ], [ 1.5479577, 43.483235 ], [ 1.5479589, 43.4838791 ], [ 1.5478403, 43.4842273 ], [ 1.5481289, 43.4845163 ], [ 1.5484634, 43.4848111 ] ] ] } },
{ "type": "Feature", "properties": { "Aire": "RRN C", "NomUsuel": "CORBIERES Nord", "Nature": "S", "GVO": "ASF", "Surface": 74823.42162, "Réseau": "C", "Axe": "A61", "id_aire": "A000650" }, "geometry": { "type": "Polygon", "coordinates": [ [ [ 2.5401183, 43.177732 ], [ 2.5401255, 43.1777873 ], [ 2.5402839, 43.1790078 ], [ 2.5407554, 43.1796217 ], [ 2.5409228, 43.1797178 ], [ 2.5418376, 43.1796265 ], [ 2.5430068, 43.1795681 ], [ 2.5439697, 43.1795482 ], [ 2.5448191, 43.1791713 ], [ 2.5452587, 43.1788792 ], [ 2.5447714, 43.1780374 ], [ 2.5446352, 43.1778572 ], [ 2.542135, 43.17774 ], [ 2.5401183, 43.177732 ] ] ] } },
{ "type": "Feature", "properties": { "Aire": "RRN C", "NomUsuel": "Keskastel Est", "Nature": "S", "GVO": "SANEF", "Surface": 30900.29196, "Réseau": "C", "Axe": "A4", "id_aire": "A000651" }, "geometry": { "type": "Polygon", "coordinates": [ [ [ 7.0673089, 48.9738 ], [ 7.0673509, 48.9738353 ], [ 7.0673808, 48.9738614 ], [ 7.0689173, 48.973474 ], [ 7.0692232, 48.9732614 ], [ 7.0696982, 48.9725032 ], [ 7.0697629, 48.9722387 ], [ 7.0698255, 48.9721194 ], [ 7.0698413, 48.9720908 ], [ 7.070022, 48.9717639 ], [ 7.0697305, 48.9711002 ], [ 7.0697953, 48.9707836 ], [ 7.0695308, 48.9706639 ], [ 7.069487, 48.9706441 ], [ 7.0694067, 48.9706088 ], [ 7.0681941, 48.9720048 ], [ 7.0682624, 48.9724276 ], [ 7.0682444, 48.9727016 ], [ 7.0679566, 48.9730701 ], [ 7.0675356, 48.9736204 ], [ 7.0673089, 48.9738 ] ] ] } },
{ "type": "Feature", "properties": { "Aire": "RRN C", "NomUsuel": "Keskastel Ouest", "Nature": "S", "GVO": "SANEF", "Surface": 30690.06706, "Réseau": "C", "Axe": "A4", "id_aire": "A000652" }, "geometry": { "type": "Polygon", "coordinates": [ [ [ 7.0656187, 48.9733567 ], [ 7.0651136, 48.9735082 ], [ 7.0649002, 48.9735308 ], [ 7.0644565, 48.9735789 ], [ 7.0640699, 48.9737787 ], [ 7.0635377, 48.9740773 ], [ 7.0631601, 48.9746192 ], [ 7.0629861, 48.9748666 ], [ 7.0627501, 48.9752295 ], [ 7.0627937, 48.9753621 ], [ 7.0631133, 48.975579 ], [ 7.0632375, 48.9757317 ], [ 7.0633398, 48.9757968 ], [ 7.063953, 48.9757743 ], [ 7.0641359, 48.9757681 ], [ 7.0642219, 48.9757641 ], [ 7.0642756, 48.9755864 ], [ 7.0644261, 48.9754234 ], [ 7.0647052, 48.9750169 ], [ 7.0652697, 48.9742365 ], [ 7.0658203, 48.9734521 ], [ 7.0657553, 48.973421 ], [ 7.0657071, 48.973398 ], [ 7.0656187, 48.9733567 ] ] ] } },
{ "type": "Feature", "properties": { "Aire": "RRN C", "NomUsuel": "Macon - La Salle", "Nature": "S", "GVO": "APRR", "Surface": 117347.0873, "Réseau": "C", "Axe": "A6", "id_aire": "A000653" }, "geometry": { "type": "Polygon", "coordinates": [ [ [ 4.8638345, 46.4163563 ], [ 4.8636353, 46.4164656 ], [ 4.8642498, 46.4174114 ], [ 4.8654592, 46.4194809 ], [ 4.8654856, 46.4195287 ], [ 4.8656023, 46.4197399 ], [ 4.8657018, 46.4199197 ], [ 4.8664965, 46.421527 ], [ 4.8665876, 46.4216249 ], [ 4.8667056, 46.4218893 ], [ 4.8667524, 46.42209 ], [ 4.8669579, 46.422578 ], [ 4.8670368, 46.422695 ], [ 4.8672618, 46.4226816 ], [ 4.8672826, 46.4228002 ], [ 4.8673828, 46.4229223 ], [ 4.8691065, 46.4227965 ], [ 4.8691427, 46.4226301 ], [ 4.8688289, 46.4225906 ], [ 4.8679448, 46.4215131 ], [ 4.8678588, 46.4214622 ], [ 4.8677094, 46.4214247 ], [ 4.8677669, 46.4213415 ], [ 4.8677833, 46.4213176 ], [ 4.8678191, 46.4212429 ], [ 4.8679614, 46.4209453 ], [ 4.8678995, 46.4209234 ], [ 4.867895, 46.4208714 ], [ 4.8678693, 46.4208579 ], [ 4.8678693, 46.4208288 ], [ 4.8678165, 46.4208121 ], [ 4.8677999, 46.4207684 ], [ 4.8677396, 46.4206925 ], [ 4.8676857, 46.4206665 ], [ 4.8679272, 46.4206232 ], [ 4.8679802, 46.4206137 ], [ 4.8679567, 46.4202136 ], [ 4.8682107, 46.4198106 ], [ 4.8679503, 46.419309 ], [ 4.8680661, 46.4192846 ], [ 4.8681198, 46.4192733 ], [ 4.8680386, 46.4191154 ], [ 4.8676675, 46.4184071 ], [ 4.8676072, 46.4183115 ], [ 4.8675219, 46.4182475 ], [ 4.8673182, 46.4181664 ], [ 4.8673357, 46.4181171 ], [ 4.8671095, 46.4180495 ], [ 4.8666999, 46.4170742 ], [ 4.8667724, 46.4170713 ], [ 4.8666432, 46.4166993 ], [ 4.8657195, 46.4168045 ], [ 4.8651721, 46.4168668 ], [ 4.8651674, 46.4168561 ], [ 4.8650975, 46.4166947 ], [ 4.8645861, 46.4167729 ], [ 4.8643379, 46.4168109 ], [ 4.8640669, 46.416558 ], [ 4.8638345, 46.4163563 ] ] ] } },
{ "type": "Feature", "properties": { "Aire": "RRN C", "NomUsuel": "Macon - St Albain", "Nature": "S", "GVO": "APRR", "Surface": 125182.9895, "Réseau": "C", "Axe": "A6", "id_aire": "A000654" }, "geometry": { "type": "Polygon", "coordinates": [ [ [ 4.8637136, 46.4173367 ], [ 4.8634112, 46.4168618 ], [ 4.8632568, 46.4169061 ], [ 4.8634044, 46.4172946 ], [ 4.8629795, 46.4171441 ], [ 4.8626978, 46.4170444 ], [ 4.8625066, 46.4170417 ], [ 4.8619413, 46.4172589 ], [ 4.8620256, 46.4178676 ], [ 4.8620887, 46.4179865 ], [ 4.8622632, 46.4183156 ], [ 4.8624888, 46.4187867 ], [ 4.862503, 46.4188162 ], [ 4.8625177, 46.4188469 ], [ 4.8625568, 46.4189221 ], [ 4.8625853, 46.4189707 ], [ 4.8623541, 46.4193614 ], [ 4.8620709, 46.41984 ], [ 4.8619055, 46.4200379 ], [ 4.8625362, 46.4212294 ], [ 4.8625861, 46.42128 ], [ 4.8626427, 46.4213179 ], [ 4.8633744, 46.4215607 ], [ 4.8634564, 46.4216397 ], [ 4.8639888, 46.4223587 ], [ 4.8642809, 46.4227145 ], [ 4.8645403, 46.4227766 ], [ 4.865059, 46.4228528 ], [ 4.8651547, 46.4228669 ], [ 4.8658757, 46.4229577 ], [ 4.8661267, 46.4229893 ], [ 4.8661999, 46.4229788 ], [ 4.8662591, 46.4229272 ], [ 4.8662267, 46.4228052 ], [ 4.866202, 46.4227599 ], [ 4.8661185, 46.4226072 ], [ 4.8659329, 46.4223531 ], [ 4.8656234, 46.4220864 ], [ 4.8655392, 46.422033 ], [ 4.8654386, 46.4219837 ], [ 4.8651984, 46.4218738 ], [ 4.8651691, 46.4218505 ], [ 4.8651726, 46.421827 ], [ 4.8652027, 46.4217854 ], [ 4.8652445, 46.4217276 ], [ 4.8655571, 46.4218468 ], [ 4.8657255, 46.4219111 ], [ 4.8659378, 46.4222132 ], [ 4.8662815, 46.4226963 ], [ 4.8663761, 46.4229891 ], [ 4.8666232, 46.4229691 ], [ 4.8663629, 46.4225582 ], [ 4.8664815, 46.4225082 ], [ 4.8664139, 46.4223192 ], [ 4.866329, 46.4222234 ], [ 4.8662382, 46.4220384 ], [ 4.8661938, 46.421896 ], [ 4.8661784, 46.4218055 ], [ 4.8652026, 46.4198724 ], [ 4.8652033, 46.4198663 ], [ 4.8651044, 46.4196511 ], [ 4.8650572, 46.4195813 ], [ 4.8641677, 46.41805 ], [ 4.8637136, 46.4173367 ] ] ] } },
{ "type": "Feature", "properties": { "Aire": "RRN C", "NomUsuel": "Sandaucourt - Les Rappes", "Nature": "S", "GVO": "APRR", "Surface": 149629.984, "Réseau": "C", "Axe": "A31", "id_aire": "A000655" }, "geometry": { "type": "Polygon", "coordinates": [ [ [ 5.8639941, 48.2640926 ], [ 5.8634484, 48.2655482 ], [ 5.8627188, 48.2670158 ], [ 5.8615655, 48.2688334 ], [ 5.859161, 48.272248 ], [ 5.8595798, 48.2724739 ], [ 5.8599078, 48.2721771 ], [ 5.8600111, 48.2716706 ], [ 5.8607374, 48.2709174 ], [ 5.8619311, 48.2704808 ], [ 5.8648759, 48.2701324 ], [ 5.8650718, 48.2699254 ], [ 5.866223, 48.2678126 ], [ 5.8642273, 48.2655682 ], [ 5.8644812, 48.2641549 ], [ 5.8639941, 48.2640926 ] ] ] } },
{ "type": "Feature", "properties": { "Aire": "RRN C", "NomUsuel": "St Ambreuil", "Nature": "S", "GVO": "APRR", "Surface": 66622.65148, "Réseau": "C", "Axe": "A6", "id_aire": "A000656" }, "geometry": { "type": "Polygon", "coordinates": [ [ [ 4.8436332, 46.6956815 ], [ 4.843735, 46.6956826 ], [ 4.844113, 46.6952258 ], [ 4.8441307, 46.6952014 ], [ 4.8444979, 46.695217 ], [ 4.844673, 46.694439 ], [ 4.8448271, 46.6943282 ], [ 4.8451369, 46.6942964 ], [ 4.8452267, 46.6942604 ], [ 4.845279, 46.6941876 ], [ 4.845306, 46.6941075 ], [ 4.8453958, 46.6931293 ], [ 4.8454709, 46.6926261 ], [ 4.8455648, 46.6926455 ], [ 4.8456104, 46.6926565 ], [ 4.8457072, 46.6920139 ], [ 4.8457264, 46.6914129 ], [ 4.8457396, 46.6912238 ], [ 4.8458662, 46.6912728 ], [ 4.845916, 46.6910072 ], [ 4.8458821, 46.6909455 ], [ 4.8450324, 46.6897254 ], [ 4.8448737, 46.6894815 ], [ 4.8448512, 46.6892265 ], [ 4.84456, 46.6892063 ], [ 4.8445033, 46.6895513 ], [ 4.8444913, 46.6896305 ], [ 4.8443306, 46.6905598 ], [ 4.8441438, 46.6917607 ], [ 4.8440315, 46.6924911 ], [ 4.844038, 46.6926111 ], [ 4.8440293, 46.6927296 ], [ 4.8439948, 46.6928808 ], [ 4.8438997, 46.6930986 ], [ 4.8436783, 46.694417 ], [ 4.843466, 46.6956742 ], [ 4.8436332, 46.6956815 ] ] ] } },
{ "type": "Feature", "properties": { "Aire": "RRN C", "NomUsuel": "Metz Saint-Privat", "Nature": "S", "GVO": "SANEF", "Surface": 124537.8995, "Réseau": "C", "Axe": "A4", "id_aire": "A000657" }, "geometry": { "type": "Polygon", "coordinates": [ [ [ 6.0503957, 49.1806812 ], [ 6.0505958, 49.1809035 ], [ 6.0507713, 49.1809727 ], [ 6.0515764, 49.181001 ], [ 6.0524894, 49.1808589 ], [ 6.0533989, 49.1804088 ], [ 6.0573855, 49.180647 ], [ 6.058571, 49.1807584 ], [ 6.0586307, 49.1801778 ], [ 6.0587275, 49.1795574 ], [ 6.0582537, 49.1794226 ], [ 6.0572317, 49.1787881 ], [ 6.0558306, 49.1786031 ], [ 6.0557149, 49.1785696 ], [ 6.0558211, 49.1784422 ], [ 6.0553282, 49.1783423 ], [ 6.0545028, 49.1782992 ], [ 6.0541825, 49.1785079 ], [ 6.0530369, 49.1785872 ], [ 6.0526726, 49.1786694 ], [ 6.051878, 49.178818 ], [ 6.051591, 49.1789046 ], [ 6.0508626, 49.1792365 ], [ 6.0503957, 49.1806812 ] ] ] } },
{ "type": "Feature", "properties": { "Aire": "RRN C", "NomUsuel": "L'Allier (Doyet)", "Nature": "S", "GVO": "APRR", "Surface": 81257.26348, "Réseau": "C", "Axe": "A71", "id_aire": "A000658" }, "geometry": { "type": "Polygon", "coordinates": [ [ [ 2.7999032, 46.3560251 ], [ 2.8000026, 46.3560926 ], [ 2.8001684, 46.3562052 ], [ 2.8010733, 46.3560875 ], [ 2.8011871, 46.3560372 ], [ 2.8015326, 46.355962 ], [ 2.8019589, 46.3558808 ], [ 2.803463, 46.3554858 ], [ 2.8036189, 46.3554371 ], [ 2.8040446, 46.3553256 ], [ 2.8060993, 46.3547301 ], [ 2.8062498, 46.3543634 ], [ 2.8062469, 46.3541199 ], [ 2.8062451, 46.3540193 ], [ 2.8062159, 46.3539 ], [ 2.8061298, 46.3537546 ], [ 2.8060555, 46.3536468 ], [ 2.8059811, 46.353572 ], [ 2.8049379, 46.3532805 ], [ 2.8012307, 46.3543146 ], [ 2.8009419, 46.354536 ], [ 2.8008104, 46.3546365 ], [ 2.8009081, 46.3546935 ], [ 2.8009477, 46.3546821 ], [ 2.800974, 46.3547204 ], [ 2.801001, 46.3547533 ], [ 2.80081, 46.3551808 ], [ 2.7999032, 46.3560251 ] ] ] } },
{ "type": "Feature", "properties": { "Aire": "RRN C", "NomUsuel": "Val Neuvy", "Nature": "S", "GVO": "COFIROUTE", "Surface": 64570.38926, "Réseau": "C", "Axe": "A10", "id_aire": "A000659" }, "geometry": { "type": "Polygon", "coordinates": [ [ [ 1.8554489, 48.2719937 ], [ 1.8555464, 48.2719583 ], [ 1.8558782, 48.271838 ], [ 1.8566325, 48.2715645 ], [ 1.8565992, 48.27068 ], [ 1.8569958, 48.2704422 ], [ 1.856911, 48.2698882 ], [ 1.8568595, 48.2694736 ], [ 1.8568474, 48.2693764 ], [ 1.8574377, 48.2692817 ], [ 1.857801, 48.26879 ], [ 1.8552522, 48.2681553 ], [ 1.8540898, 48.2685966 ], [ 1.8543146, 48.2692687 ], [ 1.8545136, 48.2697673 ], [ 1.8554489, 48.2719937 ] ] ] } },
{ "type": "Feature", "properties": { "Aire": "RRN C", "NomUsuel": "La Porte d'Alsace Sud", "Nature": "S", "GVO": "APRR", "Surface": 63040.74217, "Réseau": "C", "Axe": "A36", "id_aire": "A000660" }, "geometry": { "type": "Polygon", "coordinates": [ [ [ 7.1327448, 47.7149646 ], [ 7.1355343, 47.7157496 ], [ 7.1370739, 47.7162062 ], [ 7.1375245, 47.7163126 ], [ 7.1379134, 47.7164353 ], [ 7.1382192, 47.7165599 ], [ 7.1392009, 47.7168775 ], [ 7.1393251, 47.7167126 ], [ 7.1393721, 47.7164672 ], [ 7.1393287, 47.7163652 ], [ 7.1384079, 47.7151188 ], [ 7.1383357, 47.715058 ], [ 7.1381118, 47.7149754 ], [ 7.137747, 47.7148855 ], [ 7.1376396, 47.7148812 ], [ 7.1374257, 47.7149098 ], [ 7.1372848, 47.7148831 ], [ 7.1371151, 47.7146085 ], [ 7.1366709, 47.7144433 ], [ 7.1362412, 47.7143607 ], [ 7.1358873, 47.7144166 ], [ 7.1355334, 47.7145186 ], [ 7.134678, 47.7143344 ], [ 7.1344141, 47.7143655 ], [ 7.1341678, 47.7147357 ], [ 7.1334179, 47.714546 ], [ 7.1330421, 47.714683 ], [ 7.1327562, 47.7147297 ], [ 7.1327356, 47.7148483 ], [ 7.1327448, 47.7149646 ] ] ] } },
{ "type": "Feature", "properties": { "Aire": "RRN C", "NomUsuel": "BEZIERS MONTBLANC Nord", "Nature": "S", "GVO": "ASF", "Surface": 97792.14285, "Réseau": "C", "Axe": "A9", "id_aire": "A000661" }, "geometry": { "type": "Polygon", "coordinates": [ [ [ 3.3478092, 43.3612677 ], [ 3.3479729, 43.3611412 ], [ 3.3479904, 43.3611093 ], [ 3.3464896, 43.3606336 ], [ 3.3455534, 43.3603595 ], [ 3.3442211, 43.3597787 ], [ 3.3422817, 43.3588402 ], [ 3.3417928, 43.3585405 ], [ 3.3414893, 43.3583082 ], [ 3.3413927, 43.3583301 ], [ 3.3412177, 43.3584314 ], [ 3.3415468, 43.3593118 ], [ 3.3416554, 43.3596463 ], [ 3.341419, 43.3599924 ], [ 3.3414478, 43.3602294 ], [ 3.3416842, 43.3610378 ], [ 3.3418248, 43.3613305 ], [ 3.3421379, 43.3615233 ], [ 3.3425149, 43.3616534 ], [ 3.343138, 43.3612422 ], [ 3.3443872, 43.3618856 ], [ 3.3443169, 43.3620877 ], [ 3.3443872, 43.3622248 ], [ 3.3446364, 43.3623177 ], [ 3.3449176, 43.3622457 ], [ 3.3452595, 43.3618252 ], [ 3.346643, 43.3614513 ], [ 3.3478092, 43.3612677 ] ] ] } },
{ "type": "Feature", "properties": { "Aire": "RRN C", "NomUsuel": "MONTPELLIER FABREGUES SUD", "Nature": "S", "GVO": "ASF", "Surface": 79003.01906000001, "Réseau": "C", "Axe": "A9", "id_aire": "A000662" }, "geometry": { "type": "Polygon", "coordinates": [ [ [ 3.7909948, 43.5434532 ], [ 3.7914176, 43.5437525 ], [ 3.7926554, 43.5446107 ], [ 3.7935021, 43.5451854 ], [ 3.7943703, 43.545807 ], [ 3.7958019, 43.546738 ], [ 3.7968208, 43.5474219 ], [ 3.7971725, 43.5472711 ], [ 3.796767, 43.5458382 ], [ 3.7959956, 43.5448136 ], [ 3.795644, 43.5444963 ], [ 3.7952924, 43.5443322 ], [ 3.7932552, 43.5437088 ], [ 3.792725, 43.5433153 ], [ 3.7923444, 43.5431865 ], [ 3.7913601, 43.5432123 ], [ 3.7910838, 43.5433136 ], [ 3.7909948, 43.5434532 ] ] ] } },
{ "type": "Feature", "properties": { "Aire": "RRN C", "NomUsuel": "TAVEL NORD", "Nature": "S", "GVO": "ASF", "Surface": 104681.2325, "Réseau": "C", "Axe": "A9", "id_aire": "A000663" }, "geometry": { "type": "Polygon", "coordinates": [ [ [ 4.7018226, 44.0012924 ], [ 4.7012057, 44.0009683 ], [ 4.7011018, 44.000959 ], [ 4.7005541, 44.0009637 ], [ 4.700405, 44.0009626 ], [ 4.6998026, 44.0011104 ], [ 4.6997062, 44.0010787 ], [ 4.6994353, 44.0009649 ], [ 4.6991804, 44.0009244 ], [ 4.6989364, 44.000961 ], [ 4.6987245, 44.0010343 ], [ 4.6984455, 44.0012562 ], [ 4.6982283, 44.0014993 ], [ 4.6981773, 44.0017482 ], [ 4.6982026, 44.0020502 ], [ 4.6983588, 44.0023635 ], [ 4.6986655, 44.0026712 ], [ 4.6992601, 44.0028103 ], [ 4.699685, 44.0028103 ], [ 4.6999689, 44.0027809 ], [ 4.7004229, 44.0026726 ], [ 4.7008806, 44.002508 ], [ 4.7015987, 44.0021602 ], [ 4.7017035, 44.0021372 ], [ 4.7019822, 44.0022489 ], [ 4.7026167, 44.0027666 ], [ 4.7026875, 44.0033852 ], [ 4.7027674, 44.003686 ], [ 4.7027851, 44.0039244 ], [ 4.7031098, 44.0040253 ], [ 4.703197, 44.0040816 ], [ 4.70295, 44.004264 ], [ 4.7029857, 44.0042871 ], [ 4.7023081, 44.0046837 ], [ 4.7022706, 44.0046664 ], [ 4.7020667, 44.0048458 ], [ 4.7020132, 44.0049739 ], [ 4.7019956, 44.0050566 ], [ 4.7019956, 44.0051837 ], [ 4.7020309, 44.0052663 ], [ 4.7021016, 44.005333 ], [ 4.7023219, 44.0054006 ], [ 4.7035692, 44.0049951 ], [ 4.7038271, 44.0046724 ], [ 4.7041962, 44.0042029 ], [ 4.7043022, 44.0040942 ], [ 4.7045279, 44.0040114 ], [ 4.7045759, 44.0039541 ], [ 4.7046075, 44.0039165 ], [ 4.7050682, 44.0039104 ], [ 4.7054877, 44.003917 ], [ 4.7057554, 44.0039693 ], [ 4.7058399, 44.0039357 ], [ 4.7059081, 44.0039067 ], [ 4.7046428, 44.0030161 ], [ 4.7033416, 44.0021703 ], [ 4.7018226, 44.0012924 ] ] ] } },
{ "type": "Feature", "properties": { "Aire": "RRN C", "NomUsuel": "Aire des Terrasses de Provence Centre VL", "Nature": "S", "GVO": "ESCOTA", "Surface": 51679.9034, "Réseau": "C", "Axe": "A8", "id_aire": "A000664" }, "geometry": { "type": "Polygon", "coordinates": [ [ [ 5.9896501, 43.4231492 ], [ 5.9944435, 43.4228174 ], [ 5.9943026, 43.4215616 ], [ 5.9935079, 43.4215962 ], [ 5.9923412, 43.4217083 ], [ 5.9915474, 43.4218355 ], [ 5.9906335, 43.4219953 ], [ 5.9903022, 43.422063 ], [ 5.9893107, 43.4222928 ], [ 5.9896501, 43.4231492 ] ] ] } },
{ "type": "Feature", "properties": { "Aire": "RRN C", "NomUsuel": "Le Plessis Picard - Ourdy", "Nature": "S", "GVO": "APRR", "Surface": 102146.9659, "Réseau": "C", "Axe": "A5A", "id_aire": "A000665" }, "geometry": { "type": "Polygon", "coordinates": [ [ [ 2.6049706, 48.601516 ], [ 2.6047407, 48.6013788 ], [ 2.6038034, 48.6008197 ], [ 2.6033771, 48.6005725 ], [ 2.6027107, 48.6007779 ], [ 2.6016469, 48.6012622 ], [ 2.6006578, 48.6016896 ], [ 2.5999039, 48.6019707 ], [ 2.5995588, 48.6021127 ], [ 2.5987366, 48.6023404 ], [ 2.5972776, 48.6027783 ], [ 2.5973543, 48.6028642 ], [ 2.5974726, 48.603031 ], [ 2.5976195, 48.6049124 ], [ 2.6018152, 48.602969 ], [ 2.6049706, 48.601516 ] ] ] } },
{ "type": "Feature", "properties": { "Aire": "RRN C", "NomUsuel": "Limours-Janvry", "Nature": "S", "GVO": "COFIROUTE", "Surface": 79272.20291000001, "Réseau": "C", "Axe": "A10", "id_aire": "A000666" }, "geometry": { "type": "Polygon", "coordinates": [ [ [ 2.1498039, 48.6376067 ], [ 2.1472209, 48.6355097 ], [ 2.1466163, 48.6350577 ], [ 2.1456052, 48.6340357 ], [ 2.1455962, 48.6341755 ], [ 2.1453577, 48.6353695 ], [ 2.1453101, 48.6353737 ], [ 2.1452965, 48.6354735 ], [ 2.1452086, 48.635532 ], [ 2.1451778, 48.6355524 ], [ 2.1451356, 48.6355807 ], [ 2.1450832, 48.6357948 ], [ 2.1451704, 48.6358023 ], [ 2.1450589, 48.6363684 ], [ 2.1450497, 48.6364338 ], [ 2.1452085, 48.6365438 ], [ 2.1455411, 48.6368309 ], [ 2.1463654, 48.638103 ], [ 2.1491343, 48.638113 ], [ 2.1491408, 48.6380539 ], [ 2.1500091, 48.6380435 ], [ 2.1502143, 48.6379719 ], [ 2.1497962, 48.6376978 ], [ 2.1498039, 48.6376067 ] ] ] } },
{ "type": "Feature", "properties": { "Aire": "RRN C", "NomUsuel": "Varades ? Pays d'Ancenis Sud", "Nature": "S", "GVO": "COFIROUTE", "Surface": 32540.48623, "Réseau": "C", "Axe": "A11", "id_aire": "A000667" }, "geometry": { "type": "Polygon", "coordinates": [ [ [ -1.0188551, 47.4190599 ], [ -1.0183092, 47.4190144 ], [ -1.0178331, 47.4189436 ], [ -1.0176809, 47.4188983 ], [ -1.0175838, 47.4188693 ], [ -1.0170135, 47.4187484 ], [ -1.0168123, 47.4187093 ], [ -1.0165453, 47.418499 ], [ -1.0163563, 47.4182156 ], [ -1.0164172, 47.4180547 ], [ -1.0162723, 47.4179246 ], [ -1.0160208, 47.4176988 ], [ -1.0160283, 47.4175672 ], [ -1.0161874, 47.4172716 ], [ -1.0163084, 47.417279 ], [ -1.0175738, 47.4174289 ], [ -1.0188352, 47.4176279 ], [ -1.0192041, 47.418812 ], [ -1.0188551, 47.4190599 ] ] ] } },
{ "type": "Feature", "properties": { "Aire": "RRN C", "NomUsuel": "Varades ? Pays de la Loire Nord", "Nature": "S", "GVO": "COFIROUTE", "Surface": 24401.25744, "Réseau": "C", "Axe": "A11", "id_aire": "A000668" }, "geometry": { "type": "Polygon", "coordinates": [ [ [ -1.0136189, 47.4190502 ], [ -1.0136965, 47.4189691 ], [ -1.0170843, 47.4194199 ], [ -1.0172747, 47.4196895 ], [ -1.0171255, 47.4197357 ], [ -1.0163123, 47.4199876 ], [ -1.016277, 47.4201331 ], [ -1.0161254, 47.4202786 ], [ -1.0158575, 47.4203382 ], [ -1.0152512, 47.4202667 ], [ -1.0150079, 47.4201498 ], [ -1.0148034, 47.4199828 ], [ -1.0145743, 47.4199495 ], [ -1.0142923, 47.4198684 ], [ -1.0138551, 47.419699 ], [ -1.0137247, 47.4196131 ], [ -1.0134674, 47.4192553 ], [ -1.0136189, 47.4190502 ] ] ] } },
{ "type": "Feature", "properties": { "Aire": "RRN C", "NomUsuel": "La Foret", "Nature": "S", "GVO": "APRR", "Surface": 66091.54038000001, "Réseau": "C", "Axe": "A6", "id_aire": "A000669" }, "geometry": { "type": "Polygon", "coordinates": [ [ [ 4.7137669, 47.1066742 ], [ 4.7147379, 47.1047422 ], [ 4.715764, 47.1034677 ], [ 4.7129712, 47.1036763 ], [ 4.7125259, 47.1033968 ], [ 4.7118178, 47.1038898 ], [ 4.7115496, 47.1053941 ], [ 4.7121445, 47.1058425 ], [ 4.7126945, 47.1059087 ], [ 4.7133912, 47.1066517 ], [ 4.7137669, 47.1066742 ] ] ] } },
{ "type": "Feature", "properties": { "Aire": "RRN C", "NomUsuel": "Creux Moreau", "Nature": "S", "GVO": "APRR", "Surface": 63606.54577, "Réseau": "C", "Axe": "A6", "id_aire": "A000670" }, "geometry": { "type": "Polygon", "coordinates": [ [ [ 4.7124245, 47.1110995 ], [ 4.7121763, 47.111179 ], [ 4.7112593, 47.113102 ], [ 4.7097501, 47.114991 ], [ 4.7098401, 47.1150591 ], [ 4.7099427, 47.1150591 ], [ 4.7126022, 47.1143752 ], [ 4.7129714, 47.1142542 ], [ 4.713197, 47.1141193 ], [ 4.713327, 47.1139844 ], [ 4.7134774, 47.1136307 ], [ 4.7136346, 47.1131096 ], [ 4.7137167, 47.1128444 ], [ 4.7139491, 47.1124768 ], [ 4.7139081, 47.1122535 ], [ 4.7137919, 47.1120627 ], [ 4.7135252, 47.1119929 ], [ 4.712739, 47.1114718 ], [ 4.7124245, 47.1110995 ] ] ] } },
{ "type": "Feature", "properties": { "Aire": "RRN C", "NomUsuel": "MONTPELLIER FABREGUES NORD", "Nature": "S", "GVO": "ASF", "Surface": 69120.4616, "Réseau": "C", "Axe": "A9", "id_aire": "A000671" }, "geometry": { "type": "Polygon", "coordinates": [ [ [ 3.7934429, 43.5457191 ], [ 3.7933044, 43.5460279 ], [ 3.7942301, 43.547175 ], [ 3.7936574, 43.5480725 ], [ 3.7961333, 43.5495817 ], [ 3.7974074, 43.5495949 ], [ 3.79797, 43.5485609 ], [ 3.7969167, 43.5480076 ], [ 3.7940538, 43.5460317 ], [ 3.7934429, 43.5457191 ] ] ] } },
{ "type": "Feature", "properties": { "Aire": "RRN C", "NomUsuel": "SAUGON EST (Terres de l'Estuaire)", "Nature": "S", "GVO": "ASF", "Surface": 75525.57828, "Réseau": "C", "Axe": "A10", "id_aire": "A000672" }, "geometry": { "type": "Polygon", "coordinates": [ [ [ -0.492249, 45.1905268 ], [ -0.4898854, 45.1907413 ], [ -0.4894562, 45.1906203 ], [ -0.4892398, 45.1904124 ], [ -0.4891309, 45.1902621 ], [ -0.4885506, 45.1886938 ], [ -0.4889963, 45.1884296 ], [ -0.4892178, 45.1884107 ], [ -0.4896636, 45.188453 ], [ -0.4897112, 45.1877465 ], [ -0.4902298, 45.1864972 ], [ -0.4905661, 45.1864418 ], [ -0.492249, 45.1905268 ] ] ] } },
{ "type": "Feature", "properties": { "Aire": "RRN C", "NomUsuel": "Aire du Bois Guillerot", "Nature": "S", "GVO": "APRR", "Surface": 52569.16606, "Réseau": "C", "Axe": "A36", "id_aire": "A000673" }, "geometry": { "type": "Polygon", "coordinates": [ [ [ 5.1059674, 47.0310423 ], [ 5.1069166, 47.0310844 ], [ 5.1071097, 47.0310611 ], [ 5.1075402, 47.0310803 ], [ 5.1079181, 47.0311194 ], [ 5.1089511, 47.0311336 ], [ 5.1091251, 47.0311202 ], [ 5.1092905, 47.0311079 ], [ 5.1098933, 47.0311109 ], [ 5.1098425, 47.0303204 ], [ 5.1102878, 47.0297716 ], [ 5.1107439, 47.029208 ], [ 5.1100657, 47.0286017 ], [ 5.1098233, 47.0288396 ], [ 5.1089584, 47.0290584 ], [ 5.1082236, 47.0292565 ], [ 5.108465, 47.0293511 ], [ 5.1085001, 47.029378 ], [ 5.1084663, 47.0294154 ], [ 5.1084207, 47.0294695 ], [ 5.1082872, 47.0294018 ], [ 5.1077937, 47.0298079 ], [ 5.1078969, 47.030009 ], [ 5.1078396, 47.0300175 ], [ 5.1075378, 47.0300551 ], [ 5.1071941, 47.0300979 ], [ 5.1067673, 47.030449 ], [ 5.1063718, 47.0306656 ], [ 5.1060086, 47.0307846 ], [ 5.1057391, 47.0308472 ], [ 5.1054762, 47.0308719 ], [ 5.1050146, 47.0308879 ], [ 5.105015, 47.0309315 ], [ 5.1050162, 47.0309853 ], [ 5.1054387, 47.0309916 ], [ 5.1059674, 47.0310423 ] ] ] } },
{ "type": "Feature", "properties": { "Aire": "RRN C", "NomUsuel": "Glanon", "Nature": "S", "GVO": "APRR", "Surface": 51539.56953, "Réseau": "C", "Axe": "A36", "id_aire": "A000674" }, "geometry": { "type": "Polygon", "coordinates": [ [ [ 5.1119685, 47.0313691 ], [ 5.1100024, 47.0313747 ], [ 5.1090409, 47.0313701 ], [ 5.1080739, 47.0313463 ], [ 5.107858, 47.0313774 ], [ 5.1074691, 47.0313646 ], [ 5.1070789, 47.0313141 ], [ 5.1064395, 47.0312901 ], [ 5.1063927, 47.0316054 ], [ 5.1063642, 47.031797 ], [ 5.1085043, 47.0330013 ], [ 5.1086558, 47.0330865 ], [ 5.1091912, 47.0329005 ], [ 5.1095996, 47.0327556 ], [ 5.1096447, 47.0327396 ], [ 5.1102911, 47.032532 ], [ 5.1119075, 47.0317409 ], [ 5.1119289, 47.0315733 ], [ 5.1119685, 47.0313691 ] ] ] } },
{ "type": "Feature", "properties": { "Aire": "RRN C", "NomUsuel": "Villeneuve Vauluisant", "Nature": "S", "GVO": "APRR", "Surface": 196511.781, "Réseau": "C", "Axe": "A5", "id_aire": "A000675" }, "geometry": { "type": "Polygon", "coordinates": [ [ [ 3.5472344, 48.2463632 ], [ 3.5472896, 48.2465571 ], [ 3.5489693, 48.2467385 ], [ 3.5496276, 48.2476908 ], [ 3.5518748, 48.2482803 ], [ 3.552272, 48.2483256 ], [ 3.5570502, 48.2479478 ], [ 3.5570956, 48.2476908 ], [ 3.5575042, 48.2469577 ], [ 3.5586505, 48.2459222 ], [ 3.5596946, 48.2454007 ], [ 3.5604097, 48.2451513 ], [ 3.5619532, 48.2448414 ], [ 3.5615357, 48.2448206 ], [ 3.5613026, 48.2448174 ], [ 3.5538785, 48.2455132 ], [ 3.5499487, 48.2459505 ], [ 3.5495207, 48.2460152 ], [ 3.5472344, 48.2463632 ] ] ] } },
{ "type": "Feature", "properties": { "Aire": "RRN C", "NomUsuel": "BEZIERS MONTBLANC SUD", "Nature": "S", "GVO": "ASF", "Surface": 80642.54039, "Réseau": "C", "Axe": "A9", "id_aire": "A000676" }, "geometry": { "type": "Polygon", "coordinates": [ [ [ 3.3428995, 43.3587646 ], [ 3.345009, 43.3597388 ], [ 3.3470042, 43.3604762 ], [ 3.3470787, 43.3595583 ], [ 3.3474557, 43.3591439 ], [ 3.3486196, 43.3595216 ], [ 3.3487752, 43.3595248 ], [ 3.3497243, 43.3592029 ], [ 3.3498032, 43.3590882 ], [ 3.3497681, 43.3589607 ], [ 3.3484202, 43.3577172 ], [ 3.3482854, 43.3576743 ], [ 3.3481118, 43.3576743 ], [ 3.3452091, 43.3580889 ], [ 3.3450432, 43.3581633 ], [ 3.3448789, 43.3585081 ], [ 3.3450045, 43.3585566 ], [ 3.3449177, 43.3586997 ], [ 3.3442711, 43.35899 ], [ 3.3430126, 43.3585775 ], [ 3.3429215, 43.3587301 ], [ 3.3428995, 43.3587646 ] ] ] } },
{ "type": "Feature", "properties": { "Aire": "RRN C", "NomUsuel": "Wancourt Est", "Nature": "S", "GVO": "SANEF", "Surface": 93259.40676, "Réseau": "C", "Axe": "A1", "id_aire": "A000677" }, "geometry": { "type": "Polygon", "coordinates": [ [ [ 2.8673286, 50.2626976 ], [ 2.867429, 50.2624953 ], [ 2.8674048, 50.2623941 ], [ 2.8669891, 50.2619123 ], [ 2.8662354, 50.2610944 ], [ 2.8659457, 50.2607737 ], [ 2.8655648, 50.2605045 ], [ 2.8652349, 50.2604788 ], [ 2.864854, 50.2605131 ], [ 2.8647521, 50.2605371 ], [ 2.864618, 50.2605799 ], [ 2.8644812, 50.2606743 ], [ 2.864213, 50.2607926 ], [ 2.864044, 50.2608183 ], [ 2.863867, 50.2607891 ], [ 2.8635786, 50.2607201 ], [ 2.8634818, 50.26085 ], [ 2.8637624, 50.2612607 ], [ 2.8638428, 50.2613893 ], [ 2.8644059, 50.262329 ], [ 2.8646789, 50.2627547 ], [ 2.8652771, 50.2637066 ], [ 2.8652979, 50.2637692 ], [ 2.8653523, 50.2638606 ], [ 2.8654885, 50.2639209 ], [ 2.8656772, 50.2642366 ], [ 2.8659699, 50.2644844 ], [ 2.8662708, 50.2645944 ], [ 2.8665133, 50.2648592 ], [ 2.8675636, 50.2663683 ], [ 2.8689824, 50.2660466 ], [ 2.869481, 50.2658241 ], [ 2.8689139, 50.2653515 ], [ 2.8688824, 50.2652011 ], [ 2.8671676, 50.2640904 ], [ 2.8668245, 50.264013 ], [ 2.8664764, 50.2637901 ], [ 2.8666142, 50.2636956 ], [ 2.8659082, 50.2632513 ], [ 2.8668593, 50.2629965 ], [ 2.8673286, 50.2626976 ] ] ] } },
{ "type": "Feature", "properties": { "Aire": "RRN C", "NomUsuel": "la Ferte", "Nature": "S", "GVO": "APRR", "Surface": 54433.80869, "Réseau": "C", "Axe": "A6", "id_aire": "A000678" }, "geometry": { "type": "Polygon", "coordinates": [ [ [ 4.8432229, 46.6945249 ], [ 4.8435827, 46.6924026 ], [ 4.8435558, 46.6922803 ], [ 4.8436041, 46.6919841 ], [ 4.843694, 46.6917559 ], [ 4.8441596, 46.6890045 ], [ 4.8440575, 46.6890024 ], [ 4.8440085, 46.6889989 ], [ 4.8439039, 46.6892836 ], [ 4.8438737, 46.6893683 ], [ 4.843812, 46.689279 ], [ 4.8437423, 46.68909 ], [ 4.8436497, 46.6890311 ], [ 4.843464, 46.6890135 ], [ 4.8430405, 46.689263 ], [ 4.8431066, 46.6896217 ], [ 4.8429044, 46.6897368 ], [ 4.8428703, 46.690076 ], [ 4.8429503, 46.6901344 ], [ 4.8426978, 46.6916293 ], [ 4.8424588, 46.6918727 ], [ 4.8425255, 46.6918931 ], [ 4.8425674, 46.6919059 ], [ 4.8425889, 46.6920622 ], [ 4.842546, 46.692111 ], [ 4.8424642, 46.6921929 ], [ 4.8423703, 46.6922425 ], [ 4.8421007, 46.6922425 ], [ 4.8415495, 46.6926409 ], [ 4.8413258, 46.6929013 ], [ 4.8423404, 46.6938776 ], [ 4.8428199, 46.6942391 ], [ 4.8428917, 46.6942932 ], [ 4.8430006, 46.6945113 ], [ 4.8432229, 46.6945249 ] ] ] } },
{ "type": "Feature", "properties": { "Aire": "RRN C", "NomUsuel": "Pont Val de Saone", "Nature": "S", "GVO": "APRR", "Surface": 255580.6033, "Réseau": "C", "Axe": "A39", "id_aire": "A000679" }, "geometry": { "type": "Polygon", "coordinates": [ [ [ 5.3352149, 47.1812518 ], [ 5.3315019, 47.1844868 ], [ 5.3299892, 47.1856255 ], [ 5.3295818, 47.1859605 ], [ 5.3292465, 47.1861334 ], [ 5.3279724, 47.1869859 ], [ 5.3280393, 47.1870573 ], [ 5.328789, 47.186894 ], [ 5.3317535, 47.1885314 ], [ 5.3371955, 47.1860171 ], [ 5.3372742, 47.1858917 ], [ 5.3367101, 47.1847325 ], [ 5.3364218, 47.1848168 ], [ 5.3363661, 47.1847343 ], [ 5.336338, 47.1846959 ], [ 5.3365847, 47.1846181 ], [ 5.3366531, 47.1845337 ], [ 5.335509, 47.1820375 ], [ 5.335482, 47.1819687 ], [ 5.3354797, 47.1818861 ], [ 5.3359085, 47.1809304 ], [ 5.3359993, 47.1807205 ], [ 5.3355854, 47.1810461 ], [ 5.3352149, 47.1812518 ] ] ] } },
{ "type": "Feature", "properties": { "Aire": "RRN C", "NomUsuel": "Pont Chene d'Argent", "Nature": "S", "GVO": "APRR", "Surface": 246132.9491, "Réseau": "C", "Axe": "A39", "id_aire": "A000680" }, "geometry": { "type": "Polygon", "coordinates": [ [ [ 5.3317014, 47.1835476 ], [ 5.3319441, 47.1836588 ], [ 5.3319872, 47.1836792 ], [ 5.3356321, 47.1804135 ], [ 5.3371393, 47.179166 ], [ 5.3372205, 47.1790113 ], [ 5.3375086, 47.1787647 ], [ 5.3376709, 47.1786814 ], [ 5.3378269, 47.1785321 ], [ 5.3378209, 47.1784925 ], [ 5.3378116, 47.1783757 ], [ 5.3382122, 47.1780636 ], [ 5.3380997, 47.1778494 ], [ 5.3369608, 47.1774226 ], [ 5.3363727, 47.1774399 ], [ 5.3362562, 47.1776244 ], [ 5.3360743, 47.1779284 ], [ 5.3359688, 47.1778986 ], [ 5.3358665, 47.1778678 ], [ 5.3351444, 47.1777663 ], [ 5.3348373, 47.1775228 ], [ 5.3342676, 47.1773246 ], [ 5.3326582, 47.1770171 ], [ 5.3321766, 47.1769804 ], [ 5.3318434, 47.1769957 ], [ 5.3311097, 47.1772588 ], [ 5.3307511, 47.177322 ], [ 5.3306228, 47.1773863 ], [ 5.3293362, 47.178484 ], [ 5.3321839, 47.1827191 ], [ 5.3322062, 47.182784 ], [ 5.3321266, 47.1830392 ], [ 5.3320725, 47.1831409 ], [ 5.3317014, 47.1835476 ] ] ] } },
{ "type": "Feature", "properties": { "Aire": "RRN C", "NomUsuel": "Les Volcans d'Auvergne Ouest", "Nature": "S", "GVO": "APRR", "Surface": 243129.4568, "Réseau": "C", "Axe": "A71", "id_aire": "A000681" }, "geometry": { "type": "Polygon", "coordinates": [ [ [ 3.1103633, 46.0549727 ], [ 3.1105122, 46.0550155 ], [ 3.1106544, 46.0550593 ], [ 3.1109065, 46.0551793 ], [ 3.1109709, 46.055211 ], [ 3.110912, 46.0552614 ], [ 3.1108636, 46.0553143 ], [ 3.1106155, 46.0552026 ], [ 3.1104679, 46.0551505 ], [ 3.1100924, 46.0550835 ], [ 3.1099986, 46.0551179 ], [ 3.1099261, 46.0551607 ], [ 3.1086412, 46.0560898 ], [ 3.1083927, 46.0562114 ], [ 3.1089193, 46.0566703 ], [ 3.109117, 46.056779 ], [ 3.1097487, 46.0570481 ], [ 3.1096948, 46.0571137 ], [ 3.1096257, 46.0571979 ], [ 3.1094616, 46.0572173 ], [ 3.1087822, 46.0573152 ], [ 3.1087366, 46.057533 ], [ 3.1087191, 46.0576807 ], [ 3.1087205, 46.0578531 ], [ 3.1087419, 46.0580206 ], [ 3.1088063, 46.0582737 ], [ 3.1088948, 46.0584859 ], [ 3.1089737, 46.0586484 ], [ 3.1091342, 46.0588954 ], [ 3.1093079, 46.0591299 ], [ 3.1097041, 46.0596239 ], [ 3.1103566, 46.0601554 ], [ 3.1107734, 46.0604925 ], [ 3.1111023, 46.0606524 ], [ 3.1114349, 46.0608013 ], [ 3.111915, 46.0609986 ], [ 3.1124273, 46.06114 ], [ 3.1126721, 46.0612016 ], [ 3.1137073, 46.0614949 ], [ 3.1145997, 46.0611368 ], [ 3.114693569202374, 46.061061790066965 ], [ 3.112669298253933, 46.053471891941399 ], [ 3.1127467, 46.0533921 ], [ 3.1124568, 46.0534994 ], [ 3.1124715, 46.0535729 ], [ 3.1125145, 46.0537675 ], [ 3.1124876, 46.0540132 ], [ 3.1124675, 46.0541574 ], [ 3.112375, 46.0543826 ], [ 3.1123857, 46.0544227 ], [ 3.1122731, 46.054646 ], [ 3.1122194, 46.0547112 ], [ 3.1121416, 46.0547754 ], [ 3.1120518, 46.054835 ], [ 3.1118493, 46.0549383 ], [ 3.1117876, 46.0549671 ], [ 3.1116991, 46.0549922 ], [ 3.1116226, 46.0549941 ], [ 3.1115019, 46.0549876 ], [ 3.1114054, 46.0549755 ], [ 3.1113222, 46.0549504 ], [ 3.1112351, 46.0549029 ], [ 3.1111868, 46.0548499 ], [ 3.111168, 46.0547968 ], [ 3.1111613, 46.0547298 ], [ 3.1111747, 46.0546805 ], [ 3.1112632, 46.0545167 ], [ 3.1112726, 46.0544832 ], [ 3.1111416, 46.0543763 ], [ 3.1103204, 46.0549504 ], [ 3.1103633, 46.0549727 ] ] ] } },
{ "type": "Feature", "properties": { "Aire": "RRN C", "NomUsuel": "Aire de Ceignes-Cerdon", "Nature": "S", "GVO": "APRR", "Surface": 104177.4346, "Réseau": "C", "Axe": "A40", "id_aire": "A000682" }, "geometry": { "type": "Polygon", "coordinates": [ [ [ 5.493274, 46.1191742 ], [ 5.4930978, 46.1189187 ], [ 5.49307, 46.118774 ], [ 5.4930932, 46.1186535 ], [ 5.4931882, 46.1185233 ], [ 5.493526, 46.1182148 ], [ 5.4938676, 46.1179029 ], [ 5.4939859, 46.1178466 ], [ 5.493965, 46.1162007 ], [ 5.4939802, 46.115793 ], [ 5.4940525, 46.1155418 ], [ 5.4941109, 46.1155409 ], [ 5.4941538, 46.1153588 ], [ 5.4941169, 46.1153452 ], [ 5.4940815, 46.1153426 ], [ 5.494083, 46.1153243 ], [ 5.4940844, 46.1153061 ], [ 5.494162, 46.1153104 ], [ 5.4941967, 46.1151997 ], [ 5.494192, 46.1151379 ], [ 5.494191, 46.1151095 ], [ 5.4941893, 46.1150635 ], [ 5.4941483, 46.1149147 ], [ 5.4940639, 46.1147084 ], [ 5.4939163, 46.1144738 ], [ 5.4935639, 46.1142343 ], [ 5.4930955, 46.1140639 ], [ 5.4927199, 46.1140253 ], [ 5.4923071, 46.1140366 ], [ 5.4913683, 46.1141879 ], [ 5.4913422, 46.1143161 ], [ 5.4913658, 46.1144366 ], [ 5.4912937, 46.1144487 ], [ 5.4912605, 46.1144542 ], [ 5.4911754, 46.1144683 ], [ 5.4911178, 46.1145288 ], [ 5.490976, 46.1144843 ], [ 5.4908362, 46.1144507 ], [ 5.4906839, 46.1144389 ], [ 5.4905167, 46.1144402 ], [ 5.4903129, 46.1144551 ], [ 5.4901359, 46.1144599 ], [ 5.4900419, 46.1144524 ], [ 5.4899159, 46.1144281 ], [ 5.4897434, 46.1143615 ], [ 5.4895559, 46.1142577 ], [ 5.4894378, 46.1143429 ], [ 5.4899635, 46.1147516 ], [ 5.4904295, 46.1152194 ], [ 5.4907913, 46.1157305 ], [ 5.4911901, 46.1163493 ], [ 5.4920654, 46.1178142 ], [ 5.49215, 46.1179314 ], [ 5.4924445, 46.1183381 ], [ 5.4931563, 46.1192156 ], [ 5.4932036, 46.1191988 ], [ 5.493274, 46.1191742 ] ] ] } },
{ "type": "Feature", "properties": { "Aire": "RRN C", "NomUsuel": "Ceignes Haut-Bugey", "Nature": "S", "GVO": "APRR", "Surface": 99940.4298, "Réseau": "C", "Axe": "A40", "id_aire": "A000683" }, "geometry": { "type": "Polygon", "coordinates": [ [ [ 5.4895298, 46.1181858 ], [ 5.4894935, 46.118262 ], [ 5.4893924, 46.1182763 ], [ 5.4892842, 46.1182917 ], [ 5.4891515, 46.1183047 ], [ 5.4888967, 46.1183047 ], [ 5.4886924, 46.1182909 ], [ 5.4885695, 46.1183329 ], [ 5.4885268, 46.1183602 ], [ 5.4884809, 46.1184363 ], [ 5.4883481, 46.1188671 ], [ 5.4882875, 46.1191489 ], [ 5.4882825, 46.1192262 ], [ 5.4882924, 46.1192955 ], [ 5.4883329, 46.1193908 ], [ 5.4885797, 46.119701 ], [ 5.4887996, 46.1199774 ], [ 5.4894876, 46.1208421 ], [ 5.4895456, 46.1208967 ], [ 5.4895966, 46.1209272 ], [ 5.4896824, 46.1209401 ], [ 5.4897751, 46.1209096 ], [ 5.4898265, 46.1208698 ], [ 5.4899593, 46.1207323 ], [ 5.491143, 46.1200334 ], [ 5.4911709, 46.1197811 ], [ 5.4915227, 46.1196086 ], [ 5.4911522, 46.1191683 ], [ 5.4910733, 46.1190744 ], [ 5.4910586, 46.1189893 ], [ 5.4910894, 46.1188718 ], [ 5.4911444, 46.1187872 ], [ 5.4911744, 46.118767 ], [ 5.4912651, 46.1187063 ], [ 5.4914112, 46.1186533 ], [ 5.4915735, 46.118644 ], [ 5.4917559, 46.1186719 ], [ 5.4921071, 46.1188265 ], [ 5.4923427, 46.1189856 ], [ 5.4924103, 46.1189526 ], [ 5.4924598, 46.1189295 ], [ 5.4921308, 46.118576 ], [ 5.4916766, 46.1179952 ], [ 5.4911503, 46.1170599 ], [ 5.4904666, 46.115929 ], [ 5.489919, 46.1152221 ], [ 5.4897189, 46.1152778 ], [ 5.4898337, 46.1154528 ], [ 5.4898993, 46.1156085 ], [ 5.4898895, 46.1157551 ], [ 5.4898468, 46.1158756 ], [ 5.4897534, 46.1159858 ], [ 5.4895255, 46.1162086 ], [ 5.4893683, 46.1163108 ], [ 5.4888108, 46.1164267 ], [ 5.4881714, 46.1167745 ], [ 5.4890819, 46.1175344 ], [ 5.4895298, 46.1181858 ] ] ] } },
{ "type": "Feature", "properties": { "Aire": "RRN C", "NomUsuel": "LA CORREZE", "Nature": "S", "GVO": "ASF", "Surface": 73246.78966, "Réseau": "C", "Axe": "A89", "id_aire": "A000684" }, "geometry": { "type": "Polygon", "coordinates": [ [ [ 1.9382053, 45.3607171 ], [ 1.9396429, 45.3606455 ], [ 1.9402223, 45.3600952 ], [ 1.9401955, 45.3597069 ], [ 1.9392084, 45.3591755 ], [ 1.9371217, 45.3585045 ], [ 1.9350589, 45.3580999 ], [ 1.9349677, 45.3582963 ], [ 1.9350073, 45.3583237 ], [ 1.9350353, 45.3583522 ], [ 1.9350877, 45.3584085 ], [ 1.934668, 45.3587647 ], [ 1.9348986, 45.3589522 ], [ 1.9347613, 45.3591378 ], [ 1.9350349, 45.3594167 ], [ 1.935566, 45.3596692 ], [ 1.9357269, 45.359918 ], [ 1.9382053, 45.3607171 ] ] ] } },
{ "type": "Feature", "properties": { "Aire": "RRN C", "NomUsuel": "Beaugency-Messas :: 45190", "Nature": "S", "GVO": "COFIROUTE", "Surface": 61040.97456, "Réseau": "C", "Axe": "A10", "id_aire": "A000685" }, "geometry": { "type": "Polygon", "coordinates": [ [ [ 1.6385737, 47.818466 ], [ 1.6422298, 47.820247 ], [ 1.6425638, 47.820091 ], [ 1.6426722, 47.8200898 ], [ 1.6427634, 47.8200862 ], [ 1.6427033, 47.8197253 ], [ 1.6434472, 47.8190829 ], [ 1.6432533, 47.8182868 ], [ 1.6431495, 47.8182243 ], [ 1.6425635, 47.8182862 ], [ 1.6425801, 47.8184001 ], [ 1.6425165, 47.8184052 ], [ 1.6424544, 47.8183958 ], [ 1.6424115, 47.8181628 ], [ 1.6419106, 47.817898 ], [ 1.6405682, 47.817198 ], [ 1.639341, 47.8182353 ], [ 1.6392466, 47.8183283 ], [ 1.6391534, 47.8183134 ], [ 1.6386961, 47.818408 ], [ 1.6386147, 47.8184243 ], [ 1.6385737, 47.818466 ] ] ] } },
{ "type": "Feature", "properties": { "Aire": "RRN C", "NomUsuel": "ROUSSILLON", "Nature": "S", "GVO": "ASF", "Surface": 111453.7096, "Réseau": "C", "Axe": "A7", "id_aire": "A000686" }, "geometry": { "type": "Polygon", "coordinates": [ [ [ 4.8184258, 45.4062386 ], [ 4.8154033, 45.4031203 ], [ 4.8148132, 45.4032626 ], [ 4.8143582, 45.4032342 ], [ 4.8119619, 45.4036738 ], [ 4.8121466, 45.4043443 ], [ 4.8124934, 45.4047111 ], [ 4.8139664, 45.4049483 ], [ 4.8143042, 45.4058401 ], [ 4.8143236, 45.405884 ], [ 4.8147772, 45.4069122 ], [ 4.8153963, 45.4068784 ], [ 4.8160519, 45.4068426 ], [ 4.8168441, 45.4066649 ], [ 4.8170249, 45.4066244 ], [ 4.8184258, 45.4062386 ] ] ] } },
{ "type": "Feature", "properties": { "Aire": "RRN C", "NomUsuel": "BOIS DE DOURRE Flux 2", "Nature": "S", "GVO": "ASF", "Surface": 64272.41954, "Réseau": "C", "Axe": "A20", "id_aire": "A000687" }, "geometry": { "type": "Polygon", "coordinates": [ [ [ 1.528867840691825, 44.233689902185063 ], [ 1.530481220798685, 44.232026517228235 ], [ 1.531022385721208, 44.231340946531979 ], [ 1.531560662367011, 44.230766526847141 ], [ 1.532591606517493, 44.229540092063431 ], [ 1.53065800537599, 44.230711685926714 ], [ 1.529662740791292, 44.231476707433032 ], [ 1.526535540305222, 44.234171827057672 ], [ 1.526706328853182, 44.235842002418927 ], [ 1.528867840691825, 44.233689902185063 ] ] ] } },
{ "type": "Feature", "properties": { "Aire": "RRN C", "NomUsuel": "Voreppe", "Nature": "S", "GVO": "AREA", "Surface": 23133.75633, "Réseau": "C", "Axe": "A48", "id_aire": "A000688" }, "geometry": { "type": "Polygon", "coordinates": [ [ [ 5.6240124, 45.2797219 ], [ 5.6240009, 45.279301 ], [ 5.624045, 45.2792268 ], [ 5.6244284, 45.2789382 ], [ 5.6246584, 45.2786778 ], [ 5.6247753, 45.2784917 ], [ 5.6249881, 45.2777349 ], [ 5.6245568, 45.2776459 ], [ 5.6244533, 45.277484 ], [ 5.62439, 45.2773558 ], [ 5.6243344, 45.2772263 ], [ 5.6243153, 45.2770564 ], [ 5.624068, 45.2770199 ], [ 5.6237804, 45.2776809 ], [ 5.6234679, 45.2784026 ], [ 5.6232245, 45.2789624 ], [ 5.6229791, 45.2795492 ], [ 5.6231344, 45.2795843 ], [ 5.6236251, 45.2796963 ], [ 5.6238513, 45.2797246 ], [ 5.6239662, 45.2797227 ], [ 5.6240124, 45.2797219 ] ] ] } },
{ "type": "Feature", "properties": { "Aire": "RRN C", "NomUsuel": "Ile Rose", "Nature": "S", "GVO": "AREA", "Surface": 41124.85533, "Réseau": "C", "Axe": "A48", "id_aire": "A000689" }, "geometry": { "type": "Polygon", "coordinates": [ [ [ 5.6246569, 45.274802 ], [ 5.6238436, 45.2746265 ], [ 5.6237216, 45.274865 ], [ 5.6235942, 45.2750062 ], [ 5.6234548, 45.2751157 ], [ 5.6229776, 45.2753141 ], [ 5.6226333, 45.275503 ], [ 5.6224191, 45.2756613 ], [ 5.6221643, 45.2759341 ], [ 5.6220233, 45.2761783 ], [ 5.6219501, 45.2763672 ], [ 5.6219284, 45.276495 ], [ 5.6219284, 45.2769338 ], [ 5.6219392, 45.2770845 ], [ 5.6220612, 45.2773306 ], [ 5.6222049, 45.2774966 ], [ 5.6224544, 45.2777122 ], [ 5.6227824, 45.2780212 ], [ 5.6228854, 45.2781509 ], [ 5.6230806, 45.2781643 ], [ 5.6233761, 45.2773306 ], [ 5.6237638, 45.2764855 ], [ 5.6242979, 45.2754973 ], [ 5.6246569, 45.274802 ] ] ] } },
{ "type": "Feature", "properties": { "Aire": "RRN C", "NomUsuel": "Manissieux", "Nature": "S", "GVO": "AREA", "Surface": 41503.99743, "Réseau": "C", "Axe": "A43", "id_aire": "A000690" }, "geometry": { "type": "Polygon", "coordinates": [ [ [ 4.9739518, 45.699922 ], [ 4.9745957, 45.6999871 ], [ 4.9750139, 45.6999271 ], [ 4.97617, 45.6993463 ], [ 4.9767091, 45.6990597 ], [ 4.9771972, 45.6988237 ], [ 4.9775862, 45.6986551 ], [ 4.9781011, 45.6984397 ], [ 4.978761, 45.6980931 ], [ 4.9789031, 45.698005 ], [ 4.9791204, 45.6978289 ], [ 4.9792143, 45.6976004 ], [ 4.979209, 45.6974393 ], [ 4.9792663, 45.6972898 ], [ 4.9794564, 45.6968699 ], [ 4.9793105, 45.6967155 ], [ 4.9771447, 45.6979165 ], [ 4.975328, 45.6989105 ], [ 4.9738871, 45.6995897 ], [ 4.9739518, 45.699922 ] ] ] } },
{ "type": "Feature", "properties": { "Aire": "RRN C", "NomUsuel": "St Priest", "Nature": "S", "GVO": "AREA", "Surface": 49090.43527, "Réseau": "C", "Axe": "A43", "id_aire": "A000691" }, "geometry": { "type": "Polygon", "coordinates": [ [ [ 4.9729477, 45.6994017 ], [ 4.9731172, 45.6994287 ], [ 4.9750372, 45.6984579 ], [ 4.9764843, 45.6976982 ], [ 4.9781439, 45.6968272 ], [ 4.9793975, 45.6961456 ], [ 4.9791807, 45.6959544 ], [ 4.9788391, 45.6960457 ], [ 4.9779732, 45.695974 ], [ 4.977664, 45.6959846 ], [ 4.9773192, 45.6961143 ], [ 4.9761037, 45.6968888 ], [ 4.975769, 45.6971443 ], [ 4.9757434, 45.6971247 ], [ 4.9757153, 45.6971031 ], [ 4.9754779, 45.6972463 ], [ 4.9751216, 45.6973184 ], [ 4.9739144, 45.6979251 ], [ 4.97344, 45.6982396 ], [ 4.9734304, 45.6987174 ], [ 4.9735377, 45.6987193 ], [ 4.973559, 45.69875 ], [ 4.9735793, 45.6987793 ], [ 4.9733875, 45.6988711 ], [ 4.9733329, 45.6989865 ], [ 4.9729477, 45.6994017 ] ] ] } },
{ "type": "Feature", "properties": { "Aire": "RRN C", "NomUsuel": "Mionnay", "Nature": "S", "GVO": "APRR", "Surface": 70036.2985, "Réseau": "C", "Axe": "A46", "id_aire": "A000692" }, "geometry": { "type": "Polygon", "coordinates": [ [ [ 4.8935802, 45.8867055 ], [ 4.8937314, 45.8867207 ], [ 4.8938391, 45.8863395 ], [ 4.893984, 45.8860646 ], [ 4.894346, 45.8855125 ], [ 4.894578, 45.8849808 ], [ 4.8947034, 45.8848044 ], [ 4.8954538, 45.8836939 ], [ 4.8949831, 45.8835007 ], [ 4.894845, 45.8833909 ], [ 4.894782, 45.8833279 ], [ 4.894715, 45.8832108 ], [ 4.89443, 45.8832509 ], [ 4.8945004, 45.8830236 ], [ 4.8946693, 45.8827155 ], [ 4.8947914, 45.8825847 ], [ 4.8938848, 45.8823934 ], [ 4.8933202, 45.882188 ], [ 4.8926818, 45.8822412 ], [ 4.8929876, 45.8834642 ], [ 4.8930036, 45.8836081 ], [ 4.8929794, 45.8837276 ], [ 4.8929285, 45.8837313 ], [ 4.8928373, 45.8838807 ], [ 4.8924618, 45.8842914 ], [ 4.8919588, 45.8849066 ], [ 4.8921922, 45.8848413 ], [ 4.8922116, 45.8848784 ], [ 4.8926925, 45.8857365 ], [ 4.8926805, 45.885827 ], [ 4.8928387, 45.8861304 ], [ 4.8928776, 45.8861407 ], [ 4.8931204, 45.8863358 ], [ 4.8932772, 45.8863974 ], [ 4.8934569, 45.8864964 ], [ 4.8934964, 45.8865305 ], [ 4.8935132, 45.8865953 ], [ 4.8935561, 45.8867055 ], [ 4.8935802, 45.8867055 ] ] ] } },
{ "type": "Feature", "properties": { "Aire": "RRN C", "NomUsuel": "Mionnay", "Nature": "S", "GVO": "APRR", "Surface": 154946.3251, "Réseau": "C", "Axe": "A46", "id_aire": "A000693" }, "geometry": { "type": "Polygon", "coordinates": [ [ [ 4.895967, 45.8839964 ], [ 4.8952367, 45.885036 ], [ 4.8942697, 45.886633 ], [ 4.8938594, 45.8875148 ], [ 4.8932849, 45.888702 ], [ 4.8925177, 45.8902468 ], [ 4.8916756, 45.8919356 ], [ 4.891889, 45.8919933 ], [ 4.8920594, 45.8920394 ], [ 4.8931752, 45.8920207 ], [ 4.8945592, 45.8917146 ], [ 4.8954229, 45.8898066 ], [ 4.8951936, 45.88973 ], [ 4.8952257, 45.8896577 ], [ 4.8952566, 45.889588 ], [ 4.8954566, 45.8891503 ], [ 4.8955195, 45.8891475 ], [ 4.895718, 45.8887218 ], [ 4.8959647, 45.8881505 ], [ 4.8963456, 45.8873029 ], [ 4.8966004, 45.8867689 ], [ 4.8967721, 45.8863974 ], [ 4.8968123, 45.8862854 ], [ 4.8969611, 45.8858699 ], [ 4.8971621, 45.8858145 ], [ 4.896465, 45.8842235 ], [ 4.895967, 45.8839964 ] ] ] } },
{ "type": "Feature", "properties": { "Aire": "RRN C", "NomUsuel": "Aire de la Via Julia Augusta - SCOPERTA", "Nature": "S", "GVO": "ESCOTA", "Surface": 41791.25128, "Réseau": "C", "Axe": "A8", "id_aire": "A000694" }, "geometry": { "type": "Polygon", "coordinates": [ [ [ 7.3987929, 43.7542384 ], [ 7.3984977, 43.7542535 ], [ 7.3981026, 43.7542502 ], [ 7.3976871, 43.7542279 ], [ 7.3974114, 43.7542228 ], [ 7.3973302, 43.7542185 ], [ 7.3971419, 43.7541916 ], [ 7.3970105, 43.7541635 ], [ 7.3968904, 43.7541235 ], [ 7.3966342, 43.7540543 ], [ 7.3962945, 43.7539548 ], [ 7.3959736, 43.7538535 ], [ 7.3959551, 43.7538733 ], [ 7.3959199, 43.7539108 ], [ 7.3962866, 43.7540791 ], [ 7.3963689, 43.7541365 ], [ 7.396433, 43.7542665 ], [ 7.3964082, 43.7543084 ], [ 7.3964996, 43.7544954 ], [ 7.3965827, 43.7546701 ], [ 7.3966523, 43.754783 ], [ 7.3966892, 43.7548136 ], [ 7.39675, 43.7548443 ], [ 7.3967587, 43.7548635 ], [ 7.3967713, 43.7549087 ], [ 7.39677, 43.7549491 ], [ 7.3967433, 43.7550422 ], [ 7.3967243, 43.7551113 ], [ 7.3967261, 43.7551533 ], [ 7.3967395, 43.7552203 ], [ 7.3967658, 43.7553207 ], [ 7.3967901, 43.7553664 ], [ 7.3968394, 43.7554221 ], [ 7.3969526, 43.7555168 ], [ 7.3970449, 43.7555769 ], [ 7.397096, 43.7556049 ], [ 7.3971911, 43.7556481 ], [ 7.3983728, 43.7559213 ], [ 7.3985429, 43.7559561 ], [ 7.3987268, 43.7559959 ], [ 7.3987952, 43.7560009 ], [ 7.3989338, 43.7559808 ], [ 7.399245, 43.7559222 ], [ 7.3994815, 43.7558887 ], [ 7.3995565, 43.755878 ], [ 7.3995145, 43.7555095 ], [ 7.3995042, 43.7554193 ], [ 7.3995547, 43.7553569 ], [ 7.3996478, 43.7551904 ], [ 7.3996472, 43.7550407 ], [ 7.3996351, 43.754913 ], [ 7.3996001, 43.7547164 ], [ 7.3994764, 43.7544987 ], [ 7.3993314, 43.7544011 ], [ 7.3991951, 43.7542526 ], [ 7.3987929, 43.7542384 ] ] ] } },
{ "type": "Feature", "properties": { "Aire": "RRN C", "NomUsuel": "Sarthe Touraine", "Nature": "S", "GVO": "COFIROUTE", "Surface": 48712.95228, "Réseau": "C", "Axe": "A28", "id_aire": "A000695" }, "geometry": { "type": "Polygon", "coordinates": [ [ [ 0.4712893, 47.6510284 ], [ 0.4708462, 47.6511215 ], [ 0.4705801, 47.6509808 ], [ 0.4704078, 47.6506985 ], [ 0.4702025, 47.6503622 ], [ 0.4700251, 47.6502485 ], [ 0.4697934, 47.6501637 ], [ 0.4695016, 47.6501367 ], [ 0.4692985, 47.6500327 ], [ 0.4688723, 47.6499363 ], [ 0.4684861, 47.6499151 ], [ 0.4684117, 47.6500346 ], [ 0.4681675, 47.6501217 ], [ 0.4679733, 47.650247 ], [ 0.4678357, 47.6502866 ], [ 0.4675413, 47.650295 ], [ 0.4664765, 47.6502364 ], [ 0.4663695, 47.650694 ], [ 0.4669122, 47.6510809 ], [ 0.467533, 47.651102 ], [ 0.4678363, 47.6510095 ], [ 0.4705727, 47.6521804 ], [ 0.4710494, 47.6521049 ], [ 0.4714476, 47.6518253 ], [ 0.4715582, 47.6515459 ], [ 0.4715211, 47.6514331 ], [ 0.4712922, 47.6512154 ], [ 0.4713351, 47.6510891 ], [ 0.471321, 47.6510545 ], [ 0.4712893, 47.6510284 ] ] ] } },
{ "type": "Feature", "properties": { "Aire": "RRN C", "NomUsuel": "Le Val Gelon", "Nature": "S", "GVO": "AREA", "Surface": 27851.0239, "Réseau": "C", "Axe": "A43", "id_aire": "A000696" }, "geometry": { "type": "Polygon", "coordinates": [ [ [ 6.1589002, 45.5484114 ], [ 6.1589672, 45.5483456 ], [ 6.1589941, 45.5483151 ], [ 6.1591179, 45.5481788 ], [ 6.1588534, 45.5476467 ], [ 6.1588111, 45.5476295 ], [ 6.1587225, 45.5475749 ], [ 6.1585824, 45.5474975 ], [ 6.158421, 45.5474287 ], [ 6.158305, 45.5473815 ], [ 6.1581531, 45.5473325 ], [ 6.1579934, 45.5472873 ], [ 6.1578188, 45.5472465 ], [ 6.157574, 45.5472022 ], [ 6.1574441, 45.5471837 ], [ 6.1571991, 45.5471489 ], [ 6.1567926, 45.5470852 ], [ 6.1566881, 45.5470689 ], [ 6.1565218, 45.5470425 ], [ 6.1561933, 45.546994 ], [ 6.1560019, 45.5469688 ], [ 6.1558064, 45.5469469 ], [ 6.1553724, 45.5469621 ], [ 6.1543494, 45.5471785 ], [ 6.1543267, 45.5472461 ], [ 6.1543077, 45.5472647 ], [ 6.1543037, 45.5473471 ], [ 6.1563526, 45.5477494 ], [ 6.1571334, 45.5479307 ], [ 6.1578662, 45.5481187 ], [ 6.1589002, 45.5484114 ] ] ] } },
{ "type": "Feature", "properties": { "Aire": "RRN C", "NomUsuel": "Mont de Nizy", "Nature": "S", "GVO": "SANEF", "Surface": 41293.30433, "Réseau": "C", "Axe": "A26", "id_aire": "A000697" }, "geometry": { "type": "Polygon", "coordinates": [ [ [ 3.9244744, 49.4491157 ], [ 3.9240531, 49.4500455 ], [ 3.9239007, 49.4503772 ], [ 3.9238953, 49.4504328 ], [ 3.9239374, 49.4505333 ], [ 3.9245636, 49.4512275 ], [ 3.9246395, 49.4513688 ], [ 3.9246554, 49.4515488 ], [ 3.9247214, 49.4515942 ], [ 3.9248281, 49.4516564 ], [ 3.9254388, 49.450283 ], [ 3.9255116, 49.4500163 ], [ 3.92556, 49.4498978 ], [ 3.9260273, 49.4488835 ], [ 3.9264569, 49.4478062 ], [ 3.9266046, 49.4474124 ], [ 3.9265923, 49.4473419 ], [ 3.9265649, 49.4473216 ], [ 3.925775, 49.4471147 ], [ 3.9252984, 49.447852 ], [ 3.9248335, 49.4485555 ], [ 3.9244744, 49.4491157 ] ] ] } },
{ "type": "Feature", "properties": { "Aire": "RRN C", "NomUsuel": "Poitiers-Chincé", "Nature": "S", "GVO": "COFIROUTE", "Surface": 43474.78754, "Réseau": "C", "Axe": "A10", "id_aire": "A000698" }, "geometry": { "type": "Polygon", "coordinates": [ [ [ 0.3706625, 46.7005094 ], [ 0.3704318, 46.7006503 ], [ 0.3716106, 46.7039752 ], [ 0.371966, 46.7039392 ], [ 0.3726313, 46.702273 ], [ 0.3725032, 46.7019511 ], [ 0.3725769, 46.7019373 ], [ 0.3725615, 46.7019005 ], [ 0.3725454, 46.7018655 ], [ 0.3725099, 46.7018738 ], [ 0.3724837, 46.7018678 ], [ 0.3724589, 46.7018122 ], [ 0.3724603, 46.7017736 ], [ 0.3726286, 46.7015928 ], [ 0.3726722, 46.7014917 ], [ 0.3724837, 46.7007084 ], [ 0.3724166, 46.7005657 ], [ 0.3719687, 46.7002818 ], [ 0.3706625, 46.7005094 ] ] ] } },
{ "type": "Feature", "properties": { "Aire": "RRN C", "NomUsuel": "Poitiers-Jaunay-Clan", "Nature": "S", "GVO": "COFIROUTE", "Surface": 68279.41799, "Réseau": "C", "Axe": "A10", "id_aire": "A000699" }, "geometry": { "type": "Polygon", "coordinates": [ [ [ 0.3661537, 46.7030428 ], [ 0.3663146, 46.7030132 ], [ 0.3665762, 46.703545 ], [ 0.3684604, 46.7030888 ], [ 0.3681198, 46.7024302 ], [ 0.3682317, 46.7021995 ], [ 0.3681958, 46.7021425 ], [ 0.3681215, 46.7020315 ], [ 0.3680884, 46.701982 ], [ 0.3679259, 46.7018984 ], [ 0.3678059, 46.7017073 ], [ 0.3668157, 46.6998349 ], [ 0.3660598, 46.6995208 ], [ 0.3658881, 46.6995097 ], [ 0.3656696, 46.6995551 ], [ 0.3655219, 46.6996866 ], [ 0.3650674, 46.7006687 ], [ 0.3648475, 46.7011395 ], [ 0.3650996, 46.7011911 ], [ 0.3653944, 46.7016736 ], [ 0.3661537, 46.7030428 ] ] ] } },
{ "type": "Feature", "properties": { "Aire": "RRN C", "NomUsuel": "Chatellerault-Usseau Est", "Nature": "S", "GVO": "COFIROUTE", "Surface": 40807.90011, "Réseau": "C", "Axe": "A10", "id_aire": "A000700" }, "geometry": { "type": "Polygon", "coordinates": [ [ [ 0.5236745, 46.9074225 ], [ 0.5238891, 46.9074207 ], [ 0.5239695, 46.9071367 ], [ 0.5242639, 46.9065874 ], [ 0.5243419, 46.906562 ], [ 0.524449, 46.9065434 ], [ 0.5245159, 46.9066473 ], [ 0.5247151, 46.9067957 ], [ 0.5251175, 46.9069277 ], [ 0.5253857, 46.9068727 ], [ 0.5254742, 46.9067048 ], [ 0.5247607, 46.9051912 ], [ 0.5243101, 46.9048907 ], [ 0.5236906, 46.90454 ], [ 0.5234008, 46.9046297 ], [ 0.522619, 46.9043143 ], [ 0.5223601, 46.9044611 ], [ 0.5236745, 46.9074225 ] ] ] } },
{ "type": "Feature", "properties": { "Aire": "RRN C", "NomUsuel": "Chatellerault-Antran", "Nature": "S", "GVO": "COFIROUTE", "Surface": 48891.57667, "Réseau": "C", "Axe": "A10", "id_aire": "A000701" }, "geometry": { "type": "Polygon", "coordinates": [ [ [ 0.5220115, 46.9053188 ], [ 0.5216681, 46.9057182 ], [ 0.5214402, 46.9055321 ], [ 0.5212014, 46.9054617 ], [ 0.5209439, 46.9054507 ], [ 0.5206865, 46.9055057 ], [ 0.5205523, 46.9056413 ], [ 0.5205148, 46.9058355 ], [ 0.5203592, 46.9060371 ], [ 0.5208849, 46.9070743 ], [ 0.5213624, 46.9074957 ], [ 0.521695, 46.9079502 ], [ 0.5218667, 46.9080749 ], [ 0.5221881, 46.9082296 ], [ 0.5221134, 46.9083076 ], [ 0.5228121, 46.9085072 ], [ 0.5230615, 46.9084493 ], [ 0.5232145, 46.9084137 ], [ 0.5234062, 46.9084559 ], [ 0.5237253, 46.9083312 ], [ 0.5230415, 46.9070524 ], [ 0.522961, 46.9069772 ], [ 0.5227733, 46.9066126 ], [ 0.5227089, 46.9063523 ], [ 0.5222261, 46.9053353 ], [ 0.5220115, 46.9053188 ] ] ] } },
{ "type": "Feature", "properties": { "Aire": "RRN C", "NomUsuel": "Aire de Tours-Val de Loire", "Nature": "S", "GVO": "COFIROUTE", "Surface": 63151.17954, "Réseau": "C", "Axe": "A10", "id_aire": "A000702" }, "geometry": { "type": "Polygon", "coordinates": [ [ [ 0.7742032, 47.4729891 ], [ 0.774686, 47.4733154 ], [ 0.7758617, 47.4740571 ], [ 0.7758988, 47.4740913 ], [ 0.7773146, 47.4748939 ], [ 0.7777911, 47.4751479 ], [ 0.777788, 47.4748192 ], [ 0.7777226, 47.4743916 ], [ 0.7778245, 47.4743833 ], [ 0.7778952, 47.4748495 ], [ 0.7781114, 47.4749092 ], [ 0.7783912, 47.4748968 ], [ 0.7785314, 47.4747905 ], [ 0.7786001, 47.4748056 ], [ 0.7788835, 47.4749934 ], [ 0.7789949, 47.4731836 ], [ 0.7789184, 47.4730811 ], [ 0.7775932, 47.4725173 ], [ 0.7774983, 47.4724783 ], [ 0.7772802, 47.4724281 ], [ 0.7771739, 47.4724247 ], [ 0.7770915, 47.4724353 ], [ 0.7770316, 47.4724504 ], [ 0.7769076, 47.47249 ], [ 0.7766508, 47.4725651 ], [ 0.7765698, 47.4725812 ], [ 0.7764559, 47.4725901 ], [ 0.7761759, 47.4725884 ], [ 0.7760142, 47.4725825 ], [ 0.7758387, 47.4725758 ], [ 0.7748767, 47.4729264 ], [ 0.7747842, 47.4729253 ], [ 0.774454, 47.4727763 ], [ 0.7742032, 47.4729891 ] ] ] } },
{ "type": "Feature", "properties": { "Aire": "RRN C", "NomUsuel": "Aire de Meung sur Loire", "Nature": "S", "GVO": "COFIROUTE", "Surface": 65035.16429, "Réseau": "C", "Axe": "A10", "id_aire": "A000703" }, "geometry": { "type": "Polygon", "coordinates": [ [ [ 1.6389391, 47.8190012 ], [ 1.6387809, 47.8195318 ], [ 1.6373436, 47.8203154 ], [ 1.6374151, 47.8205823 ], [ 1.639239, 47.8214829 ], [ 1.639538, 47.8216142 ], [ 1.6422443, 47.821363 ], [ 1.6427242, 47.8214934 ], [ 1.6434471, 47.8217258 ], [ 1.6437046, 47.821452 ], [ 1.6389391, 47.8190012 ] ] ] } },
{ "type": "Feature", "properties": { "Aire": "RRN C", "NomUsuel": "Aire de Ressons Est", "Nature": "S", "GVO": "SANEF", "Surface": 161968.5583, "Réseau": "C", "Axe": "A1", "id_aire": "A000704" }, "geometry": { "type": "Polygon", "coordinates": [ [ [ 2.7216372, 49.5227427 ], [ 2.7219057, 49.5240765 ], [ 2.7224867, 49.5268999 ], [ 2.7231728, 49.52784 ], [ 2.7231584, 49.5273427 ], [ 2.7231823, 49.5272498 ], [ 2.7233442, 49.5271372 ], [ 2.7234451, 49.5270412 ], [ 2.7234829, 49.5268433 ], [ 2.7235824, 49.5267014 ], [ 2.7236676, 49.5267045 ], [ 2.723726, 49.5267024 ], [ 2.7237341, 49.5267639 ], [ 2.7237145, 49.5269858 ], [ 2.7236264, 49.5269826 ], [ 2.7236157, 49.5271184 ], [ 2.7234658, 49.5271673 ], [ 2.7233681, 49.5272141 ], [ 2.7232873, 49.5272919 ], [ 2.7232762, 49.5273603 ], [ 2.7233239, 49.52785 ], [ 2.7244012, 49.5276874 ], [ 2.7266353, 49.5273992 ], [ 2.7257359, 49.5264145 ], [ 2.7257892, 49.5263223 ], [ 2.7257863, 49.5263091 ], [ 2.7257496, 49.5261393 ], [ 2.7275542, 49.5255279 ], [ 2.727232, 49.525112 ], [ 2.726008, 49.523957 ], [ 2.725418, 49.523398 ], [ 2.7243307, 49.5226769 ], [ 2.7227321, 49.5223836 ], [ 2.7221527, 49.5227249 ], [ 2.7216372, 49.5227427 ] ] ] } },
{ "type": "Feature", "properties": { "Aire": "RRN C", "NomUsuel": "Aire de Ressons Ouest", "Nature": "S", "GVO": "SANEF", "Surface": 82694.37419, "Réseau": "C", "Axe": "A1", "id_aire": "A000705" }, "geometry": { "type": "Polygon", "coordinates": [ [ [ 2.7172923, 49.5181808 ], [ 2.7172953, 49.5181966 ], [ 2.7174156, 49.5188251 ], [ 2.7176624, 49.5204967 ], [ 2.7178727, 49.520858 ], [ 2.7184213, 49.5209002 ], [ 2.7190998, 49.5209524 ], [ 2.7196955, 49.5207753 ], [ 2.7202856, 49.5209042 ], [ 2.7207309, 49.5209459 ], [ 2.7202215, 49.5185912 ], [ 2.719894, 49.5169131 ], [ 2.7194008, 49.5170484 ], [ 2.7188268, 49.5172191 ], [ 2.717982, 49.5174206 ], [ 2.7179118, 49.5174434 ], [ 2.7177858, 49.5174843 ], [ 2.7175122, 49.5177107 ], [ 2.7172923, 49.5181808 ] ] ] } },
{ "type": "Feature", "properties": { "Aire": "RRN C", "NomUsuel": "Aire de Vémars Ouest", "Nature": "S", "GVO": "SANEF", "Surface": 140258.6919, "Réseau": "C", "Axe": "A1", "id_aire": "A000706" }, "geometry": { "type": "Polygon", "coordinates": [ [ [ 2.549525, 49.0755805 ], [ 2.5500813, 49.0759534 ], [ 2.5503924, 49.0759674 ], [ 2.5506408, 49.0757844 ], [ 2.5510914, 49.0753767 ], [ 2.5511129, 49.0747583 ], [ 2.551435, 49.0748357 ], [ 2.5515404, 49.0749308 ], [ 2.5516899, 49.0748067 ], [ 2.5519285, 49.0723407 ], [ 2.5520868, 49.069697 ], [ 2.5522102, 49.0686822 ], [ 2.5510166, 49.0687033 ], [ 2.5504319, 49.0690161 ], [ 2.5496379, 49.0693394 ], [ 2.5489996, 49.0713742 ], [ 2.5491766, 49.071687 ], [ 2.5494, 49.0723619 ], [ 2.5494234, 49.0730365 ], [ 2.5491801, 49.0735533 ], [ 2.5490513, 49.0738871 ], [ 2.5490513, 49.0743018 ], [ 2.5491873, 49.0746846 ], [ 2.5495341, 49.0750819 ], [ 2.549525, 49.0755805 ] ] ] } },
{ "type": "Feature", "properties": { "Aire": "RRN C", "NomUsuel": "Vemars Est", "Nature": "S", "GVO": "SANEF", "Surface": 64913.69395, "Réseau": "C", "Axe": "A1", "id_aire": "A000707" }, "geometry": { "type": "Polygon", "coordinates": [ [ [ 2.5521378, 49.0747865 ], [ 2.5527788, 49.0748533 ], [ 2.5528005, 49.0747163 ], [ 2.5531624, 49.074277 ], [ 2.5535434, 49.0743684 ], [ 2.5542996, 49.0733545 ], [ 2.5543613, 49.0719278 ], [ 2.5544259, 49.0712443 ], [ 2.5543171, 49.0710307 ], [ 2.5538276, 49.070696 ], [ 2.5538144, 49.070508 ], [ 2.5537605, 49.0703305 ], [ 2.5535365, 49.0701548 ], [ 2.5530888, 49.0699501 ], [ 2.5528426, 49.069728 ], [ 2.5526313, 49.0697076 ], [ 2.5521378, 49.0747865 ] ] ] } },
{ "type": "Feature", "properties": { "Aire": "RRN C", "NomUsuel": "MARGUERITTES SUD", "Nature": "S", "GVO": "ASF", "Surface": 74042.466, "Réseau": "C", "Axe": "A9", "id_aire": "A000708" }, "geometry": { "type": "Polygon", "coordinates": [ [ [ 4.4370496, 43.8675557 ], [ 4.4369048, 43.8676426 ], [ 4.43757, 43.8681647 ], [ 4.4385437, 43.8689189 ], [ 4.4399062, 43.8698761 ], [ 4.4400196, 43.8698784 ], [ 4.440676, 43.8696904 ], [ 4.4420359, 43.87046 ], [ 4.4428781, 43.8706959 ], [ 4.4430578, 43.870663 ], [ 4.4434226, 43.8690562 ], [ 4.4414109, 43.8688029 ], [ 4.4410435, 43.8685496 ], [ 4.4407404, 43.8684142 ], [ 4.4402549, 43.8681977 ], [ 4.4393295, 43.8679811 ], [ 4.438954, 43.8677684 ], [ 4.4385584, 43.8676799 ], [ 4.4380367, 43.8675818 ], [ 4.4379529, 43.8675276 ], [ 4.4375834, 43.867488 ], [ 4.4370496, 43.8675557 ] ] ] } },
{ "type": "Feature", "properties": { "Aire": "RRN C", "NomUsuel": "Les Cheres", "Nature": "S", "GVO": "APRR", "Surface": 74055.96924000001, "Réseau": "C", "Axe": "A6", "id_aire": "A000709" }, "geometry": { "type": "Polygon", "coordinates": [ [ [ 4.7301373, 45.9007727 ], [ 4.729845, 45.9016145 ], [ 4.7295526, 45.9025795 ], [ 4.7290054, 45.9045421 ], [ 4.7289947, 45.9048025 ], [ 4.7287185, 45.9058196 ], [ 4.728925, 45.9058887 ], [ 4.7293702, 45.9060334 ], [ 4.7299468, 45.9061509 ], [ 4.7303197, 45.9061845 ], [ 4.7309688, 45.9048967 ], [ 4.7311431, 45.904501 ], [ 4.7312987, 45.9038972 ], [ 4.731424, 45.9035862 ], [ 4.7314525, 45.9035097 ], [ 4.7314919, 45.9034041 ], [ 4.7308884, 45.9032726 ], [ 4.7308427, 45.9032636 ], [ 4.7308615, 45.9030265 ], [ 4.7307327, 45.9029901 ], [ 4.7310077, 45.9019962 ], [ 4.7310922, 45.9016985 ], [ 4.7308508, 45.9011516 ], [ 4.7306047, 45.9005511 ], [ 4.7305335, 45.9003773 ], [ 4.7303948, 45.9003723 ], [ 4.7301373, 45.9007727 ] ] ] } },
{ "type": "Feature", "properties": { "Aire": "RRN C", "NomUsuel": "Aire de Chères Ouest", "Nature": "S", "GVO": "APRR", "Surface": 58610.08552, "Réseau": "C", "Axe": "A6", "id_aire": "A000710" }, "geometry": { "type": "Polygon", "coordinates": [ [ [ 4.7298517, 45.9000841 ], [ 4.7297162, 45.8997722 ], [ 4.7291127, 45.8996322 ], [ 4.7287211, 45.8996229 ], [ 4.7283456, 45.9002837 ], [ 4.7281981, 45.9010471 ], [ 4.7279674, 45.9016444 ], [ 4.7276911, 45.9020923 ], [ 4.7275249, 45.9028259 ], [ 4.7274658, 45.9035855 ], [ 4.72749, 45.9039682 ], [ 4.7276268, 45.9044236 ], [ 4.7277515, 45.9049471 ], [ 4.7278158, 45.9052102 ], [ 4.7278508, 45.9052531 ], [ 4.7278429, 45.9052925 ], [ 4.7278427, 45.9053176 ], [ 4.7279996, 45.9053241 ], [ 4.7281806, 45.9053055 ], [ 4.7282222, 45.9055192 ], [ 4.7283523, 45.9055173 ], [ 4.7284046, 45.904991 ], [ 4.7285012, 45.9043956 ], [ 4.7288606, 45.9029957 ], [ 4.729051, 45.9023705 ], [ 4.7292978, 45.901594 ], [ 4.729507, 45.9010023 ], [ 4.729676, 45.9005151 ], [ 4.7298517, 45.9000841 ] ] ] } },
{ "type": "Feature", "properties": { "Aire": "RRN C", "NomUsuel": "Aire du Haut Forez Nord", "Nature": "S", "GVO": "ASF", "Surface": 41158.29912, "Réseau": "C", "Axe": "A89", "id_aire": "A000711" }, "geometry": { "type": "Polygon", "coordinates": [ [ [ 3.8120111, 45.8556458 ], [ 3.8093843, 45.8552616 ], [ 3.8093492, 45.8552992 ], [ 3.8090365, 45.8556345 ], [ 3.8091758, 45.8560399 ], [ 3.8095046, 45.8561657 ], [ 3.8100859, 45.8562273 ], [ 3.8105673, 45.8561146 ], [ 3.8111072, 45.8559297 ], [ 3.8121693, 45.8560885 ], [ 3.8123598, 45.856365 ], [ 3.812687, 45.8567386 ], [ 3.8128882, 45.8569497 ], [ 3.8136103, 45.8569327 ], [ 3.8142197, 45.8569183 ], [ 3.8143929, 45.8569142 ], [ 3.814405, 45.8567847 ], [ 3.8144191, 45.8566339 ], [ 3.8144331, 45.8564845 ], [ 3.814518, 45.8564348 ], [ 3.8146671, 45.8563375 ], [ 3.8148649, 45.8563444 ], [ 3.8155784, 45.8563724 ], [ 3.815464, 45.8559564 ], [ 3.8120111, 45.8556458 ] ] ] } },
{ "type": "Feature", "properties": { "Aire": "RRN C", "NomUsuel": "HAUT FOREZ SUD", "Nature": "S", "GVO": "ASF", "Surface": 78006.71768, "Réseau": "C", "Axe": "A89", "id_aire": "A000712" }, "geometry": { "type": "Polygon", "coordinates": [ [ [ 3.8114271, 45.8553249 ], [ 3.8144124, 45.8556462 ], [ 3.8145545, 45.8555659 ], [ 3.8147255, 45.8550405 ], [ 3.8137706, 45.8544726 ], [ 3.8127943, 45.8538654 ], [ 3.8124671, 45.8537067 ], [ 3.811818, 45.8533368 ], [ 3.8106834, 45.8532975 ], [ 3.8102703, 45.8538019 ], [ 3.809699, 45.8538318 ], [ 3.8094335, 45.8540224 ], [ 3.8074433, 45.8543343 ], [ 3.8073193, 45.8546001 ], [ 3.8097936, 45.8550522 ], [ 3.8114271, 45.8553249 ] ] ] } },
{ "type": "Feature", "properties": { "Aire": "RRN C", "NomUsuel": "Drace", "Nature": "S", "GVO": "APRR", "Surface": 86101.72164, "Réseau": "C", "Axe": "A6", "id_aire": "A000713" }, "geometry": { "type": "Polygon", "coordinates": [ [ [ 4.7667626, 46.1391742 ], [ 4.7666205, 46.1391916 ], [ 4.7665027, 46.1392348 ], [ 4.7663632, 46.1393611 ], [ 4.7655632, 46.1393397 ], [ 4.7651873, 46.1393601 ], [ 4.7654098, 46.1400263 ], [ 4.7655639, 46.1404223 ], [ 4.7659824, 46.1416284 ], [ 4.766374, 46.141844 ], [ 4.7663577, 46.1419469 ], [ 4.7664159, 46.1422023 ], [ 4.7663651, 46.1422519 ], [ 4.7661846, 46.1422902 ], [ 4.7662011, 46.1423372 ], [ 4.7662308, 46.1423925 ], [ 4.7662433, 46.1424125 ], [ 4.766286, 46.1424814 ], [ 4.7664129, 46.1426893 ], [ 4.7664935, 46.1428195 ], [ 4.7666099, 46.1429209 ], [ 4.7666546, 46.143016 ], [ 4.7672692, 46.1449865 ], [ 4.7673836, 46.1452366 ], [ 4.7674187, 46.14527 ], [ 4.7674656, 46.1452756 ], [ 4.7675662, 46.1452561 ], [ 4.7676137, 46.1453479 ], [ 4.767627, 46.1453736 ], [ 4.7676512, 46.1454203 ], [ 4.7683963, 46.145308 ], [ 4.7687423, 46.145466 ], [ 4.7689618, 46.1455869 ], [ 4.769024, 46.1455552 ], [ 4.7679189, 46.1421135 ], [ 4.7671491, 46.1399725 ], [ 4.7668809, 46.139166 ], [ 4.7667626, 46.1391742 ] ] ] } },
{ "type": "Feature", "properties": { "Aire": "RRN C", "NomUsuel": "Taponas", "Nature": "S", "GVO": "APRR", "Surface": 107226.1256, "Réseau": "C", "Axe": "A6", "id_aire": "A000714" }, "geometry": { "type": "Polygon", "coordinates": [ [ [ 4.7659389, 46.1329176 ], [ 4.7658553, 46.1329337 ], [ 4.7658701, 46.1330904 ], [ 4.765987, 46.1337794 ], [ 4.7661626, 46.1345933 ], [ 4.7664644, 46.1359234 ], [ 4.7668505, 46.1374328 ], [ 4.7670512, 46.1381265 ], [ 4.7671275, 46.1382444 ], [ 4.767199, 46.1385114 ], [ 4.7672181, 46.1387024 ], [ 4.7672753, 46.1389046 ], [ 4.7674418, 46.1389815 ], [ 4.7676856, 46.1389522 ], [ 4.7678215, 46.1389021 ], [ 4.7681844, 46.1387682 ], [ 4.7691288, 46.1380064 ], [ 4.7693034, 46.1377846 ], [ 4.7688727, 46.1360324 ], [ 4.7688562, 46.136002 ], [ 4.7688366, 46.135915 ], [ 4.7685867, 46.1358143 ], [ 4.7685394, 46.1357925 ], [ 4.7685205, 46.1357401 ], [ 4.7685144, 46.1356778 ], [ 4.7684957, 46.1355945 ], [ 4.7684854, 46.1355245 ], [ 4.7685728, 46.1353554 ], [ 4.7686085, 46.1353022 ], [ 4.768672, 46.1352779 ], [ 4.7683481, 46.133644 ], [ 4.7682864, 46.1334953 ], [ 4.7682435, 46.1332983 ], [ 4.76753, 46.1333986 ], [ 4.7668433, 46.133196 ], [ 4.7659389, 46.1329176 ] ] ] } },
{ "type": "Feature", "properties": { "Aire": "RRN C", "NomUsuel": "PLAINE DU FOREZ OUEST", "Nature": "S", "GVO": "ASF", "Surface": 41190.18845, "Réseau": "C", "Axe": "A72", "id_aire": "A000715" }, "geometry": { "type": "Polygon", "coordinates": [ [ [ 4.155238, 45.6799274 ], [ 4.1541128, 45.680528 ], [ 4.1539076, 45.6806733 ], [ 4.1535965, 45.6817676 ], [ 4.1537306, 45.6826146 ], [ 4.1542912, 45.6828939 ], [ 4.1545763, 45.6830036 ], [ 4.1546276, 45.6830238 ], [ 4.1547099, 45.6830664 ], [ 4.1550187, 45.683456 ], [ 4.1552218, 45.6840741 ], [ 4.1553808, 45.6840566 ], [ 4.155354, 45.6830653 ], [ 4.1553754, 45.681347 ], [ 4.1554546, 45.6799818 ], [ 4.155238, 45.6799274 ] ] ] } },
{ "type": "Feature", "properties": { "Aire": "RRN C", "NomUsuel": "Aire de la plaine du Forez Est", "Nature": "S", "GVO": "ASF", "Surface": 43384.98476, "Réseau": "C", "Axe": "A72", "id_aire": "A000716" }, "geometry": { "type": "Polygon", "coordinates": [ [ [ 4.1559232, 45.6821555 ], [ 4.1562063, 45.6821724 ], [ 4.1570796, 45.6824286 ], [ 4.157202, 45.6822923 ], [ 4.1573279, 45.6817477 ], [ 4.1574884, 45.6799998 ], [ 4.1571531, 45.6799227 ], [ 4.1570994, 45.6798665 ], [ 4.1571078, 45.6798309 ], [ 4.157183, 45.679512 ], [ 4.1566878, 45.6791789 ], [ 4.1563244, 45.6788313 ], [ 4.15629, 45.6783368 ], [ 4.1559964, 45.6784217 ], [ 4.1558354, 45.6798459 ], [ 4.1556826, 45.6820909 ], [ 4.1559232, 45.6821555 ] ] ] } },
{ "type": "Feature", "properties": { "Aire": "RRN C", "NomUsuel": "Aire du pays d'Argentan", "Nature": "S", "GVO": "ALICORNE", "Surface": 40240.29452, "Réseau": "C", "Axe": "A88", "id_aire": "A000717" }, "geometry": { "type": "Polygon", "coordinates": [ [ [ -0.058368, 48.7230515 ], [ -0.0580878, 48.7231215 ], [ -0.0573181, 48.7233147 ], [ -0.0571165, 48.7232914 ], [ -0.0568027, 48.7231833 ], [ -0.0563224, 48.7232175 ], [ -0.0560939, 48.7232086 ], [ -0.0558874, 48.7231251 ], [ -0.055744, 48.7230053 ], [ -0.0555195, 48.7226822 ], [ -0.0555096, 48.7224333 ], [ -0.0558032, 48.7217621 ], [ -0.0560128, 48.7217104 ], [ -0.0561495, 48.7216411 ], [ -0.0562316, 48.7215041 ], [ -0.0561546, 48.7214421 ], [ -0.0564157, 48.7209377 ], [ -0.0567822, 48.7208066 ], [ -0.0570538, 48.7208029 ], [ -0.0572484, 48.7209227 ], [ -0.0575818, 48.7214972 ], [ -0.0577127, 48.7215524 ], [ -0.0586402, 48.7230208 ], [ -0.0584375, 48.7230776 ], [ -0.058368, 48.7230515 ] ] ] } },
{ "type": "Feature", "properties": { "Aire": "RRN C", "NomUsuel": "Les Crets Blancs", "Nature": "S", "GVO": "AREA", "Surface": 37702.22489, "Réseau": "C", "Axe": "A410", "id_aire": "A000718" }, "geometry": { "type": "Polygon", "coordinates": [ [ [ 6.1650528, 45.9980843 ], [ 6.1649609, 45.9980479 ], [ 6.1649364, 45.9980896 ], [ 6.1648919, 45.9981634 ], [ 6.1648972, 45.9981774 ], [ 6.1645163, 45.9981756 ], [ 6.1643876, 45.99817 ], [ 6.1643299, 45.9981588 ], [ 6.1642803, 45.9982668 ], [ 6.1647351, 45.998398 ], [ 6.1663215, 45.9989283 ], [ 6.1664209, 45.998929 ], [ 6.1678264, 45.999432 ], [ 6.1680436, 45.9995606 ], [ 6.1696474, 46.000173 ], [ 6.1696957, 46.0001059 ], [ 6.1700283, 46.0002419 ], [ 6.1700732, 46.0002 ], [ 6.1695435, 45.9997099 ], [ 6.1684813, 45.9985101 ], [ 6.1680206, 45.9982836 ], [ 6.1675719, 45.9981329 ], [ 6.1674017, 45.9982035 ], [ 6.1665058, 45.9980041 ], [ 6.1663865, 45.997993 ], [ 6.1660834, 45.9980116 ], [ 6.1655147, 45.9980982 ], [ 6.1654893, 45.9980964 ], [ 6.165213, 45.9981411 ], [ 6.1651741, 45.9981392 ], [ 6.1651379, 45.9981318 ], [ 6.1650528, 45.9980843 ] ] ] } },
{ "type": "Feature", "properties": { "Aire": "RRN C", "NomUsuel": "Groisy", "Nature": "S", "GVO": "AREA", "Surface": 35290.42832, "Réseau": "C", "Axe": "A410", "id_aire": "A000719" }, "geometry": { "type": "Polygon", "coordinates": [ [ [ 6.1696711, 46.000536 ], [ 6.1697361, 46.0005323 ], [ 6.1697308, 46.000508 ], [ 6.1693928, 46.0004037 ], [ 6.1694404, 46.0003413 ], [ 6.1688832, 46.0001792 ], [ 6.1671719, 45.9995811 ], [ 6.1662975, 45.9992942 ], [ 6.1649826, 45.9987324 ], [ 6.1649249, 45.9987995 ], [ 6.1642718, 45.9985572 ], [ 6.1641538, 45.9986681 ], [ 6.1648927, 45.9990734 ], [ 6.1652816, 45.9996854 ], [ 6.1653849, 45.9998112 ], [ 6.1659133, 46.0002565 ], [ 6.1667072, 46.0008257 ], [ 6.1667649, 46.0006692 ], [ 6.1670881, 46.0007465 ], [ 6.1672517, 46.0007791 ], [ 6.1673523, 46.0007885 ], [ 6.1674422, 46.0007894 ], [ 6.1675441, 46.0007847 ], [ 6.1676178, 46.0007791 ], [ 6.167764, 46.0007521 ], [ 6.1678684, 46.0008111 ], [ 6.1679142, 46.0007931 ], [ 6.1679826, 46.0007149 ], [ 6.168271, 46.0005714 ], [ 6.1685928, 46.0004568 ], [ 6.1695826, 46.0006366 ], [ 6.1696711, 46.000536 ] ] ] } },
{ "type": "Feature", "properties": { "Aire": "RRN C", "NomUsuel": "Gevrey - Chambertin Est", "Nature": "S", "GVO": "APRR", "Surface": 65016.1706, "Réseau": "C", "Axe": "A31", "id_aire": "A000720" }, "geometry": { "type": "Polygon", "coordinates": [ [ [ 5.0085042, 47.2215065 ], [ 5.0080757, 47.2216011 ], [ 5.0080322, 47.2216694 ], [ 5.0082579, 47.2218697 ], [ 5.0115823, 47.2248119 ], [ 5.0120268, 47.2247179 ], [ 5.0118055, 47.2239625 ], [ 5.0116645, 47.2234888 ], [ 5.0116557, 47.2234117 ], [ 5.0117389, 47.223335 ], [ 5.0124804, 47.2229525 ], [ 5.012197, 47.2226957 ], [ 5.0120001, 47.2226921 ], [ 5.0120482, 47.2223419 ], [ 5.0115712, 47.2217185 ], [ 5.0110382, 47.221585 ], [ 5.0090843, 47.2210099 ], [ 5.0087779, 47.2210568 ], [ 5.0085042, 47.2215065 ] ] ] } },
{ "type": "Feature", "properties": { "Aire": "RRN C", "NomUsuel": "Aire de Gevrey-Chambertin Ouest", "Nature": "S", "GVO": "APRR", "Surface": 96298.44511, "Réseau": "C", "Axe": "A31", "id_aire": "A000721" }, "geometry": { "type": "Polygon", "coordinates": [ [ [ 5.0046159, 47.2189913 ], [ 5.0047242, 47.2189265 ], [ 5.0029312, 47.2167936 ], [ 5.0019266, 47.2154996 ], [ 5.0018053, 47.2155187 ], [ 5.0017685, 47.2154955 ], [ 5.0015267, 47.2153702 ], [ 5.0014582, 47.2152754 ], [ 5.0012812, 47.2149181 ], [ 5.0005598, 47.2151384 ], [ 4.9999218, 47.2189931 ], [ 5.0003953, 47.2193787 ], [ 5.0004662, 47.219383 ], [ 5.0005345, 47.2193712 ], [ 5.0005431, 47.2193969 ], [ 5.0005596, 47.2194173 ], [ 5.0005771, 47.2194145 ], [ 5.0026762, 47.2189947 ], [ 5.0028907, 47.2189427 ], [ 5.0029576, 47.2189111 ], [ 5.0030143, 47.2188577 ], [ 5.0031828, 47.2185652 ], [ 5.0032148, 47.2184416 ], [ 5.0036023, 47.2185583 ], [ 5.00406, 47.2187149 ], [ 5.0042173, 47.2187836 ], [ 5.0043268, 47.2188593 ], [ 5.0045519, 47.2190216 ], [ 5.0046159, 47.2189913 ] ] ] } },
{ "type": "Feature", "properties": { "Aire": "RRN C", "NomUsuel": "LANGRES PERROGNEY", "Nature": "S", "GVO": "APRR", "Surface": 114084.7515, "Réseau": "C", "Axe": "A31", "id_aire": "A000722" }, "geometry": { "type": "Polygon", "coordinates": [ [ [ 5.2227455, 47.8113395 ], [ 5.2220907, 47.8117219 ], [ 5.2205023, 47.8127235 ], [ 5.2202097, 47.8135925 ], [ 5.2201958, 47.8136338 ], [ 5.2200185, 47.813866 ], [ 5.2198631, 47.8144586 ], [ 5.2198791, 47.8146495 ], [ 5.22002, 47.8148972 ], [ 5.2201299, 47.8149737 ], [ 5.2203378, 47.8150629 ], [ 5.2206516, 47.8153898 ], [ 5.2207857, 47.8154339 ], [ 5.2214885, 47.8158869 ], [ 5.2216843, 47.8159058 ], [ 5.2217835, 47.8158671 ], [ 5.2218453, 47.8159136 ], [ 5.2220786, 47.8160526 ], [ 5.2223468, 47.8161409 ], [ 5.2232936, 47.8167479 ], [ 5.2234438, 47.8169136 ], [ 5.2235301, 47.816909 ], [ 5.2237442, 47.8168974 ], [ 5.2236421, 47.8160445 ], [ 5.2235942, 47.8154859 ], [ 5.2235507, 47.8149224 ], [ 5.2235339, 47.8143037 ], [ 5.2234973, 47.8142449 ], [ 5.2234757, 47.8139312 ], [ 5.2235042, 47.8137335 ], [ 5.2234626, 47.8129429 ], [ 5.2234021, 47.8128759 ], [ 5.2233687, 47.8128357 ], [ 5.2234626, 47.8125169 ], [ 5.2235323, 47.8114415 ], [ 5.2227455, 47.8113395 ] ] ] } },
{ "type": "Feature", "properties": { "Aire": "RRN C", "NomUsuel": "Langres - Noidant", "Nature": "S", "GVO": "APRR", "Surface": 104733.2276, "Réseau": "C", "Axe": "A31", "id_aire": "A000723" }, "geometry": { "type": "Polygon", "coordinates": [ [ [ 5.2257797, 47.8170889 ], [ 5.2274859, 47.8157699 ], [ 5.2275664, 47.8155987 ], [ 5.2274832, 47.8155888 ], [ 5.2275409, 47.815288 ], [ 5.2274805, 47.815234 ], [ 5.2274997, 47.8151814 ], [ 5.22751, 47.8151196 ], [ 5.2276522, 47.8150782 ], [ 5.2276388, 47.8145577 ], [ 5.2275784, 47.8143505 ], [ 5.2273679, 47.8139786 ], [ 5.2272271, 47.8138462 ], [ 5.2260321, 47.8130257 ], [ 5.2258806, 47.8129771 ], [ 5.2258001, 47.8129924 ], [ 5.2257587, 47.8129385 ], [ 5.2257183, 47.8128951 ], [ 5.2254488, 47.8127537 ], [ 5.2253214, 47.81277 ], [ 5.2248922, 47.8125115 ], [ 5.2244255, 47.8122683 ], [ 5.2243176, 47.8121816 ], [ 5.2242124, 47.8122041 ], [ 5.2240349, 47.8122467 ], [ 5.224077, 47.8140156 ], [ 5.2241397, 47.8141562 ], [ 5.2241529, 47.8145386 ], [ 5.224093, 47.814816 ], [ 5.2240751, 47.8153951 ], [ 5.2241376, 47.8154806 ], [ 5.224249, 47.8156036 ], [ 5.2242084, 47.8160401 ], [ 5.2244031, 47.8168562 ], [ 5.2250987, 47.8171525 ], [ 5.2257797, 47.8170889 ] ] ] } },
{ "type": "Feature", "properties": { "Aire": "RRN C", "NomUsuel": "Saint-Hilaire-Cottes", "Nature": "S", "GVO": "SANEF", "Surface": 25038.3387, "Réseau": "C", "Axe": "A26", "id_aire": "A000724" }, "geometry": { "type": "Polygon", "coordinates": [ [ [ 2.3800166, 50.5735153 ], [ 2.3800313, 50.5734778 ], [ 2.3800434, 50.5734514 ], [ 2.3800593, 50.5734165 ], [ 2.3803116, 50.5733628 ], [ 2.3813537, 50.5726925 ], [ 2.3814207, 50.5726107 ], [ 2.3814476, 50.5725392 ], [ 2.3814537, 50.5721918 ], [ 2.3814663, 50.5720332 ], [ 2.381465, 50.5718961 ], [ 2.3813979, 50.5716891 ], [ 2.3813751, 50.5715307 ], [ 2.381402, 50.5713995 ], [ 2.3814449, 50.5713195 ], [ 2.3813981, 50.5712976 ], [ 2.381359, 50.5712803 ], [ 2.3788364, 50.5728364 ], [ 2.3784341, 50.5731345 ], [ 2.3785427, 50.5731933 ], [ 2.3788284, 50.57327 ], [ 2.3800166, 50.5735153 ] ] ] } },
{ "type": "Feature", "properties": { "Aire": "RRN C", "NomUsuel": "Rely", "Nature": "S", "GVO": "SANEF", "Surface": 26907.34965, "Réseau": "C", "Axe": "A26", "id_aire": "A000725" }, "geometry": { "type": "Polygon", "coordinates": [ [ [ 2.3765042, 50.5735161 ], [ 2.3766313, 50.5735346 ], [ 2.3767043, 50.5735485 ], [ 2.3798218, 50.5715137 ], [ 2.3796894, 50.5714557 ], [ 2.3795451, 50.5714695 ], [ 2.3793708, 50.5714431 ], [ 2.3792061, 50.5714137 ], [ 2.3782638, 50.5712377 ], [ 2.3779902, 50.571265 ], [ 2.3767792, 50.5720247 ], [ 2.3766088, 50.5721951 ], [ 2.3766062, 50.5724557 ], [ 2.3766217, 50.5728424 ], [ 2.3766209, 50.5731328 ], [ 2.3765579, 50.5731311 ], [ 2.3765042, 50.5735161 ] ] ] } },
{ "type": "Feature", "properties": { "Aire": "RRN C", "NomUsuel": "CARCASSONNE ARZENS NORD", "Nature": "S", "GVO": "ASF", "Surface": 87108.57896, "Réseau": "C", "Axe": "A61", "id_aire": "A000726" }, "geometry": { "type": "Polygon", "coordinates": [ [ [ 2.2191089, 43.2186436 ], [ 2.217012, 43.2191139 ], [ 2.2159787, 43.2192916 ], [ 2.2143727, 43.2196065 ], [ 2.2145524, 43.2200072 ], [ 2.2149829, 43.2204299 ], [ 2.2150332, 43.2202901 ], [ 2.2151447, 43.2202382 ], [ 2.2152612, 43.2202248 ], [ 2.2153191, 43.2202253 ], [ 2.2153258, 43.2203037 ], [ 2.2151513, 43.2203703 ], [ 2.2150767, 43.220497 ], [ 2.2153877, 43.2208378 ], [ 2.2160189, 43.2214944 ], [ 2.2162626, 43.2216259 ], [ 2.2168424, 43.2214221 ], [ 2.2177609, 43.2211729 ], [ 2.2183518, 43.2209239 ], [ 2.2191727, 43.2202702 ], [ 2.2199202, 43.2195701 ], [ 2.2199189, 43.2193092 ], [ 2.2197687, 43.2189476 ], [ 2.2200255, 43.2184816 ], [ 2.2192353, 43.2186982 ], [ 2.2191089, 43.2186436 ] ] ] } },
{ "type": "Feature", "properties": { "Aire": "RRN C", "NomUsuel": "Porte des Landes Ouest", "Nature": "S", "GVO": "ATLANDES", "Surface": 132818.1378, "Réseau": "C", "Axe": "A63", "id_aire": "A000727" }, "geometry": { "type": "Polygon", "coordinates": [ [ [ -0.8494435, 44.364654 ], [ -0.8496809, 44.364159 ], [ -0.8495575, 44.3640785 ], [ -0.8505982, 44.3625674 ], [ -0.8517784, 44.3607246 ], [ -0.8528821, 44.3590661 ], [ -0.8532147, 44.3593211 ], [ -0.8552183, 44.3606252 ], [ -0.8551191, 44.3608475 ], [ -0.8546618, 44.3611369 ], [ -0.8543118, 44.3612446 ], [ -0.8539523, 44.3614382 ], [ -0.8537458, 44.3616211 ], [ -0.8536023, 44.3615511 ], [ -0.8534628, 44.361717 ], [ -0.8535446, 44.3617805 ], [ -0.8536921, 44.362096 ], [ -0.8537297, 44.3630088 ], [ -0.853102, 44.3640461 ], [ -0.8518655, 44.364631 ], [ -0.8494435, 44.364654 ] ] ] } },
{ "type": "Feature", "properties": { "Aire": "RRN C", "NomUsuel": "LES PYRENEES", "Nature": "S", "GVO": "ASF", "Surface": 92365.12135, "Réseau": "C", "Axe": "A64", "id_aire": "A000728" }, "geometry": { "type": "Polygon", "coordinates": [ [ [ -0.082472088394818, 43.233236584734541 ], [ -0.079993545458321, 43.231730564649681 ], [ -0.079597076408271, 43.231181172016768 ], [ -0.079223730061697, 43.230281103041307 ], [ -0.078968410599511, 43.229676709135497 ], [ -0.078303080119077, 43.229226734371437 ], [ -0.076780105355423, 43.228641492705947 ], [ -0.077526874331843, 43.228701758836067 ], [ -0.078092120734767, 43.228495340570696 ], [ -0.079246498602025, 43.228530376504025 ], [ -0.081448361576805, 43.22973166932362 ], [ -0.082939620381495, 43.2322445439153 ], [ -0.082472088394818, 43.233236584734541 ] ] ] } },
{ "type": "Feature", "properties": { "Aire": "RRN C", "NomUsuel": "Bosgouet Nord", "Nature": "S", "GVO": "SAPN", "Surface": 53861.75873, "Réseau": "C", "Axe": "A13", "id_aire": "A000729" }, "geometry": { "type": "Polygon", "coordinates": [ [ [ 0.8614665, 49.361454 ], [ 0.8613708, 49.3615055 ], [ 0.8612707, 49.3616173 ], [ 0.8614906, 49.3622951 ], [ 0.8625581, 49.3626095 ], [ 0.8634111, 49.3626925 ], [ 0.8640575, 49.3627047 ], [ 0.8649426, 49.3625772 ], [ 0.8654549, 49.3618418 ], [ 0.8659565, 49.3610871 ], [ 0.866155, 49.3605962 ], [ 0.8661231, 49.3604964 ], [ 0.8660974, 49.3604294 ], [ 0.8635801, 49.3610164 ], [ 0.8614665, 49.361454 ] ] ] } },
{ "type": "Feature", "properties": { "Aire": "RRN C", "NomUsuel": "Bosgouet Sud", "Nature": "S", "GVO": "SAPN", "Surface": 63543.30576, "Réseau": "C", "Axe": "A13", "id_aire": "A000730" }, "geometry": { "type": "Polygon", "coordinates": [ [ [ 0.8587173, 49.3616417 ], [ 0.8608201, 49.3612697 ], [ 0.8634983, 49.360722 ], [ 0.863533, 49.3606727 ], [ 0.863564, 49.3606329 ], [ 0.8635398, 49.3601115 ], [ 0.863501, 49.3599542 ], [ 0.8634433, 49.3598494 ], [ 0.8630034, 49.3593367 ], [ 0.86201, 49.3594084 ], [ 0.8617159, 49.359536 ], [ 0.8602246, 49.3596068 ], [ 0.8602556, 49.3599903 ], [ 0.8601032, 49.3599996 ], [ 0.8600338, 49.3594884 ], [ 0.8589183, 49.3595454 ], [ 0.8586716, 49.3614391 ], [ 0.8586914, 49.3615425 ], [ 0.8587173, 49.3616417 ] ] ] } },
{ "type": "Feature", "properties": { "Aire": "RRN C", "NomUsuel": "Croixrault", "Nature": "S", "GVO": "SANEF", "Surface": 78957.32024, "Réseau": "C", "Axe": "A29", "id_aire": "A000731" }, "geometry": { "type": "Polygon", "coordinates": [ [ [ 1.9677419, 49.8081875 ], [ 1.9679534, 49.8082285 ], [ 1.9718457, 49.8089838 ], [ 1.9723822, 49.8089665 ], [ 1.9724634, 49.8089797 ], [ 1.9728439, 49.8090416 ], [ 1.9730634, 49.8090773 ], [ 1.9734121, 49.808461 ], [ 1.9711698, 49.8068755 ], [ 1.9707299, 49.8062904 ], [ 1.9693566, 49.8059615 ], [ 1.9690778, 49.8062181 ], [ 1.9687397, 49.8065293 ], [ 1.9680477, 49.8072459 ], [ 1.9676025, 49.8080179 ], [ 1.9677419, 49.8081875 ] ] ] } },
{ "type": "Feature", "properties": { "Aire": "RRN C", "NomUsuel": "La Vallee de l'Erve", "Nature": "S", "GVO": "COFIROUTE", "Surface": 45687.31138, "Réseau": "C", "Axe": "A81", "id_aire": "A000732" }, "geometry": { "type": "Polygon", "coordinates": [ [ [ -0.344688, 48.0280991 ], [ -0.3427488, 48.0273744 ], [ -0.3392646, 48.0262533 ], [ -0.3393719, 48.0261601 ], [ -0.3395167, 48.0260344 ], [ -0.3414801, 48.0256219 ], [ -0.3437063, 48.026395 ], [ -0.3447551, 48.0277511 ], [ -0.3448221, 48.0279771 ], [ -0.3447551, 48.0280381 ], [ -0.344688, 48.0280991 ] ] ] } },
{ "type": "Feature", "properties": { "Aire": "RRN C", "NomUsuel": "St Denis d'Orques", "Nature": "S", "GVO": "COFIROUTE", "Surface": 37306.09741, "Réseau": "C", "Axe": "A81", "id_aire": "A000733" }, "geometry": { "type": "Polygon", "coordinates": [ [ [ -0.3280771, 48.0237025 ], [ -0.3280739, 48.0237484 ], [ -0.3280664, 48.0238549 ], [ -0.3262666, 48.0243806 ], [ -0.3260467, 48.0244003 ], [ -0.3257221, 48.0243501 ], [ -0.3253989, 48.0242559 ], [ -0.3252018, 48.0241375 ], [ -0.3246633, 48.0239613 ], [ -0.3246023, 48.0239536 ], [ -0.3246211, 48.0238971 ], [ -0.3243743, 48.0238495 ], [ -0.324322, 48.0239644 ], [ -0.3237828, 48.0239321 ], [ -0.3236488, 48.023785 ], [ -0.3229004, 48.0228252 ], [ -0.3231492, 48.0226229 ], [ -0.3232357, 48.0225525 ], [ -0.3254512, 48.0231374 ], [ -0.3280771, 48.0237025 ] ] ] } },
{ "type": "Feature", "properties": { "Aire": "RRN C", "NomUsuel": "La Sarthe-Sarge-Le Mans Nord", "Nature": "S", "GVO": "COFIROUTE", "Surface": 57078.43524, "Réseau": "C", "Axe": "A11", "id_aire": "A000734" }, "geometry": { "type": "Polygon", "coordinates": [ [ [ 0.2526051, 48.0560408 ], [ 0.2523502, 48.0561823 ], [ 0.2511033, 48.0564067 ], [ 0.2516744, 48.0571743 ], [ 0.2522269, 48.0576435 ], [ 0.252471, 48.0575719 ], [ 0.252884, 48.0574714 ], [ 0.2553517, 48.0569085 ], [ 0.2562904, 48.0566718 ], [ 0.2564782, 48.0565356 ], [ 0.2561939, 48.0559942 ], [ 0.2562503, 48.0555297 ], [ 0.2559803, 48.0552242 ], [ 0.2547577, 48.0555675 ], [ 0.2526051, 48.0560408 ] ] ] } },
{ "type": "Feature", "properties": { "Aire": "RRN C", "NomUsuel": "La Sarthe-Sarge-Le Mans Sud", "Nature": "S", "GVO": "COFIROUTE", "Surface": 59659.67604, "Réseau": "C", "Axe": "A11", "id_aire": "A000735" }, "geometry": { "type": "Polygon", "coordinates": [ [ [ 0.2505683, 48.0560919 ], [ 0.2508751, 48.0560278 ], [ 0.2534844, 48.0554724 ], [ 0.2549681, 48.0551314 ], [ 0.2550149, 48.0548487 ], [ 0.2562966, 48.0545156 ], [ 0.2542776, 48.0535068 ], [ 0.2525922, 48.0539345 ], [ 0.2520727, 48.0542946 ], [ 0.2515571, 48.0545925 ], [ 0.2518836, 48.0548822 ], [ 0.251669, 48.0549754 ], [ 0.2509823, 48.0552443 ], [ 0.2500838, 48.0555276 ], [ 0.2503118, 48.0558809 ], [ 0.250008, 48.0559421 ], [ 0.2500971, 48.0560915 ], [ 0.2505261, 48.0560052 ], [ 0.2505683, 48.0560919 ] ] ] } },
{ "type": "Feature", "properties": { "Aire": "RRN C", "NomUsuel": "Villaines-la-Gonais", "Nature": "S", "GVO": "COFIROUTE", "Surface": 34903.59948, "Réseau": "C", "Axe": "A11", "id_aire": "A000736" }, "geometry": { "type": "Polygon", "coordinates": [ [ [ 0.6204338, 48.1248749 ], [ 0.6242506, 48.1264164 ], [ 0.6244759, 48.1262356 ], [ 0.6242452, 48.1259706 ], [ 0.6242935, 48.1250915 ], [ 0.6243284, 48.1247245 ], [ 0.6225608, 48.1242411 ], [ 0.6216435, 48.1246815 ], [ 0.6208013, 48.1248284 ], [ 0.6205277, 48.1247746 ], [ 0.6204338, 48.1248749 ] ] ] } },
{ "type": "Feature", "properties": { "Aire": "RRN C", "NomUsuel": "La Ferte Bernard", "Nature": "S", "GVO": "COFIROUTE", "Surface": 57977.42558, "Réseau": "C", "Axe": "A11", "id_aire": "A000737" }, "geometry": { "type": "Polygon", "coordinates": [ [ [ 0.6206632, 48.1253489 ], [ 0.6203896, 48.1257321 ], [ 0.6202045, 48.1261671 ], [ 0.6209046, 48.1265359 ], [ 0.6207088, 48.1271142 ], [ 0.6232864, 48.1282564 ], [ 0.6249574, 48.1276137 ], [ 0.6253248, 48.1272879 ], [ 0.6236029, 48.1265037 ], [ 0.6206632, 48.1253489 ] ] ] } },
{ "type": "Feature", "properties": { "Aire": "RRN C", "NomUsuel": "Chartres-Gasville", "Nature": "S", "GVO": "COFIROUTE", "Surface": 56994.44637, "Réseau": "C", "Axe": "A11", "id_aire": "A000738" }, "geometry": { "type": "Polygon", "coordinates": [ [ [ 1.5760446, 48.4669745 ], [ 1.5757334, 48.46738 ], [ 1.576184, 48.4675525 ], [ 1.5772247, 48.4682301 ], [ 1.5781528, 48.4689308 ], [ 1.57848, 48.4691531 ], [ 1.5794349, 48.4695123 ], [ 1.5808162, 48.469779 ], [ 1.5816021, 48.4689663 ], [ 1.5817872, 48.468536 ], [ 1.5775627, 48.4673942 ], [ 1.5760446, 48.4669745 ] ] ] } },
{ "type": "Feature", "properties": { "Aire": "RRN C", "NomUsuel": "Acheres - La Foret", "Nature": "S", "GVO": "APRR", "Surface": 27569.89714, "Réseau": "C", "Axe": "A6", "id_aire": "A000739" }, "geometry": { "type": "Polygon", "coordinates": [ [ [ 2.5744593, 48.3610851 ], [ 2.574411, 48.3610014 ], [ 2.5750601, 48.3606022 ], [ 2.5747865, 48.3603295 ], [ 2.5740217, 48.3606029 ], [ 2.5733054, 48.3608533 ], [ 2.5710292, 48.3625485 ], [ 2.5712401, 48.3629156 ], [ 2.5712992, 48.363013 ], [ 2.5713667, 48.3630989 ], [ 2.5715893, 48.3631952 ], [ 2.5726569, 48.3623772 ], [ 2.5744593, 48.3610851 ] ] ] } },
{ "type": "Feature", "properties": { "Aire": "RRN C", "NomUsuel": "Acheres", "Nature": "S", "GVO": "APRR", "Surface": 19361.48037, "Réseau": "C", "Axe": "A6", "id_aire": "A000740" }, "geometry": { "type": "Polygon", "coordinates": [ [ [ 2.5747168, 48.3613721 ], [ 2.5738209, 48.3620885 ], [ 2.5727856, 48.3628708 ], [ 2.5721043, 48.3633395 ], [ 2.5722009, 48.363409 ], [ 2.5723833, 48.3633662 ], [ 2.5735956, 48.3632736 ], [ 2.5746712, 48.3625073 ], [ 2.5752532, 48.3620707 ], [ 2.5751862, 48.3617517 ], [ 2.5751808, 48.361602 ], [ 2.5747168, 48.3613721 ] ] ] } },
{ "type": "Feature", "properties": { "Aire": "RRN C", "NomUsuel": "La Reserve", "Nature": "S", "GVO": "APRR", "Surface": 45177.90257, "Réseau": "C", "Axe": "A6", "id_aire": "A000741" }, "geometry": { "type": "Polygon", "coordinates": [ [ [ 3.2000148, 47.9726688 ], [ 3.1997868, 47.9725637 ], [ 3.1985825, 47.9726068 ], [ 3.1986121, 47.9724308 ], [ 3.1982365, 47.9720106 ], [ 3.1957367, 47.9735154 ], [ 3.1966971, 47.9741646 ], [ 3.1966582, 47.9745778 ], [ 3.1966454, 47.9747133 ], [ 3.1966969, 47.9747733 ], [ 3.1967372, 47.9750319 ], [ 3.1968713, 47.9751171 ], [ 3.2000148, 47.9726688 ] ] ] } },
{ "type": "Feature", "properties": { "Aire": "RRN C", "NomUsuel": "La Couline", "Nature": "S", "GVO": "APRR", "Surface": 48414.07956, "Réseau": "C", "Axe": "A6", "id_aire": "A000742" }, "geometry": { "type": "Polygon", "coordinates": [ [ [ 3.1968659, 47.9758282 ], [ 3.196941, 47.9768876 ], [ 3.2001261, 47.9756558 ], [ 3.1990747, 47.9750776 ], [ 3.2002536, 47.9741053 ], [ 3.2004319, 47.973792 ], [ 3.2003649, 47.9737704 ], [ 3.2003206, 47.9735334 ], [ 3.200224, 47.9735047 ], [ 3.2002791, 47.9732726 ], [ 3.2003005, 47.9731824 ], [ 3.2004842, 47.9729507 ], [ 3.2003448, 47.972886 ], [ 3.1998781, 47.9732649 ], [ 3.1987301, 47.9741502 ], [ 3.1968311, 47.9756028 ], [ 3.1968659, 47.9758282 ] ] ] } },
{ "type": "Feature", "properties": { "Aire": "RRN C", "NomUsuel": "L'Isle d'Abeau Nord", "Nature": "S", "GVO": "AREA", "Surface": 74065.5188, "Réseau": "C", "Axe": "A43", "id_aire": "A000743" }, "geometry": { "type": "Polygon", "coordinates": [ [ [ 5.2086541, 45.6133263 ], [ 5.2076564, 45.6135778 ], [ 5.2055374, 45.6138629 ], [ 5.2056822, 45.614377 ], [ 5.2119211, 45.6141819 ], [ 5.2126023, 45.6141481 ], [ 5.2132032, 45.6140768 ], [ 5.2135894, 45.613958 ], [ 5.2139066, 45.6136726 ], [ 5.2143698, 45.6131313 ], [ 5.2147555, 45.6128099 ], [ 5.2147602, 45.6126218 ], [ 5.2104847, 45.6131378 ], [ 5.2086541, 45.6133263 ] ] ] } },
{ "type": "Feature", "properties": { "Aire": "RRN C", "NomUsuel": "L'Isle d'Abeau Sud", "Nature": "S", "GVO": "AREA", "Surface": 89403.15755, "Réseau": "C", "Axe": "A43", "id_aire": "A000744" }, "geometry": { "type": "Polygon", "coordinates": [ [ [ 5.2077808, 45.6131269 ], [ 5.2105113, 45.6127376 ], [ 5.2135529, 45.6123867 ], [ 5.2134054, 45.6120246 ], [ 5.2134832, 45.6117676 ], [ 5.2132955, 45.6115931 ], [ 5.2136415, 45.6113323 ], [ 5.2136146, 45.611231 ], [ 5.2133115, 45.6109439 ], [ 5.2122977, 45.6113979 ], [ 5.2113509, 45.6115968 ], [ 5.2111872, 45.611488 ], [ 5.2106669, 45.6112741 ], [ 5.2106267, 45.6111728 ], [ 5.2104925, 45.6111278 ], [ 5.2103182, 45.6111296 ], [ 5.2084807, 45.6113969 ], [ 5.2078801, 45.6114842 ], [ 5.2059945, 45.6122235 ], [ 5.2063539, 45.6132376 ], [ 5.2077808, 45.6131269 ] ] ] } },
{ "type": "Feature", "properties": { "Aire": "RRN C", "NomUsuel": "COMMUNAY SUD", "Nature": "S", "GVO": "ASF", "Surface": 73593.10465, "Réseau": "C", "Axe": "A46", "id_aire": "A000745" }, "geometry": { "type": "Polygon", "coordinates": [ [ [ 4.8281914, 45.5901447 ], [ 4.8281061, 45.5898416 ], [ 4.8278325, 45.589286 ], [ 4.8280869, 45.589054 ], [ 4.8279866, 45.5887358 ], [ 4.8273777, 45.5885038 ], [ 4.8272158, 45.5884013 ], [ 4.8248263, 45.5881424 ], [ 4.824649, 45.5880723 ], [ 4.8241749, 45.5880156 ], [ 4.8226024, 45.5878565 ], [ 4.8218547, 45.5879401 ], [ 4.8206737, 45.5880777 ], [ 4.8207332, 45.5885011 ], [ 4.8231073, 45.5888625 ], [ 4.8235741, 45.5891627 ], [ 4.8242189, 45.5893386 ], [ 4.8267848, 45.5898671 ], [ 4.8281914, 45.5901447 ] ] ] } },
{ "type": "Feature", "properties": { "Aire": "RRN C", "NomUsuel": "CORBIERES SUD", "Nature": "S", "GVO": "ASF", "Surface": 49625.16663, "Réseau": "C", "Axe": "A61", "id_aire": "A000746" }, "geometry": { "type": "Polygon", "coordinates": [ [ [ 2.5443348, 43.1775247 ], [ 2.5441865, 43.1772253 ], [ 2.5442079, 43.1768402 ], [ 2.5440419, 43.1764611 ], [ 2.5430117, 43.1758916 ], [ 2.5415306, 43.1762215 ], [ 2.541282, 43.1762769 ], [ 2.5402867, 43.1765974 ], [ 2.53906, 43.1771634 ], [ 2.5393834, 43.1775169 ], [ 2.5408046, 43.1774153 ], [ 2.54265, 43.177427 ], [ 2.5443348, 43.1775247 ] ] ] } },
{ "type": "Feature", "properties": { "Aire": "RRN C", "NomUsuel": "CARCASSONNE ARZENS SUD", "Nature": "S", "GVO": "ASF", "Surface": 98902.34863, "Réseau": "C", "Axe": "A61", "id_aire": "A000747" }, "geometry": { "type": "Polygon", "coordinates": [ [ [ 2.2193153, 43.2183182 ], [ 2.223444, 43.2171671 ], [ 2.2236123, 43.217104 ], [ 2.2240195, 43.2167163 ], [ 2.2232355, 43.214924 ], [ 2.2180806, 43.2167273 ], [ 2.2187566, 43.2180491 ], [ 2.2191467, 43.2182424 ], [ 2.2193153, 43.2183182 ] ] ] } },
{ "type": "Feature", "properties": { "Aire": "RRN C", "NomUsuel": "L'Abis", "Nature": "S", "GVO": "AREA", "Surface": 47089.89452, "Réseau": "C", "Axe": "A43", "id_aire": "A000748" }, "geometry": { "type": "Polygon", "coordinates": [ [ [ 5.974442, 45.5274024 ], [ 5.9750846, 45.5274735 ], [ 5.9757954, 45.527387 ], [ 5.9762353, 45.5272236 ], [ 5.9768656, 45.526829 ], [ 5.9772103, 45.5265593 ], [ 5.9781007, 45.5257757 ], [ 5.9778889, 45.5256714 ], [ 5.9779711, 45.5255906 ], [ 5.9781116, 45.5254525 ], [ 5.9775139, 45.5251439 ], [ 5.9773468, 45.5249411 ], [ 5.977161, 45.524754 ], [ 5.9770652, 45.5246074 ], [ 5.9770113, 45.5244599 ], [ 5.9770215, 45.5242874 ], [ 5.9767627, 45.5242579 ], [ 5.9758276, 45.5254485 ], [ 5.974442, 45.5274024 ] ] ] } },
{ "type": "Feature", "properties": { "Aire": "RRN C", "NomUsuel": "Brumath Ouest", "Nature": "S", "GVO": "SANEF", "Surface": 36688.73773, "Réseau": "C", "Axe": "A4", "id_aire": "A000749" }, "geometry": { "type": "Polygon", "coordinates": [ [ [ 7.6927752, 48.72245 ], [ 7.6906552, 48.7229303 ], [ 7.6901057, 48.7237326 ], [ 7.6900245, 48.7239014 ], [ 7.6902893, 48.7244228 ], [ 7.6903904, 48.7246006 ], [ 7.6910442, 48.7254742 ], [ 7.6910575, 48.7256792 ], [ 7.691024, 48.7258094 ], [ 7.6911647, 48.7258215 ], [ 7.691242, 48.7258249 ], [ 7.6912908, 48.7255742 ], [ 7.6913361, 48.7254212 ], [ 7.6914033, 48.7251599 ], [ 7.69198, 48.7242575 ], [ 7.6919196, 48.7240878 ], [ 7.6918827, 48.7240136 ], [ 7.6918802, 48.7239348 ], [ 7.6919344, 48.723847 ], [ 7.6921222, 48.7238205 ], [ 7.6929749, 48.7225241 ], [ 7.6928768, 48.7224877 ], [ 7.6927752, 48.72245 ] ] ] } },
{ "type": "Feature", "properties": { "Aire": "RRN C", "NomUsuel": "COMMINGES SUD", "Nature": "S", "GVO": "ASF", "Surface": 68167.7496, "Réseau": "C", "Axe": "A64", "id_aire": "A000750" }, "geometry": { "type": "Polygon", "coordinates": [ [ [ 0.618287588512975, 43.110084604388625 ], [ 0.615826053910672, 43.109459859045614 ], [ 0.61556790774697, 43.109427925431859 ], [ 0.615334418063639, 43.109448978590279 ], [ 0.615117185522756, 43.109509722357814 ], [ 0.614675400875707, 43.109591715306166 ], [ 0.614702782969407, 43.109795533057685 ], [ 0.614529432541221, 43.109876912840413 ], [ 0.61435175925198, 43.110063080054196 ], [ 0.614195204731562, 43.110171052102281 ], [ 0.613949822972681, 43.110480268520718 ], [ 0.614002128646091, 43.110730525123408 ], [ 0.614046576458487, 43.110954386855248 ], [ 0.614137341159704, 43.111139942929022 ], [ 0.614791296658809, 43.111554290461434 ], [ 0.615872664919138, 43.111584779239102 ], [ 0.616391136519544, 43.111596250540323 ], [ 0.61733325706373, 43.111531870989431 ], [ 0.617990363974611, 43.111218639725351 ], [ 0.618534182708006, 43.110614471625624 ], [ 0.618739969064142, 43.110179821288746 ], [ 0.618287588512975, 43.110084604388625 ] ] ] } },
{ "type": "Feature", "properties": { "Aire": "RRN C", "NomUsuel": "CANAVER", "Nature": "S", "GVO": "ESCOTA", "Surface": 68669.11548, "Réseau": "C", "Axe": "A8", "id_aire": "A000751" }, "geometry": { "type": "Polygon", "coordinates": [ [ [ 6.6724248, 43.4679813 ], [ 6.6724934, 43.4676427 ], [ 6.6731639, 43.4675453 ], [ 6.6732873, 43.4674947 ], [ 6.6733163, 43.4674926 ], [ 6.674548, 43.4674013 ], [ 6.6746713, 43.4673429 ], [ 6.6747089, 43.4672728 ], [ 6.6747357, 43.4671949 ], [ 6.6745796, 43.4662924 ], [ 6.6743724, 43.4656096 ], [ 6.6742897, 43.4656397 ], [ 6.674109, 43.4657183 ], [ 6.6731303, 43.4660607 ], [ 6.6731061, 43.4660354 ], [ 6.6730849, 43.4660084 ], [ 6.6730725, 43.4659926 ], [ 6.6722185, 43.4662174 ], [ 6.6714796, 43.4663914 ], [ 6.670683, 43.46657 ], [ 6.6703696, 43.4666331 ], [ 6.6703726, 43.4667042 ], [ 6.6703739, 43.4667308 ], [ 6.6703699, 43.4667697 ], [ 6.6701647, 43.4674173 ], [ 6.6700764, 43.4676961 ], [ 6.6698133, 43.468535 ], [ 6.6705368, 43.4683809 ], [ 6.6712571, 43.4682275 ], [ 6.6724248, 43.4679813 ] ] ] } },
{ "type": "Feature", "properties": { "Aire": "RRN C", "NomUsuel": "Le Jardin des Arbres", "Nature": "S", "GVO": "APRR", "Surface": 86652.53312, "Réseau": "C", "Axe": "A77", "id_aire": "A000752" }, "geometry": { "type": "Polygon", "coordinates": [ [ [ 2.6842368, 47.8496528 ], [ 2.6824987, 47.850776 ], [ 2.6830826, 47.8513119 ], [ 2.6834978, 47.8516257 ], [ 2.6836319, 47.8520561 ], [ 2.6835273, 47.8522115 ], [ 2.6847839, 47.8533786 ], [ 2.6853955, 47.8531302 ], [ 2.6856369, 47.8523095 ], [ 2.6863128, 47.8521691 ], [ 2.6865917, 47.8518991 ], [ 2.6868975, 47.8510946 ], [ 2.6875332, 47.8509398 ], [ 2.688252, 47.8504178 ], [ 2.6882762, 47.8502288 ], [ 2.6882412, 47.8501812 ], [ 2.6878867, 47.8499163 ], [ 2.6878148, 47.8498868 ], [ 2.6874447, 47.8499048 ], [ 2.6865756, 47.8504592 ], [ 2.6854223, 47.8500236 ], [ 2.6850253, 47.8500236 ], [ 2.6842368, 47.8496528 ] ] ] } },
{ "type": "Feature", "properties": { "Aire": "RRN C", "NomUsuel": "Aire de Dijon-Brognon Nord", "Nature": "S", "GVO": "APRR", "Surface": 33764.78035, "Réseau": "C", "Axe": "A31", "id_aire": "A000753" }, "geometry": { "type": "Polygon", "coordinates": [ [ [ 5.170031, 47.4261502 ], [ 5.172446506313774, 47.421930339721989 ], [ 5.17142261992848, 47.421949458200992 ], [ 5.169307682338446, 47.423492250472464 ], [ 5.170768152425636, 47.424763799475095 ], [ 5.170031, 47.4261502 ] ] ] } },
{ "type": "Feature", "properties": { "Aire": "RRN C", "NomUsuel": "Aire des Jardins de Villandry", "Nature": "S", "GVO": "COFIROUTE", "Surface": 107624.6609, "Réseau": "C", "Axe": "A85", "id_aire": "A000754" }, "geometry": { "type": "Polygon", "coordinates": [ [ [ 0.5085693, 47.3129622 ], [ 0.5105635, 47.3129236 ], [ 0.5106951, 47.3126837 ], [ 0.5107138, 47.3126331 ], [ 0.5107278, 47.3125539 ], [ 0.5106998, 47.3124178 ], [ 0.5106858, 47.3123101 ], [ 0.5107278, 47.3119998 ], [ 0.5107792, 47.3118732 ], [ 0.5109473, 47.3116737 ], [ 0.5111107, 47.3115502 ], [ 0.5119373, 47.3110848 ], [ 0.5119186, 47.3109011 ], [ 0.5119467, 47.3107491 ], [ 0.5120447, 47.3105781 ], [ 0.5118813, 47.3104895 ], [ 0.511914, 47.310442 ], [ 0.512409, 47.3098752 ], [ 0.5117496, 47.3094258 ], [ 0.5117578, 47.3093624 ], [ 0.5117815, 47.3092364 ], [ 0.5118107, 47.3091687 ], [ 0.5118368, 47.3090712 ], [ 0.5118334, 47.3089937 ], [ 0.5118106, 47.3089296 ], [ 0.5118064, 47.3088374 ], [ 0.5116078, 47.3087985 ], [ 0.511461, 47.3087973 ], [ 0.5113565, 47.3087979 ], [ 0.5084241, 47.3088138 ], [ 0.5083017, 47.3088282 ], [ 0.5082127, 47.3088386 ], [ 0.508233, 47.3094589 ], [ 0.5082493, 47.3096215 ], [ 0.5084607, 47.3096105 ], [ 0.5085054, 47.310159 ], [ 0.5085704, 47.3107627 ], [ 0.508603, 47.311303 ], [ 0.5085989, 47.3116971 ], [ 0.5085826, 47.311835 ], [ 0.5085582, 47.311948 ], [ 0.5084973, 47.312061 ], [ 0.5083794, 47.3122236 ], [ 0.5082655, 47.3123421 ], [ 0.5079312, 47.3125895 ], [ 0.5085693, 47.3129622 ] ] ] } },
{ "type": "Feature", "properties": { "Aire": "RRN C", "NomUsuel": "Aire de Charmont-sous-Barbuise", "Nature": "R", "GVO": "SANEF", "Surface": 21113.70267, "Réseau": "C", "Axe": "A26", "id_aire": "A000755" }, "geometry": { "type": "Polygon", "coordinates": [ [ [ 4.1448951, 48.4113959 ], [ 4.1449153, 48.4101038 ], [ 4.1448883, 48.4095609 ], [ 4.1448342, 48.4093501 ], [ 4.1446855, 48.4091796 ], [ 4.1444625, 48.4091033 ], [ 4.1442395, 48.4091033 ], [ 4.1436514, 48.4092872 ], [ 4.143523, 48.4093635 ], [ 4.1432392, 48.4096103 ], [ 4.142935, 48.4100006 ], [ 4.1424214, 48.4115753 ], [ 4.1429553, 48.4112433 ], [ 4.1430364, 48.4111267 ], [ 4.1432865, 48.4104089 ], [ 4.143326, 48.4103768 ], [ 4.1433473, 48.4103595 ], [ 4.1437596, 48.4102025 ], [ 4.1439083, 48.4101352 ], [ 4.1440299, 48.4100275 ], [ 4.1440705, 48.4098795 ], [ 4.1441178, 48.4096821 ], [ 4.1442395, 48.4096237 ], [ 4.1443679, 48.4096237 ], [ 4.1444693, 48.4096596 ], [ 4.1444963, 48.4097583 ], [ 4.1443814, 48.4110145 ], [ 4.1444355, 48.4110998 ], [ 4.1446179, 48.4112209 ], [ 4.1448951, 48.4113959 ] ] ] } },
{ "type": "Feature", "properties": { "Aire": "RRN C", "NomUsuel": "Giberville Nord", "Nature": "S", "GVO": "SAPN", "Surface": 45842.78534, "Réseau": "C", "Axe": "A13", "id_aire": "A000756" }, "geometry": { "type": "Polygon", "coordinates": [ [ [ -0.2716139, 49.1680576 ], [ -0.2715539, 49.1678897 ], [ -0.2715377, 49.1678443 ], [ -0.2785541, 49.1673769 ], [ -0.2785112, 49.167467 ], [ -0.2783971, 49.1677066 ], [ -0.2771697, 49.1685475 ], [ -0.2748992, 49.1686633 ], [ -0.2741151, 49.1686995 ], [ -0.2738683, 49.168646 ], [ -0.2727351, 49.1683365 ], [ -0.2725339, 49.1682646 ], [ -0.2716139, 49.1680576 ] ] ] } },
{ "type": "Feature", "properties": { "Aire": "RRN C", "NomUsuel": "Giberville Sud", "Nature": "S", "GVO": "SAPN", "Surface": 39234.00553, "Réseau": "C", "Axe": "A13", "id_aire": "A000757" }, "geometry": { "type": "Polygon", "coordinates": [ [ [ -0.278696, 49.1671531 ], [ -0.2726655, 49.1675528 ], [ -0.2727074, 49.1673797 ], [ -0.2727617, 49.1671558 ], [ -0.273734, 49.1664587 ], [ -0.2767426, 49.1662379 ], [ -0.2784314, 49.1670291 ], [ -0.278696, 49.1671531 ] ] ] } },
{ "type": "Feature", "properties": { "Aire": "RRN C", "NomUsuel": "Baralle", "Nature": "S", "GVO": "SANEF", "Surface": 58947.92211, "Réseau": "C", "Axe": "A26", "id_aire": "A000758" }, "geometry": { "type": "Polygon", "coordinates": [ [ [ 3.0673676, 50.2261914 ], [ 3.0733161, 50.2252392 ], [ 3.0733797, 50.2250908 ], [ 3.0734107, 50.2250289 ], [ 3.0744051, 50.2248322 ], [ 3.0748617, 50.2246608 ], [ 3.0750372, 50.2244939 ], [ 3.0750633, 50.2244019 ], [ 3.0749729, 50.2242157 ], [ 3.0749362, 50.2241808 ], [ 3.0747784, 50.2240916 ], [ 3.0745841, 50.223998 ], [ 3.074254, 50.2238964 ], [ 3.0739183, 50.223994 ], [ 3.0712085, 50.2244468 ], [ 3.0687027, 50.2248841 ], [ 3.0685835, 50.2249279 ], [ 3.0684993, 50.2250054 ], [ 3.0681735, 50.2253489 ], [ 3.0681549, 50.2253685 ], [ 3.0679106, 50.2256248 ], [ 3.0675598, 50.2259494 ], [ 3.0673058, 50.2260667 ], [ 3.0673276, 50.2261126 ], [ 3.0673676, 50.2261914 ] ] ] } },
{ "type": "Feature", "properties": { "Aire": "RRN C", "NomUsuel": "Aire d'Ussy sur marne", "Nature": "S", "GVO": "SANEF", "Surface": 26308.58848, "Réseau": "C", "Axe": "A4", "id_aire": "A000759" }, "geometry": { "type": "Polygon", "coordinates": [ [ [ 3.062151, 48.9701316 ], [ 3.0656725, 48.9721947 ], [ 3.0655026, 48.9707914 ], [ 3.0654637, 48.9707171 ], [ 3.0653681, 48.9706265 ], [ 3.0651098, 48.9704569 ], [ 3.0645931, 48.9701967 ], [ 3.0642958, 48.9701061 ], [ 3.0640126, 48.9700503 ], [ 3.0637083, 48.970034 ], [ 3.062151, 48.9701316 ] ] ] } },
{ "type": "Feature", "properties": { "Aire": "RRN C", "NomUsuel": "Aire des Portes d'Angers Sud", "Nature": "S", "GVO": "COFIROUTE", "Surface": 44969.61623, "Réseau": "C", "Axe": "A11", "id_aire": "A000760" }, "geometry": { "type": "Polygon", "coordinates": [ [ [ -0.4886669, 47.4997616 ], [ -0.4898238, 47.499126 ], [ -0.4899392, 47.4992253 ], [ -0.4900032, 47.4992795 ], [ -0.4901127, 47.4992137 ], [ -0.4905474, 47.4993564 ], [ -0.4906773, 47.4992055 ], [ -0.490708, 47.4992165 ], [ -0.4908417, 47.4990701 ], [ -0.4914818, 47.4987426 ], [ -0.491848, 47.499057 ], [ -0.4923307, 47.4994682 ], [ -0.4921009, 47.4996789 ], [ -0.4918908, 47.499887 ], [ -0.4917146, 47.4998266 ], [ -0.4916947, 47.4998487 ], [ -0.4916588, 47.4998888 ], [ -0.4916803, 47.5000564 ], [ -0.4915988, 47.500134 ], [ -0.4916403, 47.5002886 ], [ -0.4917431, 47.5005666 ], [ -0.4919175, 47.5008889 ], [ -0.4917967, 47.5010751 ], [ -0.4894196, 47.500613 ], [ -0.4883472, 47.5004605 ], [ -0.4878621, 47.5003915 ], [ -0.4886669, 47.4997616 ] ] ] } },
{ "type": "Feature", "properties": { "Aire": "RRN C", "NomUsuel": "Aire des Portes d'Angers Nord", "Nature": "S", "GVO": "COFIROUTE", "Surface": 10829.02479, "Réseau": "C", "Axe": "A11", "id_aire": "A000761" }, "geometry": { "type": "Polygon", "coordinates": [ [ [ -0.4915783, 47.5013175 ], [ -0.4915617, 47.5014013 ], [ -0.4910387, 47.5013732 ], [ -0.4902779, 47.5014498 ], [ -0.4900834, 47.5014877 ], [ -0.4896118, 47.5015372 ], [ -0.4895206, 47.5015363 ], [ -0.4891263, 47.5014738 ], [ -0.4890372, 47.501436 ], [ -0.4889533, 47.5013932 ], [ -0.4888788, 47.501348 ], [ -0.48881, 47.501299 ], [ -0.4888929, 47.5012355 ], [ -0.4885628, 47.5009892 ], [ -0.4878308, 47.5007834 ], [ -0.48792, 47.5006743 ], [ -0.4888997, 47.5008151 ], [ -0.4898014, 47.5009631 ], [ -0.4907101, 47.5011349 ], [ -0.4915783, 47.5013175 ] ] ] } },
{ "type": "Feature", "properties": { "Aire": "RRN C", "NomUsuel": "Aire de Valleiry Sud S2 87VL 70 PL", "Nature": "S", "GVO": "ATMB", "Surface": 36728.99878, "Réseau": "C", "Axe": "A40", "id_aire": "A000762" }, "geometry": { "type": "Polygon", "coordinates": [ [ [ 5.9611867, 46.096236 ], [ 5.9611854, 46.0962601 ], [ 5.9612203, 46.096287 ], [ 5.9612162, 46.096314 ], [ 5.9612631, 46.0963214 ], [ 5.9612659, 46.0962917 ], [ 5.961345, 46.0962759 ], [ 5.9614114, 46.0962731 ], [ 5.9615368, 46.0962894 ], [ 5.9616642, 46.0963038 ], [ 5.9617473, 46.0962787 ], [ 5.9618244, 46.096281 ], [ 5.9618606, 46.096321 ], [ 5.9622276, 46.0963537 ], [ 5.9633239, 46.0965421 ], [ 5.9636785, 46.096593 ], [ 5.9639789, 46.096646 ], [ 5.9655487, 46.0969752 ], [ 5.9655633, 46.0969416 ], [ 5.9656025, 46.0968516 ], [ 5.9656224, 46.0968059 ], [ 5.9654099, 46.096712 ], [ 5.9654099, 46.0967009 ], [ 5.9654541, 46.0966748 ], [ 5.9654133, 46.0966536 ], [ 5.965377, 46.0966334 ], [ 5.9651521, 46.0964208 ], [ 5.9651926, 46.096403 ], [ 5.9647898, 46.0959519 ], [ 5.9645614, 46.0958371 ], [ 5.9621273, 46.0953222 ], [ 5.9618776, 46.0953991 ], [ 5.9617728, 46.0954314 ], [ 5.9615742, 46.0954107 ], [ 5.9613367, 46.0953859 ], [ 5.9605443, 46.0953031 ], [ 5.9603794, 46.0955077 ], [ 5.9603592, 46.0960066 ], [ 5.9603751, 46.0960343 ], [ 5.9603931, 46.096076 ], [ 5.9604022, 46.0960972 ], [ 5.9607468, 46.0960294 ], [ 5.9608622, 46.0960174 ], [ 5.9610415, 46.0960089 ], [ 5.9611773, 46.0960076 ], [ 5.9613128, 46.0960234 ], [ 5.9614684, 46.0960569 ], [ 5.9617721, 46.0961434 ], [ 5.9617225, 46.0962038 ], [ 5.9615166, 46.0962266 ], [ 5.9612149, 46.0962043 ], [ 5.9611949, 46.0962167 ], [ 5.9611867, 46.096236 ] ] ] } },
{ "type": "Feature", "properties": { "Aire": "RRN C", "NomUsuel": "Aire de Valleiry Nord", "Nature": "S", "GVO": "ATMB", "Surface": 33867.50228, "Réseau": "C", "Axe": "A40", "id_aire": "A000763" }, "geometry": { "type": "Polygon", "coordinates": [ [ [ 5.9603793, 46.0966248 ], [ 5.9603511, 46.0966608 ], [ 5.9602981, 46.0966876 ], [ 5.9602311, 46.0967216 ], [ 5.960022, 46.0966809 ], [ 5.9600153, 46.0968306 ], [ 5.9600806, 46.0969305 ], [ 5.9601576, 46.0970199 ], [ 5.9602263, 46.0970872 ], [ 5.9603769, 46.0971789 ], [ 5.9603669, 46.0972103 ], [ 5.9604858, 46.097273 ], [ 5.960541, 46.0973229 ], [ 5.9606013, 46.0974123 ], [ 5.9606699, 46.0976538 ], [ 5.9607793, 46.0976495 ], [ 5.9608954, 46.0976452 ], [ 5.9613671, 46.0976841 ], [ 5.9615016, 46.0976933 ], [ 5.9617935, 46.0977133 ], [ 5.9618419, 46.0976607 ], [ 5.9618838, 46.0976684 ], [ 5.9619239, 46.0976758 ], [ 5.9619848, 46.097736 ], [ 5.9624585, 46.0977357 ], [ 5.9639605, 46.0979726 ], [ 5.9646848, 46.0977966 ], [ 5.9647902, 46.0976747 ], [ 5.9651435, 46.0975168 ], [ 5.9653316, 46.0975664 ], [ 5.9653596, 46.0975481 ], [ 5.9653897, 46.0975285 ], [ 5.9652909, 46.097475 ], [ 5.9652976, 46.0974587 ], [ 5.9653763, 46.0974467 ], [ 5.9654823, 46.0974458 ], [ 5.9655034, 46.0974008 ], [ 5.9655148, 46.0973683 ], [ 5.9653852, 46.0973482 ], [ 5.9652319, 46.0973607 ], [ 5.965059, 46.0974193 ], [ 5.9649581, 46.0974507 ], [ 5.9648392, 46.0974666 ], [ 5.964684, 46.0974574 ], [ 5.9645163, 46.097416 ], [ 5.9644256, 46.0973606 ], [ 5.9643387, 46.0972607 ], [ 5.9642114, 46.0971567 ], [ 5.9640868, 46.0971342 ], [ 5.9640037, 46.097085 ], [ 5.9622476, 46.0968088 ], [ 5.9621487, 46.0968287 ], [ 5.9616184, 46.0967404 ], [ 5.9614142, 46.0967159 ], [ 5.9613898, 46.0967129 ], [ 5.9613411, 46.0967099 ], [ 5.961321, 46.0966864 ], [ 5.9612111, 46.0966866 ], [ 5.9611965, 46.0966809 ], [ 5.9611898, 46.0966585 ], [ 5.9611492, 46.0966549 ], [ 5.961122, 46.0966525 ], [ 5.9611081, 46.0966813 ], [ 5.9610794, 46.0967127 ], [ 5.9610573, 46.0967382 ], [ 5.9603793, 46.0966248 ] ] ] } },
{ "type": "Feature", "properties": { "Aire": "RRN C", "NomUsuel": "FENIOUX OUEST", "Nature": "S", "GVO": "ASF", "Surface": 48406.96359, "Réseau": "C", "Axe": "A10", "id_aire": "A000764" }, "geometry": { "type": "Polygon", "coordinates": [ [ [ -0.6008663, 45.8953035 ], [ -0.6028639, 45.8941053 ], [ -0.6062636, 45.8919926 ], [ -0.6061605, 45.8928123 ], [ -0.6050849, 45.894399 ], [ -0.6035009, 45.8952483 ], [ -0.6021023, 45.8950412 ], [ -0.6010523, 45.8952956 ], [ -0.6008663, 45.8953035 ] ] ] } },
{ "type": "Feature", "properties": { "Aire": "RRN C", "NomUsuel": "FENIOUX EST", "Nature": "S", "GVO": "ASF", "Surface": 49705.11236, "Réseau": "C", "Axe": "A10", "id_aire": "A000765" }, "geometry": { "type": "Polygon", "coordinates": [ [ [ -0.6058165, 45.8918398 ], [ -0.601059, 45.894735 ], [ -0.6009564, 45.8942842 ], [ -0.6009104, 45.8941463 ], [ -0.600691, 45.8940207 ], [ -0.600468, 45.893868 ], [ -0.6004468, 45.8937251 ], [ -0.6019261, 45.89256 ], [ -0.6027932, 45.8923685 ], [ -0.604012, 45.8916212 ], [ -0.6048233, 45.8917762 ], [ -0.6058165, 45.8918398 ] ] ] } },
{ "type": "Feature", "properties": { "Aire": "RRN C", "NomUsuel": "SAINT LEGER OUEST", "Nature": "S", "GVO": "ASF", "Surface": 99004.17769, "Réseau": "C", "Axe": "A10", "id_aire": "A000766" }, "geometry": { "type": "Polygon", "coordinates": [ [ [ -0.6040281, 45.6141331 ], [ -0.6033389, 45.6133837 ], [ -0.6024228, 45.6124708 ], [ -0.6014022, 45.611542 ], [ -0.599868, 45.61036 ], [ -0.5978106, 45.6088295 ], [ -0.5992206, 45.6083135 ], [ -0.599681, 45.6085366 ], [ -0.5998226, 45.6089204 ], [ -0.5998465, 45.6091582 ], [ -0.6001014, 45.6090972 ], [ -0.6008162, 45.6092201 ], [ -0.6006821, 45.6094687 ], [ -0.6024596, 45.6100568 ], [ -0.6034173, 45.6109041 ], [ -0.6042112, 45.6117534 ], [ -0.6043793, 45.612446 ], [ -0.6043887, 45.6128184 ], [ -0.6042668, 45.6130862 ], [ -0.6040952, 45.6133207 ], [ -0.6042963, 45.6140993 ], [ -0.6040281, 45.6141331 ] ] ] } },
{ "type": "Feature", "properties": { "Aire": "RRN C", "NomUsuel": "Aire de la Garde - LA CHABERTE", "Nature": "S", "GVO": "ESCOTA", "Surface": 39122.281, "Réseau": "C", "Axe": "A57", "id_aire": "A000767" }, "geometry": { "type": "Polygon", "coordinates": [ [ [ 6.0361581, 43.1502844 ], [ 6.034981, 43.1492767 ], [ 6.033407, 43.1479736 ], [ 6.0324195, 43.1486146 ], [ 6.0326475, 43.1489433 ], [ 6.0326529, 43.1492388 ], [ 6.0328039, 43.1494005 ], [ 6.0336386, 43.1500675 ], [ 6.0335729, 43.1501184 ], [ 6.0336096, 43.1501481 ], [ 6.0336828, 43.1502065 ], [ 6.033774, 43.1501928 ], [ 6.0338411, 43.1502026 ], [ 6.0341603, 43.1503043 ], [ 6.0343436, 43.150327 ], [ 6.0347081, 43.1503435 ], [ 6.0352398, 43.1503532 ], [ 6.0359295, 43.1504065 ], [ 6.0361581, 43.1502844 ] ] ] } },
{ "type": "Feature", "properties": { "Aire": "RRN C", "NomUsuel": "Manon des Sources", "Nature": "S", "GVO": "ESCOTA", "Surface": 34908.00332, "Réseau": "C", "Axe": "A52", "id_aire": "A000768" }, "geometry": { "type": "Polygon", "coordinates": [ [ [ 5.577251, 43.3995896 ], [ 5.5771248, 43.399986 ], [ 5.5770161, 43.4003593 ], [ 5.5769325, 43.4007454 ], [ 5.5768676, 43.4012193 ], [ 5.5768336, 43.4015994 ], [ 5.5768245, 43.4019183 ], [ 5.5768284, 43.4021146 ], [ 5.5784537, 43.4021255 ], [ 5.5785382, 43.4021284 ], [ 5.5785422, 43.4015151 ], [ 5.5785775, 43.4009057 ], [ 5.5786738, 43.400345 ], [ 5.5786075, 43.3999522 ], [ 5.5774294, 43.3996373 ], [ 5.577251, 43.3995896 ] ] ] } },
{ "type": "Feature", "properties": { "Aire": "RRN C", "NomUsuel": "Bois Claret", "Nature": "S", "GVO": "AREA", "Surface": 19628.91904, "Réseau": "C", "Axe": "A41", "id_aire": "A000769" }, "geometry": { "type": "Polygon", "coordinates": [ [ [ 5.8661266, 45.2462942 ], [ 5.8657239, 45.2468403 ], [ 5.8663505, 45.2473866 ], [ 5.8664632, 45.2474244 ], [ 5.8669755, 45.2477209 ], [ 5.8672866, 45.2477832 ], [ 5.8678919, 45.247841 ], [ 5.8680873, 45.2478068 ], [ 5.8680776, 45.2477501 ], [ 5.8680685, 45.2477143 ], [ 5.8685392, 45.2476435 ], [ 5.8687752, 45.2476369 ], [ 5.8687994, 45.2474971 ], [ 5.8675481, 45.2469117 ], [ 5.8661266, 45.2462942 ] ] ] } },
{ "type": "Feature", "properties": { "Aire": "RRN C", "NomUsuel": "Galande - La Mare Laroche", "Nature": "S", "GVO": "APRR", "Surface": 48757.1243, "Réseau": "C", "Axe": "A105", "id_aire": "A000770" }, "geometry": { "type": "Polygon", "coordinates": [ [ [ 2.63318, 48.6096475 ], [ 2.6328624, 48.6104132 ], [ 2.6329086, 48.6107285 ], [ 2.6329185, 48.6107961 ], [ 2.6330679, 48.6114013 ], [ 2.6332225, 48.6118472 ], [ 2.6332734, 48.6119941 ], [ 2.6334975, 48.6124264 ], [ 2.6337964, 48.6126116 ], [ 2.6339625, 48.6126534 ], [ 2.6341887, 48.6127104 ], [ 2.634263, 48.6127287 ], [ 2.6343697, 48.6127549 ], [ 2.6349919, 48.612908 ], [ 2.6349698, 48.6127285 ], [ 2.6349546, 48.6126055 ], [ 2.6347117, 48.6119447 ], [ 2.6347958, 48.6116298 ], [ 2.6349452, 48.6113766 ], [ 2.6351227, 48.6113025 ], [ 2.635515, 48.6111111 ], [ 2.6356084, 48.6108579 ], [ 2.6355056, 48.6105306 ], [ 2.6353066, 48.6103381 ], [ 2.6342471, 48.6095542 ], [ 2.6341006, 48.6094588 ], [ 2.6339178, 48.6095672 ], [ 2.6337106, 48.609618 ], [ 2.6336657, 48.609629 ], [ 2.63318, 48.6096475 ] ] ] } },
{ "type": "Feature", "properties": { "Aire": "RRN C", "NomUsuel": "Rosny-sur-Seine Sud", "Nature": "S", "GVO": "SAPN", "Surface": 19106.79877, "Réseau": "C", "Axe": "A13", "id_aire": "A000771" }, "geometry": { "type": "Polygon", "coordinates": [ [ [ 1.631172, 48.992782 ], [ 1.6315092, 48.9926682 ], [ 1.6321979, 48.9925509 ], [ 1.6323316, 48.9925232 ], [ 1.632374, 48.9925084 ], [ 1.6324038, 48.9924911 ], [ 1.6324683, 48.992423 ], [ 1.6325451, 48.9923326 ], [ 1.633039, 48.9925115 ], [ 1.6330582, 48.9925087 ], [ 1.6339608, 48.9923542 ], [ 1.6339427, 48.9923086 ], [ 1.6345474, 48.992202 ], [ 1.6346225, 48.9921994 ], [ 1.6346868, 48.9922169 ], [ 1.6349422, 48.9921985 ], [ 1.6349523, 48.9921644 ], [ 1.6349636, 48.9921366 ], [ 1.6348392, 48.9921436 ], [ 1.634549, 48.9920489 ], [ 1.634392, 48.9917988 ], [ 1.6336843, 48.991533 ], [ 1.6332211, 48.9915592 ], [ 1.6321012, 48.9917491 ], [ 1.6319772, 48.9917981 ], [ 1.6318922, 48.9918553 ], [ 1.6317926, 48.9919438 ], [ 1.631422, 48.9923682 ], [ 1.6311978, 48.9926188 ], [ 1.6311371, 48.9926664 ], [ 1.631079, 48.9927023 ], [ 1.6311127, 48.992731 ], [ 1.631172, 48.992782 ] ] ] } },
{ "type": "Feature", "properties": { "Aire": "RRN C", "NomUsuel": "Bussy-Saint-Georges", "Nature": "S", "GVO": "SANEF", "Surface": 40898.90977, "Réseau": "C", "Axe": "A4", "id_aire": "A000772" }, "geometry": { "type": "Polygon", "coordinates": [ [ [ 2.7429724, 48.8296554 ], [ 2.7428903, 48.8298407 ], [ 2.7428624, 48.8299003 ], [ 2.743444, 48.8300988 ], [ 2.7435373, 48.8310424 ], [ 2.7458554, 48.8311124 ], [ 2.746456, 48.8311207 ], [ 2.7476402, 48.8305069 ], [ 2.7476275, 48.830266 ], [ 2.747645, 48.8301697 ], [ 2.7476719, 48.8300046 ], [ 2.7429724, 48.8296554 ] ] ] } },
{ "type": "Feature", "properties": { "Aire": "RRN C", "NomUsuel": "LABENNE OUEST", "Nature": "S", "GVO": "ASF", "Surface": 52021.77183, "Réseau": "C", "Axe": "A63", "id_aire": "A000773" }, "geometry": { "type": "Polygon", "coordinates": [ [ [ -1.4201606, 43.5875898 ], [ -1.4199568, 43.5874926 ], [ -1.4202002, 43.5867617 ], [ -1.4203718, 43.5859729 ], [ -1.4204469, 43.5857203 ], [ -1.4206535, 43.5850675 ], [ -1.4208707, 43.5844166 ], [ -1.4214367, 43.5844905 ], [ -1.42178, 43.5841757 ], [ -1.4218578, 43.583995 ], [ -1.4221381, 43.5840241 ], [ -1.4226289, 43.5841448 ], [ -1.4229623, 43.5844467 ], [ -1.4231475, 43.5847318 ], [ -1.4229577, 43.5853657 ], [ -1.421976, 43.5859007 ], [ -1.4218047, 43.5865631 ], [ -1.4216647, 43.5865654 ], [ -1.4215252, 43.5868685 ], [ -1.4213777, 43.58709 ], [ -1.4211443, 43.5872338 ], [ -1.420868, 43.5873426 ], [ -1.4201606, 43.5875898 ] ] ] } },
{ "type": "Feature", "properties": { "Aire": "RRN C", "NomUsuel": "LABENNE EST", "Nature": "S", "GVO": "ASF", "Surface": 61009.44739, "Réseau": "C", "Axe": "A63", "id_aire": "A000774" }, "geometry": { "type": "Polygon", "coordinates": [ [ [ -1.4191729, 43.5882537 ], [ -1.4187652, 43.5882518 ], [ -1.4185298, 43.5882309 ], [ -1.4184889, 43.5881644 ], [ -1.4184621, 43.587838 ], [ -1.4184997, 43.5875971 ], [ -1.4181778, 43.5872668 ], [ -1.4178586, 43.5868219 ], [ -1.4176065, 43.5864158 ], [ -1.4176038, 43.5863109 ], [ -1.417805, 43.5856873 ], [ -1.4179283, 43.5855066 ], [ -1.4193204, 43.5848188 ], [ -1.4193472, 43.5843992 ], [ -1.4194331, 43.5842398 ], [ -1.4197147, 43.5838221 ], [ -1.4204899, 43.583655 ], [ -1.4206374, 43.5836667 ], [ -1.4205046, 43.5841272 ], [ -1.4205784, 43.5841786 ], [ -1.4204067, 43.584607 ], [ -1.4198488, 43.5864197 ], [ -1.4197066, 43.5869948 ], [ -1.4194357, 43.5875796 ], [ -1.419366, 43.5878399 ], [ -1.4191729, 43.5882537 ] ] ] } },
{ "type": "Feature", "properties": { "Aire": "RRN C", "NomUsuel": "L'Arclusaz", "Nature": "S", "GVO": "AREA", "Surface": 43994.3648, "Réseau": "C", "Axe": "A43", "id_aire": "A000775" }, "geometry": { "type": "Polygon", "coordinates": [ [ [ 6.1569352, 45.548164 ], [ 6.1569005, 45.5481691 ], [ 6.1565185, 45.5480882 ], [ 6.1553631, 45.5478411 ], [ 6.1542231, 45.5476221 ], [ 6.1535982, 45.5474998 ], [ 6.1535386, 45.5476494 ], [ 6.1534945, 45.5477716 ], [ 6.1534856, 45.5478044 ], [ 6.1533658, 45.5480886 ], [ 6.1535725, 45.5482559 ], [ 6.1536221, 45.5482868 ], [ 6.1537247, 45.5483401 ], [ 6.1539035, 45.5484207 ], [ 6.1543246, 45.5485533 ], [ 6.1549688, 45.5487466 ], [ 6.1555014, 45.5489003 ], [ 6.1563986, 45.5491754 ], [ 6.1566552, 45.5492435 ], [ 6.1567614, 45.5492621 ], [ 6.1568941, 45.5492708 ], [ 6.1570303, 45.5492758 ], [ 6.1571949, 45.5492658 ], [ 6.1573736, 45.5492411 ], [ 6.1575559, 45.5492039 ], [ 6.1577647, 45.5491494 ], [ 6.1579558, 45.5491023 ], [ 6.1582691, 45.5490391 ], [ 6.1584585, 45.549023 ], [ 6.1586094, 45.5490106 ], [ 6.1587712, 45.5490236 ], [ 6.1590161, 45.5490592 ], [ 6.1593319, 45.5491164 ], [ 6.1594826, 45.5491406 ], [ 6.1596301, 45.5491785 ], [ 6.1597619, 45.54921 ], [ 6.159857, 45.5490657 ], [ 6.1598906, 45.5490166 ], [ 6.1595918, 45.548921 ], [ 6.158572, 45.5486006 ], [ 6.1576076, 45.5483298 ], [ 6.1571732, 45.5482144 ], [ 6.1569352, 45.548164 ] ] ] } },
{ "type": "Feature", "properties": { "Aire": "RRN C", "NomUsuel": "Aire des Haras sens 2", "Nature": "S", "GVO": "ALIS", "Surface": 76287.75002000001, "Réseau": "C", "Axe": "A28", "id_aire": "A000776" }, "geometry": { "type": "Polygon", "coordinates": [ [ [ 0.3721887, 48.8484614 ], [ 0.374364, 48.851439 ], [ 0.3749138, 48.8510313 ], [ 0.3750774, 48.8508177 ], [ 0.3754798, 48.8500605 ], [ 0.3746563, 48.8486962 ], [ 0.3747395, 48.8483679 ], [ 0.3742379, 48.8474995 ], [ 0.3740662, 48.8474624 ], [ 0.374085, 48.8470406 ], [ 0.3742969, 48.8465958 ], [ 0.3730711, 48.846301 ], [ 0.3722933, 48.8474253 ], [ 0.3718829, 48.847533 ], [ 0.371708, 48.8476546 ], [ 0.3721887, 48.8484614 ] ] ] } },
{ "type": "Feature", "properties": { "Aire": "RRN C", "NomUsuel": "Le Guiers", "Nature": "S", "GVO": "AREA", "Surface": 45968.85924, "Réseau": "C", "Axe": "A43", "id_aire": "A000777" }, "geometry": { "type": "Polygon", "coordinates": [ [ [ 5.6304522, 45.5786806 ], [ 5.6312231, 45.5788558 ], [ 5.633025, 45.5790917 ], [ 5.6336691, 45.5792061 ], [ 5.6350706, 45.5788254 ], [ 5.635481, 45.5783887 ], [ 5.6360583, 45.5775034 ], [ 5.6363119, 45.5772255 ], [ 5.6364921, 45.5771321 ], [ 5.6364222, 45.5770261 ], [ 5.6363885, 45.577014 ], [ 5.6345218, 45.5776015 ], [ 5.6332263, 45.5779733 ], [ 5.63306, 45.578069 ], [ 5.6322688, 45.5782079 ], [ 5.6317753, 45.5782905 ], [ 5.6306058, 45.5784952 ], [ 5.6305415, 45.5785634 ], [ 5.6304522, 45.5786806 ] ] ] } },
{ "type": "Feature", "properties": { "Aire": "RRN C", "NomUsuel": "Brou Dampierre", "Nature": "S", "GVO": "COFIROUTE", "Surface": 38970.6489, "Réseau": "C", "Axe": "A11", "id_aire": "A000778" }, "geometry": { "type": "Polygon", "coordinates": [ [ [ 1.0851545, 48.2400562 ], [ 1.0851791, 48.2399159 ], [ 1.0849428, 48.2398681 ], [ 1.0847014, 48.2397752 ], [ 1.0841891, 48.2395019 ], [ 1.0841998, 48.239434 ], [ 1.0844171, 48.2393286 ], [ 1.0845083, 48.2392697 ], [ 1.0845083, 48.2391768 ], [ 1.0844144, 48.2390321 ], [ 1.084283, 48.2389428 ], [ 1.0840523, 48.2388838 ], [ 1.0837824, 48.238858 ], [ 1.0834726, 48.2387323 ], [ 1.0834264, 48.2386795 ], [ 1.0830465, 48.2386641 ], [ 1.0827716, 48.2385757 ], [ 1.0826694, 48.2385679 ], [ 1.082392, 48.2386373 ], [ 1.0816625, 48.2385926 ], [ 1.0806915, 48.2391304 ], [ 1.0803965, 48.2394608 ], [ 1.080261, 48.2394983 ], [ 1.0799941, 48.2395216 ], [ 1.0795006, 48.2395305 ], [ 1.0795234, 48.2396936 ], [ 1.0851545, 48.2400562 ] ] ] } },
{ "type": "Feature", "properties": { "Aire": "RRN C", "NomUsuel": "Coutevroult Nord", "Nature": "P", "GVO": "SANEF", "Surface": 90560.98215, "Réseau": "C", "Axe": "A4", "id_aire": "A000779" }, "geometry": { "type": "Polygon", "coordinates": [ [ [ 2.8408805, 48.8563293 ], [ 2.8405023, 48.8554434 ], [ 2.8405264, 48.8552458 ], [ 2.8408751, 48.8551681 ], [ 2.8403655, 48.8541057 ], [ 2.8396627, 48.8532921 ], [ 2.837002, 48.8514848 ], [ 2.8361906, 48.851056 ], [ 2.8355429, 48.8512907 ], [ 2.8358164, 48.8519225 ], [ 2.8365272, 48.8533503 ], [ 2.8377798, 48.8544375 ], [ 2.8404969, 48.8564846 ], [ 2.8408805, 48.8563293 ] ] ] } },
{ "type": "Feature", "properties": { "Aire": "RRN C", "NomUsuel": "FRONTONNAIS NORD", "Nature": "S", "GVO": "ASF", "Surface": 87555.41946, "Réseau": "C", "Axe": "A62", "id_aire": "A000780" }, "geometry": { "type": "Polygon", "coordinates": [ [ [ 1.3602657, 43.814061 ], [ 1.3616851, 43.8135693 ], [ 1.3627312, 43.8132519 ], [ 1.3631281, 43.8131938 ], [ 1.3639703, 43.8129925 ], [ 1.3640749, 43.8128642 ], [ 1.3638684, 43.8126751 ], [ 1.3644934, 43.810817 ], [ 1.3644692, 43.8105538 ], [ 1.3647616, 43.8102034 ], [ 1.3641769, 43.8099479 ], [ 1.363847, 43.8104357 ], [ 1.3636029, 43.8103544 ], [ 1.3632737, 43.8101458 ], [ 1.3626833, 43.8107342 ], [ 1.3604969, 43.8123499 ], [ 1.3604969, 43.8125048 ], [ 1.3598129, 43.8129674 ], [ 1.3597405, 43.8133158 ], [ 1.3599819, 43.8139874 ], [ 1.3602657, 43.814061 ] ] ] } },
{ "type": "Feature", "properties": { "Aire": "RRN C", "NomUsuel": "Gare de peage - Parking Normandie - Est", "Nature": "P", "GVO": "CCI HAVRE\r\n", "Surface": 20819.84477, "Réseau": "C", "Axe": "N1029", "id_aire": "A000781" }, "geometry": { "type": "MultiPolygon", "coordinates": [ [ [ [ 0.2723354, 49.4497955 ], [ 0.2719519, 49.4497746 ], [ 0.2716488, 49.4515706 ], [ 0.2717802, 49.4516404 ], [ 0.2723354, 49.451412 ], [ 0.2723354, 49.4497955 ] ] ], [ [ [ 0.271288, 49.4496438 ], [ 0.2709876, 49.4496055 ], [ 0.2707838, 49.4496508 ], [ 0.2706671, 49.4498356 ], [ 0.2705973, 49.4501024 ], [ 0.2706644, 49.4502977 ], [ 0.2702004, 49.4520118 ], [ 0.2702782, 49.4520885 ], [ 0.2711552, 49.4520641 ], [ 0.2711311, 49.4502855 ], [ 0.271288, 49.4496438 ] ] ] ] } },
{ "type": "Feature", "properties": { "Aire": "RRN C", "NomUsuel": "Les Eprunes", "Nature": "P", "GVO": "APRR", "Surface": 16872.20037, "Réseau": "C", "Axe": "A5", "id_aire": "A000782" }, "geometry": { "type": "MultiPolygon", "coordinates": [ [ [ [ 2.6566407, 48.5880476 ], [ 2.6582166, 48.5880391 ], [ 2.6580629, 48.5874866 ], [ 2.6553884, 48.5877924 ], [ 2.6554728, 48.5880369 ], [ 2.6566407, 48.5880476 ] ] ], [ [ [ 2.654597, 48.5899087 ], [ 2.6547351, 48.5905819 ], [ 2.656307, 48.5903886 ], [ 2.656154, 48.5898741 ], [ 2.654597, 48.5899087 ] ] ] ] } },
{ "type": "Feature", "properties": { "Aire": "RRN C", "NomUsuel": "ASF_A_478 - Aire de Doeuil-sur-le-Mignon Est", "Nature": "R", "GVO": "ASF", "Surface": 13166.85817, "Réseau": "C", "Axe": "A10", "id_aire": "A000783" }, "geometry": { "type": "Polygon", "coordinates": [ [ [ -0.5342141, 46.1118925 ], [ -0.5337837, 46.1138454 ], [ -0.5335455, 46.1137374 ], [ -0.5335024, 46.1137179 ], [ -0.5332654, 46.1136104 ], [ -0.5330736, 46.1134979 ], [ -0.5329543, 46.113404 ], [ -0.5328765, 46.1133213 ], [ -0.5328255, 46.1132255 ], [ -0.532796, 46.1130898 ], [ -0.5327987, 46.1129921 ], [ -0.5328845, 46.1128322 ], [ -0.5329824, 46.1126779 ], [ -0.5336272, 46.1121162 ], [ -0.5341201, 46.1119283 ], [ -0.5342141, 46.1118925 ] ] ] } },
{ "type": "Feature", "properties": { "Aire": "RRN C", "NomUsuel": "Aire de Moulin rouge", "Nature": "R", "GVO": "COFIROUTE", "Surface": 20343.34252, "Réseau": "C", "Axe": "A10", "id_aire": "A000784" }, "geometry": { "type": "Polygon", "coordinates": [ [ [ 0.6874612, 47.2923618 ], [ 0.6877033, 47.2923007 ], [ 0.6875665, 47.2921452 ], [ 0.6876218, 47.2920105 ], [ 0.6869566, 47.2912257 ], [ 0.686275, 47.2904142 ], [ 0.6857443, 47.2897675 ], [ 0.6854841, 47.2894046 ], [ 0.6853366, 47.2893682 ], [ 0.6850721, 47.2891979 ], [ 0.684714, 47.2893744 ], [ 0.6857214, 47.2908062 ], [ 0.6872235, 47.2924217 ], [ 0.6874612, 47.2923618 ] ] ] } },
{ "type": "Feature", "properties": { "Aire": "RRN C", "NomUsuel": "Nouatre", "Nature": "R", "GVO": "COFIROUTE", "Surface": 15430.92214, "Réseau": "C", "Axe": "A10", "id_aire": "A000785" }, "geometry": { "type": "Polygon", "coordinates": [ [ [ 0.5672442, 47.0246208 ], [ 0.5668795, 47.0247525 ], [ 0.5673059, 47.0254151 ], [ 0.5683091, 47.0271301 ], [ 0.5684754, 47.0270752 ], [ 0.5686578, 47.0262378 ], [ 0.5683494, 47.0255516 ], [ 0.5677995, 47.0248739 ], [ 0.5672442, 47.0246208 ] ] ] } },
{ "type": "Feature", "properties": { "Aire": "RRN C", "NomUsuel": "Ecretteville-les-Baons Sud", "Nature": "R", "GVO": "SAPN", "Surface": 39081.28829, "Réseau": "C", "Axe": "A29", "id_aire": "A000786" }, "geometry": { "type": "Polygon", "coordinates": [ [ [ 0.6893921, 49.6374592 ], [ 0.6892258, 49.6374888 ], [ 0.6885005, 49.6375849 ], [ 0.6888696, 49.6377828 ], [ 0.6889817, 49.6378362 ], [ 0.6894135, 49.6378675 ], [ 0.6914708, 49.638274 ], [ 0.6931552, 49.6386075 ], [ 0.6943783, 49.6388142 ], [ 0.695117, 49.6389196 ], [ 0.6955712, 49.6389814 ], [ 0.6945392, 49.6385032 ], [ 0.6919268, 49.6370085 ], [ 0.6893921, 49.6374592 ] ] ] } },
{ "type": "Feature", "properties": { "Aire": "RRN C", "NomUsuel": "Ecretteville-les-Baons Nord", "Nature": "R", "GVO": "SAPN", "Surface": 39724.39041, "Réseau": "C", "Axe": "A29", "id_aire": "A000787" }, "geometry": { "type": "Polygon", "coordinates": [ [ [ 0.6956122, 49.6396114 ], [ 0.6960665, 49.6393546 ], [ 0.6955834, 49.6393044 ], [ 0.6933712, 49.6390317 ], [ 0.6892148, 49.6382741 ], [ 0.6883916, 49.6381315 ], [ 0.6889093, 49.6384147 ], [ 0.6900572, 49.6390278 ], [ 0.6906933, 49.6394025 ], [ 0.6915355, 49.6396684 ], [ 0.692179, 49.6398668 ], [ 0.6932525, 49.6399235 ], [ 0.6956122, 49.6396114 ] ] ] } },
{ "type": "Feature", "properties": { "Aire": "RRN C", "NomUsuel": "ASF_A_506 - Aire d'Auzay Est", "Nature": "R", "GVO": "ASF", "Surface": 48336.87032, "Réseau": "C", "Axe": "A83", "id_aire": "A000788" }, "geometry": { "type": "Polygon", "coordinates": [ [ [ -0.8502719, 46.4463431 ], [ -0.8504214, 46.4462773 ], [ -0.8522111, 46.4473224 ], [ -0.8518642, 46.4477307 ], [ -0.8499341, 46.4478984 ], [ -0.8493279, 46.4477764 ], [ -0.8479815, 46.4468043 ], [ -0.8477722, 46.446564 ], [ -0.8484186, 46.4456824 ], [ -0.8490707, 46.4456191 ], [ -0.8500358, 46.4463005 ], [ -0.8502719, 46.4463431 ] ] ] } },
{ "type": "Feature", "properties": { "Aire": "RRN C", "NomUsuel": "ASF_A_505 - Aire d'Auzay Ouest", "Nature": "R", "GVO": "ASF", "Surface": 32615.7816, "Réseau": "C", "Axe": "A83", "id_aire": "A000789" }, "geometry": { "type": "Polygon", "coordinates": [ [ [ -0.8638905, 46.4530295 ], [ -0.8645652, 46.4523526 ], [ -0.8650522, 46.4521848 ], [ -0.8666735, 46.4527945 ], [ -0.8668042, 46.4529663 ], [ -0.8668576, 46.4532077 ], [ -0.8656569, 46.4541272 ], [ -0.8655817, 46.4541848 ], [ -0.8652957, 46.4541979 ], [ -0.8640307, 46.453576 ], [ -0.8638941, 46.4533652 ], [ -0.8638905, 46.4530295 ] ] ] } },
{ "type": "Feature", "properties": { "Aire": "RRN C", "NomUsuel": "Galiot", "Nature": "R", "GVO": "APRR", "Surface": 17414.42765, "Réseau": "C", "Axe": "A36", "id_aire": "A000790" }, "geometry": { "type": "Polygon", "coordinates": [ [ [ 6.5586083, 47.4122717 ], [ 6.5574025, 47.4122277 ], [ 6.5563624, 47.4121898 ], [ 6.5563676, 47.4122758 ], [ 6.5565067, 47.4125472 ], [ 6.5574407, 47.4128575 ], [ 6.5598416, 47.4127653 ], [ 6.5606805, 47.4124393 ], [ 6.5606659, 47.4123153 ], [ 6.5606619, 47.4122809 ], [ 6.5586083, 47.4122717 ] ] ] } },
{ "type": "Feature", "properties": { "Aire": "RRN C", "NomUsuel": "Labouheyre Est", "Nature": "R", "GVO": "ATLANDES", "Surface": 68976.28904, "Réseau": "C", "Axe": "A63", "id_aire": "A000791" }, "geometry": { "type": "Polygon", "coordinates": [ [ [ -0.9018816, 44.2547571 ], [ -0.899769, 44.2542246 ], [ -0.9006341, 44.2518364 ], [ -0.903185, 44.2511973 ], [ -0.9034144, 44.2513831 ], [ -0.903254, 44.2517593 ], [ -0.9021334, 44.2547151 ], [ -0.9020315, 44.2547321 ], [ -0.9018816, 44.2547571 ] ] ] } },
{ "type": "Feature", "properties": { "Aire": "RRN C", "NomUsuel": "Danne", "Nature": "R", "GVO": "SANEF", "Surface": 10332.30769, "Réseau": "C", "Axe": "A4", "id_aire": "A000792" }, "geometry": { "type": "Polygon", "coordinates": [ [ [ 7.3077157, 48.7702732 ], [ 7.3089109, 48.7704505 ], [ 7.3094264, 48.7705312 ], [ 7.3098347, 48.7704574 ], [ 7.3099495, 48.7704928 ], [ 7.3101622, 48.7706479 ], [ 7.3106075, 48.7707744 ], [ 7.3106253, 48.770755 ], [ 7.310688, 48.7706845 ], [ 7.3105829, 48.7705715 ], [ 7.3106242, 48.7702528 ], [ 7.3085499, 48.7698658 ], [ 7.3078361, 48.7701056 ], [ 7.307752, 48.7701937 ], [ 7.3076173, 48.7702063 ], [ 7.3076193, 48.770239 ], [ 7.3076211, 48.7702717 ], [ 7.3077157, 48.7702732 ] ] ] } },
{ "type": "Feature", "properties": { "Aire": "RRN C", "NomUsuel": "ASF_A_380 - Aire du Bornaron", "Nature": "R", "GVO": "ASF", "Surface": 67137.04245, "Réseau": "C", "Axe": "A7", "id_aire": "A000793" }, "geometry": { "type": "Polygon", "coordinates": [ [ [ 4.8881702, 45.1561029 ], [ 4.888143, 45.1554865 ], [ 4.8880706, 45.1552392 ], [ 4.8882161, 45.1551959 ], [ 4.8880922, 45.1532837 ], [ 4.887915, 45.1532672 ], [ 4.8879801, 45.1529327 ], [ 4.8879827, 45.15251 ], [ 4.8879932, 45.1519825 ], [ 4.8879046, 45.1505912 ], [ 4.8878168, 45.1495743 ], [ 4.8873972, 45.149317 ], [ 4.8868629, 45.149271 ], [ 4.8866153, 45.1496202 ], [ 4.886571, 45.149725 ], [ 4.8865241, 45.1500393 ], [ 4.8867597, 45.1519731 ], [ 4.8866293, 45.1523407 ], [ 4.8867393, 45.1535812 ], [ 4.8872555, 45.1540445 ], [ 4.8872874, 45.1546526 ], [ 4.8872946, 45.1547888 ], [ 4.8871929, 45.1551435 ], [ 4.887331, 45.1552685 ], [ 4.8875265, 45.1561506 ], [ 4.8880267, 45.1561135 ], [ 4.8881702, 45.1561029 ] ] ] } },
{ "type": "Feature", "properties": { "Aire": "RRN C", "NomUsuel": "ASF_A_381 - Aire de la Galaure", "Nature": "R", "GVO": "ASF", "Surface": 19844.70325, "Réseau": "C", "Axe": "A7", "id_aire": "A000794" }, "geometry": { "type": "Polygon", "coordinates": [ [ [ 4.888689, 45.1538023 ], [ 4.8887429, 45.1538054 ], [ 4.8888416, 45.1536586 ], [ 4.8888736, 45.1535635 ], [ 4.8888349, 45.153476 ], [ 4.8888729, 45.1534488 ], [ 4.888919, 45.1534158 ], [ 4.8889577, 45.1534318 ], [ 4.8890418, 45.1533829 ], [ 4.8891392, 45.1532718 ], [ 4.8891939, 45.1530695 ], [ 4.8891383, 45.1513854 ], [ 4.8890549, 45.1510767 ], [ 4.8890099, 45.1503291 ], [ 4.8888159, 45.1498661 ], [ 4.8883376, 45.1496901 ], [ 4.8883293, 45.1497489 ], [ 4.8884982, 45.1511855 ], [ 4.8885837, 45.151731 ], [ 4.8884773, 45.1517692 ], [ 4.8885481, 45.1534007 ], [ 4.8886198, 45.1534001 ], [ 4.8886138, 45.153485 ], [ 4.8887402, 45.1535253 ], [ 4.8887112, 45.1536349 ], [ 4.888689, 45.1538023 ] ] ] } },
{ "type": "Feature", "properties": { "Aire": "RRN C", "NomUsuel": "ASF_A_454 - Aire du Haut départ", "Nature": "R", "GVO": "ASF", "Surface": 6070.11763, "Réseau": "C", "Axe": "A64", "id_aire": "A000795" }, "geometry": { "type": "Polygon", "coordinates": [ [ [ -0.7770231, 43.4797583 ], [ -0.7768014, 43.4798049 ], [ -0.7752891, 43.4798373 ], [ -0.775176, 43.4797955 ], [ -0.775233, 43.4797207 ], [ -0.7754365, 43.4794691 ], [ -0.7756366, 43.4792612 ], [ -0.7761398, 43.4793841 ], [ -0.7767483, 43.4794587 ], [ -0.7769073, 43.4796955 ], [ -0.7770231, 43.4797583 ] ] ] } },
{ "type": "Feature", "properties": { "Aire": "RRN C", "NomUsuel": "ASF_A_225 - Aire du Bazadais Ouest", "Nature": "R", "GVO": "ASF", "Surface": 32197.28835, "Réseau": "C", "Axe": "A62", "id_aire": "A000796" }, "geometry": { "type": "Polygon", "coordinates": [ [ [ -0.0833192, 44.5177876 ], [ -0.0832414, 44.5181594 ], [ -0.0826718, 44.5185199 ], [ -0.0821467, 44.5188523 ], [ -0.080665, 44.517788 ], [ -0.0794402, 44.5171131 ], [ -0.0795831, 44.5169918 ], [ -0.0813296, 44.5169801 ], [ -0.0823973, 44.5173219 ], [ -0.0829824, 44.5174702 ], [ -0.0833192, 44.5177876 ] ] ] } },
{ "type": "Feature", "properties": { "Aire": "RRN C", "NomUsuel": "ASF_A_434 - Aire de la ForÃªt de Saint-Porquier", "Nature": "R", "GVO": "ASF", "Surface": 47989.95223, "Réseau": "C", "Axe": "A62", "id_aire": "A000797" }, "geometry": { "type": "Polygon", "coordinates": [ [ [ 1.2044025, 44.0152487 ], [ 1.2054238, 44.0150126 ], [ 1.2063613, 44.013951 ], [ 1.2060083, 44.013739 ], [ 1.2065529, 44.0131697 ], [ 1.2069424, 44.0129219 ], [ 1.2088458, 44.01205 ], [ 1.2067917, 44.0128443 ], [ 1.2054257, 44.0133245 ], [ 1.2040668, 44.0137742 ], [ 1.2021959, 44.0143388 ], [ 1.2001584, 44.0148858 ], [ 1.2014253, 44.014651 ], [ 1.2018892, 44.014625 ], [ 1.2029827, 44.0148583 ], [ 1.2044025, 44.0152487 ] ] ] } },
{ "type": "Feature", "properties": { "Aire": "RRN C", "NomUsuel": "ASF_A_436 - Aire de Lacourt Saint-Pierre", "Nature": "R", "GVO": "ASF", "Surface": 47288.44194, "Réseau": "C", "Axe": "A62", "id_aire": "A000798" }, "geometry": { "type": "Polygon", "coordinates": [ [ [ 1.2758494, 43.9636454 ], [ 1.2763861, 43.9637742 ], [ 1.2775266, 43.963738 ], [ 1.2783373, 43.9637138 ], [ 1.2790306, 43.9632711 ], [ 1.2795394, 43.9628285 ], [ 1.280037, 43.9623778 ], [ 1.2798804, 43.9612469 ], [ 1.2795108, 43.9610285 ], [ 1.2758494, 43.9636454 ] ] ] } },
{ "type": "Feature", "properties": { "Aire": "RRN C", "NomUsuel": "ASF_A_438 - Aire de Naudy", "Nature": "R", "GVO": "ASF", "Surface": 23290.45067, "Réseau": "C", "Axe": "A62", "id_aire": "A000799" }, "geometry": { "type": "Polygon", "coordinates": [ [ [ 1.3168454, 43.8883719 ], [ 1.3171227, 43.8881721 ], [ 1.3168652, 43.8859806 ], [ 1.3164195, 43.886052 ], [ 1.3153181, 43.8867064 ], [ 1.3156798, 43.8872853 ], [ 1.3154887, 43.8875509 ], [ 1.3158964, 43.8879162 ], [ 1.3161807, 43.8877364 ], [ 1.3168454, 43.8883719 ] ] ] } },
{ "type": "Feature", "properties": { "Aire": "RRN C", "NomUsuel": "ASF_A_439 - Aire de Campsas", "Nature": "R", "GVO": "ASF", "Surface": 32680.22324, "Réseau": "C", "Axe": "A62", "id_aire": "A000800" }, "geometry": { "type": "Polygon", "coordinates": [ [ [ 1.317509, 43.8867444 ], [ 1.317618, 43.8892428 ], [ 1.3186183, 43.8893784 ], [ 1.3193249, 43.8888303 ], [ 1.3191334, 43.8879579 ], [ 1.3191218, 43.8874635 ], [ 1.3180956, 43.8868188 ], [ 1.3178359, 43.8866302 ], [ 1.317509, 43.8867444 ] ] ] } },
{ "type": "Feature", "properties": { "Aire": "RRN C", "NomUsuel": "ASF_A_437 - Aire de la ForÃªt de Montech", "Nature": "R", "GVO": "ASF", "Surface": 53608.39204, "Réseau": "C", "Axe": "A62", "id_aire": "A000801" }, "geometry": { "type": "Polygon", "coordinates": [ [ [ 1.2945281, 43.9430834 ], [ 1.2955792, 43.94105 ], [ 1.2942415, 43.9404996 ], [ 1.2931055, 43.9412335 ], [ 1.2926384, 43.9413405 ], [ 1.2923623, 43.9415469 ], [ 1.2921712, 43.9420056 ], [ 1.2921712, 43.9425483 ], [ 1.2925747, 43.9429688 ], [ 1.2941141, 43.9432363 ], [ 1.2945281, 43.9430834 ] ] ] } },
{ "type": "Feature", "properties": { "Aire": "RRN C", "NomUsuel": "LE CAPITOU", "Nature": "P", "GVO": "ESCOTA", "Surface": 4133.08626, "Réseau": "C", "Axe": "A8", "id_aire": "A000802" }, "geometry": { "type": "Polygon", "coordinates": [ [ [ 6.7267111, 43.4684401 ], [ 6.7266985, 43.4685865 ], [ 6.7272115, 43.4689772 ], [ 6.7276363, 43.4691786 ], [ 6.7279516, 43.4692732 ], [ 6.728246, 43.469258 ], [ 6.7284899, 43.4691908 ], [ 6.7267111, 43.4684401 ] ] ] } },
{ "type": "Feature", "properties": { "Aire": "RRN C", "NomUsuel": "Charme", "Nature": "R", "GVO": "APRR", "Surface": 15129.12001, "Réseau": "C", "Axe": "A36", "id_aire": "A000803" }, "geometry": { "type": "Polygon", "coordinates": [ [ [ 6.5491431, 47.4103685 ], [ 6.5488259, 47.4105322 ], [ 6.5484626, 47.4107198 ], [ 6.5484401, 47.4107936 ], [ 6.5525059, 47.4114995 ], [ 6.5525401, 47.4114116 ], [ 6.5525703, 47.4113587 ], [ 6.5521943, 47.4112327 ], [ 6.5507947, 47.4105957 ], [ 6.5491431, 47.4103685 ] ] ] } },
{ "type": "Feature", "properties": { "Aire": "RRN C", "NomUsuel": "Chevaney", "Nature": "R", "GVO": "APRR", "Surface": 23777.67535, "Réseau": "C", "Axe": "A36", "id_aire": "A000804" }, "geometry": { "type": "Polygon", "coordinates": [ [ [ 6.2541495, 47.3446111 ], [ 6.2547589, 47.3446261 ], [ 6.2576849, 47.344696 ], [ 6.2583059, 47.3444074 ], [ 6.2582974, 47.3443208 ], [ 6.2582641, 47.3439802 ], [ 6.254142, 47.3439305 ], [ 6.2541509, 47.3443377 ], [ 6.2541495, 47.3446111 ] ] ] } },
{ "type": "Feature", "properties": { "Aire": "RRN C", "NomUsuel": "ASF_A_491 - Aire de Saint-Christoly", "Nature": "R", "GVO": "ASF", "Surface": 42538.73878, "Réseau": "C", "Axe": "A10", "id_aire": "A000805" }, "geometry": { "type": "Polygon", "coordinates": [ [ [ -0.4836963, 45.1096231 ], [ -0.48308, 45.108021 ], [ -0.4822052, 45.1062327 ], [ -0.4829217, 45.1059396 ], [ -0.4837317, 45.1059644 ], [ -0.4846879, 45.1060924 ], [ -0.4844123, 45.1067908 ], [ -0.4841559, 45.1080838 ], [ -0.4841469, 45.1084793 ], [ -0.4843704, 45.1093444 ], [ -0.4839858, 45.1093473 ], [ -0.4839796, 45.1095808 ], [ -0.4836963, 45.1096231 ] ] ] } },
{ "type": "Feature", "properties": { "Aire": "RRN C", "NomUsuel": "Labouheyre Ouest", "Nature": "R", "GVO": "ATLANDES", "Surface": 67152.08575, "Réseau": "C", "Axe": "A63", "id_aire": "A000806" }, "geometry": { "type": "Polygon", "coordinates": [ [ [ -0.9025428, 44.2549713 ], [ -0.9036731, 44.2520215 ], [ -0.9038941, 44.2514416 ], [ -0.9042879, 44.2514774 ], [ -0.9053248, 44.2519384 ], [ -0.9058797, 44.2522138 ], [ -0.9060706, 44.2523539 ], [ -0.9061242, 44.2524847 ], [ -0.9060592, 44.2526848 ], [ -0.9054022, 44.2543007 ], [ -0.9052995, 44.2544386 ], [ -0.9051282, 44.2545166 ], [ -0.9048183, 44.2545841 ], [ -0.9036205, 44.2547921 ], [ -0.903105, 44.2548778 ], [ -0.9025428, 44.2549713 ] ] ] } },
{ "type": "Feature", "properties": { "Aire": "RRN C", "NomUsuel": "ASF_A_406 - Aire de Gigean nord", "Nature": "R", "GVO": "ASF", "Surface": 13662.63682, "Réseau": "C", "Axe": "A9", "id_aire": "A000807" }, "geometry": { "type": "Polygon", "coordinates": [ [ [ 3.7178928, 43.4924052 ], [ 3.717763, 43.4924502 ], [ 3.717544, 43.492526 ], [ 3.7176264, 43.4928136 ], [ 3.7177116, 43.4928557 ], [ 3.717687, 43.4928917 ], [ 3.717588, 43.4930845 ], [ 3.7177707, 43.4932604 ], [ 3.7183753, 43.4939532 ], [ 3.7188971, 43.4940888 ], [ 3.719379, 43.4941001 ], [ 3.71963, 43.4939989 ], [ 3.7178928, 43.4924052 ] ] ] } },
{ "type": "Feature", "properties": { "Aire": "RRN C", "NomUsuel": "ASF_A_492 - Cézac", "Nature": "R", "GVO": "ASF", "Surface": 42141.76187, "Réseau": "C", "Axe": "A10", "id_aire": "A000808" }, "geometry": { "type": "Polygon", "coordinates": [ [ [ -0.4616115, 45.0680855 ], [ -0.461159, 45.0680098 ], [ -0.4607736, 45.0678851 ], [ -0.4594833, 45.0672725 ], [ -0.4594592, 45.0662515 ], [ -0.4595716, 45.0654045 ], [ -0.4605976, 45.0653008 ], [ -0.4607334, 45.0652759 ], [ -0.4620344, 45.0672309 ], [ -0.461756, 45.0674653 ], [ -0.4616115, 45.0680855 ] ] ] } },
{ "type": "Feature", "properties": { "Aire": "RRN C", "NomUsuel": "Chanses", "Nature": "R", "GVO": "AREA", "Surface": 15819.54698, "Réseau": "C", "Axe": "A48", "id_aire": "A000809" }, "geometry": { "type": "Polygon", "coordinates": [ [ [ 5.4057725, 45.5336383 ], [ 5.4057942, 45.5336503 ], [ 5.4058437, 45.5336778 ], [ 5.4059729, 45.5337494 ], [ 5.4064873, 45.5337871 ], [ 5.4067625, 45.5342229 ], [ 5.4078183, 45.5339065 ], [ 5.4075073, 45.5332633 ], [ 5.4075073, 45.5328736 ], [ 5.4075611, 45.5324797 ], [ 5.4073995, 45.5324604 ], [ 5.4072441, 45.5324419 ], [ 5.4068044, 45.5328338 ], [ 5.4057725, 45.5336383 ] ] ] } },
{ "type": "Feature", "properties": { "Aire": "RRN C", "NomUsuel": "ASF_A_254 - Aire de Bras de Zil", "Nature": "R", "GVO": "ASF", "Surface": 23772.20416, "Réseau": "C", "Axe": "A7", "id_aire": "A000810" }, "geometry": { "type": "Polygon", "coordinates": [ [ [ 4.787298, 44.7279596 ], [ 4.7868463, 44.7280256 ], [ 4.7869632, 44.728385 ], [ 4.7870406, 44.7287347 ], [ 4.7871244, 44.7291848 ], [ 4.7870698, 44.7295435 ], [ 4.7871453, 44.7301919 ], [ 4.7872816, 44.7307018 ], [ 4.7875825, 44.7308524 ], [ 4.7879928, 44.731069 ], [ 4.7884039, 44.7314909 ], [ 4.7886754, 44.7314852 ], [ 4.7880798, 44.7297052 ], [ 4.787298, 44.7279596 ] ] ] } },
{ "type": "Feature", "properties": { "Aire": "RRN C", "NomUsuel": "ASF_A_389 - Aire de DonzÃ¨re", "Nature": "R", "GVO": "ASF", "Surface": 13665.90948, "Réseau": "C", "Axe": "A7", "id_aire": "A000811" }, "geometry": { "type": "Polygon", "coordinates": [ [ [ 4.7562655, 44.4540081 ], [ 4.7571258, 44.4559584 ], [ 4.7571861, 44.4559588 ], [ 4.757529, 44.4559481 ], [ 4.7574732, 44.4557426 ], [ 4.757376, 44.4553687 ], [ 4.7573789, 44.4552723 ], [ 4.7573796, 44.4552492 ], [ 4.7575542, 44.4552364 ], [ 4.757592, 44.4551708 ], [ 4.7573868, 44.4540685 ], [ 4.7572482, 44.4540171 ], [ 4.7566525, 44.453922 ], [ 4.7563391, 44.4539931 ], [ 4.7562655, 44.4540081 ] ] ] } },
{ "type": "Feature", "properties": { "Aire": "RRN C", "NomUsuel": "ASF_A_384 - Aire de Livron", "Nature": "R", "GVO": "ASF", "Surface": 21310.6403, "Réseau": "C", "Axe": "A7", "id_aire": "A000812" }, "geometry": { "type": "Polygon", "coordinates": [ [ [ 4.8360351, 44.7875572 ], [ 4.8362739, 44.7874636 ], [ 4.8358623, 44.7870488 ], [ 4.835633, 44.7866363 ], [ 4.8356738, 44.7863843 ], [ 4.83508, 44.7857822 ], [ 4.8346914, 44.785887 ], [ 4.8346825, 44.7856347 ], [ 4.8345603, 44.7851947 ], [ 4.8342115, 44.7851048 ], [ 4.8341537, 44.7850307 ], [ 4.8340265, 44.7850843 ], [ 4.8330162, 44.7855101 ], [ 4.8332295, 44.7856331 ], [ 4.833756, 44.7858381 ], [ 4.833656, 44.7859627 ], [ 4.8345358, 44.7864941 ], [ 4.8348442, 44.7867006 ], [ 4.8357229, 44.7872891 ], [ 4.8360351, 44.7875572 ] ] ] } },
{ "type": "Feature", "properties": { "Aire": "RRN C", "NomUsuel": "ASF_A_383 - Aire de Bellevue", "Nature": "R", "GVO": "ASF", "Surface": 11700.83945, "Réseau": "C", "Axe": "A7", "id_aire": "A000813" }, "geometry": { "type": "Polygon", "coordinates": [ [ [ 4.8445172, 44.7972136 ], [ 4.8442382, 44.7972491 ], [ 4.8443527, 44.7974504 ], [ 4.8446102, 44.7980003 ], [ 4.8447914, 44.7982236 ], [ 4.8452992, 44.7988479 ], [ 4.8456413, 44.7992568 ], [ 4.8457273, 44.7993273 ], [ 4.846051, 44.7994864 ], [ 4.8461504, 44.7995391 ], [ 4.8466343, 44.7999255 ], [ 4.8467708, 44.7998549 ], [ 4.8445172, 44.7972136 ] ] ] } },
{ "type": "Feature", "properties": { "Aire": "RRN C", "NomUsuel": "Bois de Frachere", "Nature": "R", "GVO": "APRR", "Surface": 33457.19778, "Réseau": "C", "Axe": "A36", "id_aire": "A000814" }, "geometry": { "type": "Polygon", "coordinates": [ [ [ 5.9275807, 47.2695333 ], [ 5.9283377, 47.270082 ], [ 5.9285839, 47.2702428 ], [ 5.9287268, 47.2702985 ], [ 5.9290702, 47.2705317 ], [ 5.9292357, 47.2706776 ], [ 5.9300698, 47.2711516 ], [ 5.9307447, 47.2714943 ], [ 5.9310435, 47.2716417 ], [ 5.931338, 47.2717758 ], [ 5.9317538, 47.2714646 ], [ 5.9315111, 47.2713644 ], [ 5.9317477, 47.2710344 ], [ 5.9316162, 47.2704547 ], [ 5.9303512, 47.2697477 ], [ 5.9296455, 47.2699029 ], [ 5.929049, 47.2697834 ], [ 5.9280172, 47.2695163 ], [ 5.9275807, 47.2695333 ] ] ] } },
{ "type": "Feature", "properties": { "Aire": "RRN C", "NomUsuel": "Charly-Oradour", "Nature": "R", "GVO": "SANEF", "Surface": 7444.39277, "Réseau": "C", "Axe": "A4", "id_aire": "A000815" }, "geometry": { "type": "Polygon", "coordinates": [ [ [ 6.2428788, 49.1830675 ], [ 6.2418614, 49.1835525 ], [ 6.2408997, 49.1839647 ], [ 6.2407484, 49.1840475 ], [ 6.2407602, 49.1840755 ], [ 6.2408133, 49.184113 ], [ 6.2414959, 49.1840173 ], [ 6.2416, 49.1840523 ], [ 6.2417076, 49.1841245 ], [ 6.241803, 49.1841429 ], [ 6.2419078, 49.1841228 ], [ 6.2423899, 49.1839191 ], [ 6.2423954, 49.1837661 ], [ 6.2427584, 49.1835879 ], [ 6.2430518, 49.1832858 ], [ 6.2431058, 49.1831569 ], [ 6.2430548, 49.1830715 ], [ 6.2430103, 49.1830559 ], [ 6.2428788, 49.1830675 ] ] ] } },
{ "type": "Feature", "properties": { "Aire": "RRN C", "NomUsuel": "ASF_A_376 - Aire de Lamanon", "Nature": "R", "GVO": "ASF", "Surface": 68132.17776000001, "Réseau": "C", "Axe": "A7", "id_aire": "A000816" }, "geometry": { "type": "Polygon", "coordinates": [ [ [ 5.0970774, 43.6922967 ], [ 5.0971646, 43.6922921 ], [ 5.097213, 43.6922899 ], [ 5.0972443, 43.6922878 ], [ 5.0973064, 43.691864 ], [ 5.0975813, 43.6913716 ], [ 5.0975276, 43.6900858 ], [ 5.0974659, 43.68867 ], [ 5.097151, 43.6880471 ], [ 5.0969749, 43.687646 ], [ 5.0969161, 43.687417 ], [ 5.096901, 43.6870492 ], [ 5.0967029, 43.685789 ], [ 5.0972657, 43.6852579 ], [ 5.0971891, 43.684765 ], [ 5.0970042, 43.6840554 ], [ 5.0966923, 43.6840635 ], [ 5.0965254, 43.6839344 ], [ 5.096506, 43.6827285 ], [ 5.0960324, 43.6824382 ], [ 5.0959358, 43.6824504 ], [ 5.0958902, 43.6824573 ], [ 5.0959332, 43.6832367 ], [ 5.0960344, 43.6846178 ], [ 5.0960641, 43.6854139 ], [ 5.09616, 43.686265 ], [ 5.0962201, 43.6868128 ], [ 5.0963089, 43.6881448 ], [ 5.0963604, 43.6885268 ], [ 5.0965006, 43.6893247 ], [ 5.0966549, 43.6902949 ], [ 5.0968887, 43.6914139 ], [ 5.0970056, 43.6920461 ], [ 5.0970774, 43.6922967 ] ] ] } },
{ "type": "Feature", "properties": { "Aire": "RRN C", "NomUsuel": "Chazey sur Ain", "Nature": "R", "GVO": "APRR", "Surface": 24956.13217, "Réseau": "C", "Axe": "A42", "id_aire": "A000817" }, "geometry": { "type": "Polygon", "coordinates": [ [ [ 5.2407251, 45.9083583 ], [ 5.2428652, 45.9094638 ], [ 5.2434316, 45.909823 ], [ 5.2437824, 45.9098056 ], [ 5.2435701, 45.9095566 ], [ 5.2437724, 45.9085606 ], [ 5.2426497, 45.9080061 ], [ 5.2407239, 45.9081629 ], [ 5.2407251, 45.9083583 ] ] ] } },
{ "type": "Feature", "properties": { "Aire": "RRN C", "NomUsuel": "Brotteaux", "Nature": "R", "GVO": "APRR", "Surface": 19045.38311, "Réseau": "C", "Axe": "A42", "id_aire": "A000818" }, "geometry": { "type": "Polygon", "coordinates": [ [ [ 5.2414368, 45.9092214 ], [ 5.2416085, 45.9101618 ], [ 5.2419269, 45.9105335 ], [ 5.2430444, 45.9110686 ], [ 5.2440867, 45.9107925 ], [ 5.2441619, 45.9106076 ], [ 5.2414368, 45.9092214 ] ] ] } },
{ "type": "Feature", "properties": { "Aire": "RRN C", "NomUsuel": "ASF_A_359 - Aire de Milhaud Sud", "Nature": "R", "GVO": "ASF", "Surface": 7731.17044, "Réseau": "C", "Axe": "A9", "id_aire": "A000819" }, "geometry": { "type": "Polygon", "coordinates": [ [ [ 4.2971607, 43.7861879 ], [ 4.2981962, 43.7870341 ], [ 4.2986966, 43.7874919 ], [ 4.2991241, 43.7879665 ], [ 4.2994034, 43.7879476 ], [ 4.2992085, 43.7875234 ], [ 4.2989351, 43.7871517 ], [ 4.2985133, 43.7869039 ], [ 4.2978879, 43.7863853 ], [ 4.2973032, 43.7860535 ], [ 4.2971607, 43.7861879 ] ] ] } },
{ "type": "Feature", "properties": { "Aire": "RRN C", "NomUsuel": "ASF_A_358 - Aire de Milhaud Nord", "Nature": "R", "GVO": "ASF", "Surface": 42413.43706, "Réseau": "C", "Axe": "A9", "id_aire": "A000820" }, "geometry": { "type": "Polygon", "coordinates": [ [ [ 4.2975401, 43.7870904 ], [ 4.2973447, 43.787562 ], [ 4.2966731, 43.7882011 ], [ 4.2975706, 43.7896027 ], [ 4.2981995, 43.7898099 ], [ 4.2986574, 43.7895983 ], [ 4.2997808, 43.7896644 ], [ 4.3001533, 43.7894661 ], [ 4.2981319, 43.7874907 ], [ 4.2975401, 43.7870904 ] ] ] } },
{ "type": "Feature", "properties": { "Aire": "RRN C", "NomUsuel": "ASF_A_385 - Aire de la Coucourde", "Nature": "R", "GVO": "ASF", "Surface": 119315.1388, "Réseau": "C", "Axe": "A7", "id_aire": "A000821" }, "geometry": { "type": "Polygon", "coordinates": [ [ [ 4.7926454, 44.6489594 ], [ 4.7928743, 44.6488889 ], [ 4.7924928, 44.6478873 ], [ 4.7920007, 44.6454038 ], [ 4.7918138, 44.644956 ], [ 4.7917298, 44.6452573 ], [ 4.7914284, 44.645621 ], [ 4.7908028, 44.6457187 ], [ 4.7900283, 44.6458137 ], [ 4.78954, 44.6458625 ], [ 4.7891699, 44.6460064 ], [ 4.787354, 44.646742 ], [ 4.7868427, 44.6469508 ], [ 4.7865566, 44.6470677 ], [ 4.7862552, 44.6472495 ], [ 4.7857784, 44.6476675 ], [ 4.7858318, 44.6477923 ], [ 4.7861255, 44.6480149 ], [ 4.7862362, 44.6481805 ], [ 4.7864956, 44.6482945 ], [ 4.7871174, 44.6483325 ], [ 4.7890364, 44.6483678 ], [ 4.7900741, 44.6483488 ], [ 4.7909935, 44.6481506 ], [ 4.7919091, 44.6480339 ], [ 4.7921457, 44.6482483 ], [ 4.7925476, 44.6488202 ], [ 4.7926454, 44.6489594 ] ] ] } },
{ "type": "Feature", "properties": { "Aire": "RRN C", "NomUsuel": "ASF_A_390 - Aire de Pierrelatte", "Nature": "R", "GVO": "ASF", "Surface": 6348.35042, "Réseau": "C", "Axe": "A7", "id_aire": "A000822" }, "geometry": { "type": "Polygon", "coordinates": [ [ [ 4.7282616, 44.4035667 ], [ 4.7285274, 44.4038096 ], [ 4.7286669, 44.4040733 ], [ 4.7287817, 44.4039383 ], [ 4.7287181, 44.4024192 ], [ 4.728818, 44.4019963 ], [ 4.7286727, 44.401989 ], [ 4.7284504, 44.4026378 ], [ 4.7281955, 44.4028508 ], [ 4.7282616, 44.4035667 ] ] ] } },
{ "type": "Feature", "properties": { "Aire": "RRN C", "NomUsuel": "ASF_A_387 - Aire de Savasse", "Nature": "R", "GVO": "ASF", "Surface": 42739.44562, "Réseau": "C", "Axe": "A7", "id_aire": "A000823" }, "geometry": { "type": "Polygon", "coordinates": [ [ [ 4.7944115, 44.5988127 ], [ 4.7940959, 44.5997701 ], [ 4.7940088, 44.6005628 ], [ 4.7938495, 44.6013279 ], [ 4.7945257, 44.6013404 ], [ 4.7947747, 44.6013033 ], [ 4.7952287, 44.6002196 ], [ 4.7961367, 44.598083 ], [ 4.7964134, 44.5973133 ], [ 4.7954838, 44.5972949 ], [ 4.794818, 44.5981939 ], [ 4.7944115, 44.5988127 ] ] ] } },
{ "type": "Feature", "properties": { "Aire": "RRN C", "NomUsuel": "ASF_A_386 - Aire du Logis Neuf", "Nature": "R", "GVO": "ASF", "Surface": 46422.56875, "Réseau": "C", "Axe": "A7", "id_aire": "A000824" }, "geometry": { "type": "Polygon", "coordinates": [ [ [ 4.7922552, 44.6439628 ], [ 4.7928038, 44.6442145 ], [ 4.7932728, 44.64409 ], [ 4.7938452, 44.6439882 ], [ 4.7939764, 44.6438921 ], [ 4.7942348, 44.6428654 ], [ 4.7944017, 44.642478 ], [ 4.7944653, 44.6423083 ], [ 4.7943977, 44.6421584 ], [ 4.7936544, 44.6416182 ], [ 4.7932172, 44.6414372 ], [ 4.7927441, 44.641324 ], [ 4.7923824, 44.6412873 ], [ 4.7921042, 44.6413014 ], [ 4.7920803, 44.6420141 ], [ 4.7922552, 44.6439628 ] ] ] } },
{ "type": "Feature", "properties": { "Aire": "RRN C", "NomUsuel": "ASF_A_388 - Aire du Roubion", "Nature": "R", "GVO": "ASF", "Surface": 49488.94215, "Réseau": "C", "Axe": "A7", "id_aire": "A000825" }, "geometry": { "type": "Polygon", "coordinates": [ [ [ 4.7992076, 44.5934483 ], [ 4.8005578, 44.5936589 ], [ 4.8009312, 44.5936185 ], [ 4.8014778, 44.5927506 ], [ 4.8017079, 44.592155 ], [ 4.8017557, 44.5919252 ], [ 4.8017467, 44.5910871 ], [ 4.8017079, 44.5903383 ], [ 4.8017557, 44.5898192 ], [ 4.8017161, 44.589589 ], [ 4.8015168, 44.5896066 ], [ 4.8012568, 44.5895193 ], [ 4.8005608, 44.5908552 ], [ 4.7999783, 44.5920848 ], [ 4.7992076, 44.5934483 ] ] ] } },
{ "type": "Feature", "properties": { "Aire": "RRN C", "NomUsuel": "Chagnats", "Nature": "R", "GVO": "COFIROUTE", "Surface": 18700.58691, "Réseau": "C", "Axe": "A10", "id_aire": "A000826" }, "geometry": { "type": "Polygon", "coordinates": [ [ [ 0.5114838, 46.7959985 ], [ 0.511752, 46.7959691 ], [ 0.5117842, 46.794838 ], [ 0.5118164, 46.7943018 ], [ 0.5112692, 46.7934791 ], [ 0.5103465, 46.7927446 ], [ 0.510132, 46.7929062 ], [ 0.5108937, 46.7944487 ], [ 0.5114838, 46.7959985 ] ] ] } },
{ "type": "Feature", "properties": { "Aire": "RRN C", "NomUsuel": "Aire de Village Brule", "Nature": "R", "GVO": "COFIROUTE", "Surface": 13229.68902, "Réseau": "C", "Axe": "A10", "id_aire": "A000827" }, "geometry": { "type": "Polygon", "coordinates": [ [ [ 0.6845319, 47.2902532 ], [ 0.6842743, 47.2902495 ], [ 0.6841357, 47.2902519 ], [ 0.6840951, 47.2905424 ], [ 0.6841126, 47.2907639 ], [ 0.6841242, 47.2909099 ], [ 0.6846016, 47.2916485 ], [ 0.6851488, 47.2921325 ], [ 0.6857228, 47.2919724 ], [ 0.6856785, 47.2915776 ], [ 0.6846874, 47.2904806 ], [ 0.6845319, 47.2902532 ] ] ] } },
{ "type": "Feature", "properties": { "Aire": "RRN C", "NomUsuel": "ASF_A_657 - Aire des pierres dorées", "Nature": "R", "GVO": "ASF", "Surface": 105446.8737, "Réseau": "C", "Axe": "A89", "id_aire": "A000828" }, "geometry": { "type": "Polygon", "coordinates": [ [ [ 4.5913008, 45.864857 ], [ 4.5926526, 45.8658506 ], [ 4.5932454, 45.8659832 ], [ 4.5940045, 45.8660243 ], [ 4.5950827, 45.8663082 ], [ 4.5960993, 45.8665361 ], [ 4.5964721, 45.8666743 ], [ 4.5967269, 45.8668909 ], [ 4.5972221, 45.8666909 ], [ 4.5978508, 45.8660953 ], [ 4.5986876, 45.8649037 ], [ 4.5987257, 45.8637966 ], [ 4.5982907, 45.8635815 ], [ 4.597585, 45.8636095 ], [ 4.5964196, 45.8643129 ], [ 4.5955066, 45.8644201 ], [ 4.5927706, 45.8648701 ], [ 4.5913008, 45.864857 ] ] ] } },
{ "type": "Feature", "properties": { "Aire": "RRN C", "NomUsuel": "Chamant Est", "Nature": "P", "GVO": "SANEF", "Surface": 7221.06258, "Réseau": "C", "Axe": "A1", "id_aire": "A000829" }, "geometry": { "type": "Polygon", "coordinates": [ [ [ 2.6290206, 49.2158906 ], [ 2.6308104, 49.2171767 ], [ 2.6309129, 49.2172014 ], [ 2.6308889, 49.21715 ], [ 2.6310192, 49.2168146 ], [ 2.6310427, 49.2167768 ], [ 2.6310671, 49.2167561 ], [ 2.6310606, 49.2167453 ], [ 2.6310394, 49.2167392 ], [ 2.6310051, 49.2167374 ], [ 2.6309672, 49.2167428 ], [ 2.6309321, 49.2166999 ], [ 2.6306555, 49.2164335 ], [ 2.6305306, 49.216335 ], [ 2.6304067, 49.2162704 ], [ 2.6302437, 49.2161919 ], [ 2.6294444, 49.2158205 ], [ 2.6290206, 49.2158906 ] ] ] } },
{ "type": "Feature", "properties": { "Aire": "RRN C", "NomUsuel": "Chamant Ouest", "Nature": "P", "GVO": "SANEF", "Surface": 4643.73538, "Réseau": "C", "Axe": "A1", "id_aire": "A000830" }, "geometry": { "type": "Polygon", "coordinates": [ [ [ 2.6231558, 49.2144577 ], [ 2.6230002, 49.2145053 ], [ 2.6231127, 49.214626 ], [ 2.6231075, 49.2146492 ], [ 2.6231151, 49.2146803 ], [ 2.6233644, 49.2148158 ], [ 2.6233638, 49.2148495 ], [ 2.6234046, 49.2148691 ], [ 2.6234572, 49.2148609 ], [ 2.6236469, 49.2149649 ], [ 2.6236532, 49.2149936 ], [ 2.6236881, 49.215012 ], [ 2.6237114, 49.2150242 ], [ 2.6236633, 49.215064 ], [ 2.6237377, 49.2151036 ], [ 2.6237842, 49.2150624 ], [ 2.6238742, 49.2151097 ], [ 2.6238257, 49.2151519 ], [ 2.6238905, 49.215186 ], [ 2.6239397, 49.2151442 ], [ 2.6242781, 49.2153219 ], [ 2.6242821, 49.2153528 ], [ 2.6243239, 49.2153751 ], [ 2.624372, 49.2153713 ], [ 2.62479, 49.215591 ], [ 2.6248272, 49.2155751 ], [ 2.624911, 49.2155716 ], [ 2.6250836, 49.2155827 ], [ 2.625185, 49.2155892 ], [ 2.6254401, 49.2156056 ], [ 2.6251671, 49.2154843 ], [ 2.6231558, 49.2144577 ] ] ] } },
{ "type": "Feature", "properties": { "Aire": "RRN C", "NomUsuel": "Boitray", "Nature": "R", "GVO": "APRR", "Surface": 47561.41024, "Réseau": "C", "Axe": "A6", "id_aire": "A000831" }, "geometry": { "type": "Polygon", "coordinates": [ [ [ 4.7281713, 46.0446011 ], [ 4.7282973, 46.0449511 ], [ 4.7283939, 46.0449344 ], [ 4.7284609, 46.0450889 ], [ 4.7285306, 46.0450703 ], [ 4.7287211, 46.0453291 ], [ 4.7287658, 46.0454588 ], [ 4.7289432, 46.0454141 ], [ 4.7291717, 46.045357 ], [ 4.7291181, 46.0448747 ], [ 4.729082, 46.0447412 ], [ 4.7290594, 46.0445789 ], [ 4.7290403, 46.044441 ], [ 4.7289062, 46.0437429 ], [ 4.7286057, 46.043162 ], [ 4.7285548, 46.0428585 ], [ 4.7284314, 46.0428343 ], [ 4.7283778, 46.0426742 ], [ 4.7282946, 46.0425625 ], [ 4.7281069, 46.0424452 ], [ 4.7279915, 46.0422795 ], [ 4.727506, 46.0404996 ], [ 4.7276938, 46.0403749 ], [ 4.727954, 46.0401626 ], [ 4.7281069, 46.0399559 ], [ 4.7281337, 46.0398014 ], [ 4.7280398, 46.0396245 ], [ 4.7279566, 46.0395556 ], [ 4.7276375, 46.039403 ], [ 4.7274578, 46.0391982 ], [ 4.7265691, 46.0391397 ], [ 4.7265727, 46.0393899 ], [ 4.7271694, 46.0418457 ], [ 4.7281713, 46.0446011 ] ] ] } },
{ "type": "Feature", "properties": { "Aire": "RRN C", "NomUsuel": "Combe Suzon", "Nature": "R", "GVO": "APRR", "Surface": 69000.83207, "Réseau": "C", "Axe": "A31", "id_aire": "A000832" }, "geometry": { "type": "Polygon", "coordinates": [ [ [ 5.1862759, 47.6886031 ], [ 5.1847759, 47.6886404 ], [ 5.1839812, 47.6886601 ], [ 5.1834459, 47.688449 ], [ 5.183534, 47.6889076 ], [ 5.1836886, 47.6894413 ], [ 5.1842279, 47.6905983 ], [ 5.1843266, 47.6907216 ], [ 5.1844982, 47.6910949 ], [ 5.1845264, 47.691369 ], [ 5.1848185, 47.6919901 ], [ 5.1848724, 47.6921859 ], [ 5.1850489, 47.6921828 ], [ 5.1853398, 47.6920577 ], [ 5.1862428, 47.6912896 ], [ 5.1871579, 47.6904738 ], [ 5.1862759, 47.6886031 ] ] ] } },
{ "type": "Feature", "properties": { "Aire": "RRN C", "NomUsuel": "ASF_A_489 - Boisredon", "Nature": "R", "GVO": "ASF", "Surface": 25199.93653, "Réseau": "C", "Axe": "A10", "id_aire": "A000833" }, "geometry": { "type": "Polygon", "coordinates": [ [ [ -0.5579049, 45.3123048 ], [ -0.5583501, 45.3124652 ], [ -0.5584306, 45.3127368 ], [ -0.5585218, 45.3129594 ], [ -0.558629, 45.3140043 ], [ -0.5587685, 45.3146871 ], [ -0.5583828, 45.3149244 ], [ -0.5567188, 45.3143307 ], [ -0.5573309, 45.3134837 ], [ -0.5576688, 45.3130782 ], [ -0.5577706, 45.3129581 ], [ -0.557819, 45.3125878 ], [ -0.5579049, 45.3123048 ] ] ] } },
{ "type": "Feature", "properties": { "Aire": "RRN C", "NomUsuel": "Aire du B?arn Vert et Or", "Nature": "R", "GVO": "ALIENOR", "Surface": 44631.52162, "Réseau": "C", "Axe": "A65", "id_aire": "A000834" }, "geometry": { "type": "Polygon", "coordinates": [ [ [ -0.3218443, 43.4697343 ], [ -0.3205267, 43.4702526 ], [ -0.3203295, 43.4700988 ], [ -0.3201284, 43.47002 ], [ -0.3201887, 43.4699626 ], [ -0.3201216, 43.469836 ], [ -0.3200707, 43.4697611 ], [ -0.3197703, 43.4695879 ], [ -0.3192365, 43.4687469 ], [ -0.3190702, 43.468233 ], [ -0.3191024, 43.4680072 ], [ -0.319258, 43.4676646 ], [ -0.3194779, 43.4674349 ], [ -0.3199071, 43.467213 ], [ -0.3203416, 43.4670611 ], [ -0.3218443, 43.4697343 ] ] ] } },
{ "type": "Feature", "properties": { "Aire": "RRN C", "NomUsuel": "Aire de la Garenne", "Nature": "R", "GVO": "APRR", "Surface": 22609.25288, "Réseau": "C", "Axe": "A6", "id_aire": "A000835" }, "geometry": { "type": "Polygon", "coordinates": [ [ [ 4.6987943, 47.1536807 ], [ 4.6984886, 47.1536497 ], [ 4.6981399, 47.1538339 ], [ 4.6973889, 47.1555521 ], [ 4.6968632, 47.1571572 ], [ 4.6969812, 47.1579305 ], [ 4.6973889, 47.1577298 ], [ 4.6974318, 47.1573797 ], [ 4.6976088, 47.1568544 ], [ 4.6978824, 47.1561285 ], [ 4.6982364, 47.1552348 ], [ 4.6985583, 47.1544505 ], [ 4.6987943, 47.1536807 ] ] ] } },
{ "type": "Feature", "properties": { "Aire": "RRN C", "NomUsuel": "ASF_A_407 - Aire de Gigean Sud", "Nature": "R", "GVO": "ASF", "Surface": 14214.62193, "Réseau": "C", "Axe": "A9", "id_aire": "A000836" }, "geometry": { "type": "Polygon", "coordinates": [ [ [ 3.7185915, 43.4924838 ], [ 3.7189713, 43.4924267 ], [ 3.7193198, 43.4919906 ], [ 3.7185267, 43.4910908 ], [ 3.7183417, 43.491111 ], [ 3.7176399, 43.4909854 ], [ 3.7175415, 43.491263 ], [ 3.71737, 43.4914732 ], [ 3.7179789, 43.4919266 ], [ 3.7185915, 43.4924838 ] ] ] } },
{ "type": "Feature", "properties": { "Aire": "RRN C", "NomUsuel": "Beynost", "Nature": "P", "GVO": "APRR", "Surface": 10394.1327, "Réseau": "C", "Axe": "A42", "id_aire": "A000837" }, "geometry": { "type": "Polygon", "coordinates": [ [ [ 4.9947479, 45.8205116 ], [ 4.9963814, 45.8215584 ], [ 4.9967866, 45.8218155 ], [ 4.9972226, 45.8220168 ], [ 4.9972227, 45.821422 ], [ 4.9961401, 45.8208627 ], [ 4.9954426, 45.8205023 ], [ 4.9948847, 45.8203415 ], [ 4.9947479, 45.8205116 ] ] ] } },
{ "type": "Feature", "properties": { "Aire": "RRN C", "NomUsuel": "ASF_A_458 - Aire de Borde Nord", "Nature": "R", "GVO": "ASF", "Surface": 8732.88898, "Réseau": "C", "Axe": "A64", "id_aire": "A000838" }, "geometry": { "type": "Polygon", "coordinates": [ [ [ 0.2240712, 43.1830341 ], [ 0.2239354, 43.1830637 ], [ 0.2239316, 43.1831711 ], [ 0.2238825, 43.1832814 ], [ 0.2238145, 43.1835679 ], [ 0.2237539, 43.1838842 ], [ 0.2236978, 43.1841772 ], [ 0.223683, 43.1842543 ], [ 0.2236293, 43.184535 ], [ 0.2237072, 43.1845825 ], [ 0.2237973, 43.1845236 ], [ 0.2239666, 43.1844482 ], [ 0.2240993, 43.1844095 ], [ 0.2242301, 43.1843914 ], [ 0.2242806, 43.1843772 ], [ 0.2244533, 43.1843297 ], [ 0.2245104, 43.184289 ], [ 0.2245352, 43.1842713 ], [ 0.2245678, 43.1842089 ], [ 0.2246586, 43.1837541 ], [ 0.2246564, 43.1837185 ], [ 0.224651, 43.1836306 ], [ 0.2244419, 43.1834423 ], [ 0.2242528, 43.1832897 ], [ 0.2241738, 43.1831861 ], [ 0.2240712, 43.1830341 ] ] ] } },
{ "type": "Feature", "properties": { "Aire": "RRN C", "NomUsuel": "ASF_A_457 - Aire de Bordes Sud", "Nature": "R", "GVO": "ASF", "Surface": 11183.3673, "Réseau": "C", "Axe": "A64", "id_aire": "A000839" }, "geometry": { "type": "Polygon", "coordinates": [ [ [ 0.2229133, 43.1821125 ], [ 0.2227293, 43.1821739 ], [ 0.2225845, 43.1822443 ], [ 0.2224801, 43.1828417 ], [ 0.2224308, 43.1831241 ], [ 0.222496, 43.1831678 ], [ 0.222717, 43.183355 ], [ 0.2228174, 43.1836235 ], [ 0.2228129, 43.1837352 ], [ 0.2229751, 43.1837296 ], [ 0.2231872, 43.1836285 ], [ 0.2235009, 43.1820773 ], [ 0.2234359, 43.1818665 ], [ 0.2232239, 43.1819949 ], [ 0.2229133, 43.1821125 ] ] ] } },
{ "type": "Feature", "properties": { "Aire": "RRN C", "NomUsuel": "Bois de la Ronce", "Nature": "R", "GVO": "SANEF", "Surface": 16457.0189, "Réseau": "C", "Axe": "A4", "id_aire": "A000840" }, "geometry": { "type": "Polygon", "coordinates": [ [ [ 5.7073496, 49.1439094 ], [ 5.7078865, 49.1451093 ], [ 5.7086281, 49.1454401 ], [ 5.7108866, 49.1455283 ], [ 5.7073496, 49.1439094 ] ] ] } },
{ "type": "Feature", "properties": { "Aire": "RRN C", "NomUsuel": "GANAGOBIE EST", "Nature": "R", "GVO": "ESCOTA", "Surface": 24088.10896, "Réseau": "C", "Axe": "A51", "id_aire": "A000841" }, "geometry": { "type": "Polygon", "coordinates": [ [ [ 5.9206386, 43.9985767 ], [ 5.9212184, 43.9992567 ], [ 5.9216673, 43.9997345 ], [ 5.9222819, 44.000282 ], [ 5.9229348, 44.0007407 ], [ 5.9243268, 44.0016433 ], [ 5.9241849, 44.001021 ], [ 5.923269, 43.9999712 ], [ 5.9228924, 43.9996902 ], [ 5.9221692, 43.9992177 ], [ 5.9218531, 43.9991152 ], [ 5.920786, 43.9985121 ], [ 5.9206386, 43.9985767 ] ] ] } },
{ "type": "Feature", "properties": { "Aire": "RRN C", "NomUsuel": "GANAGOBIE OUEST", "Nature": "R", "GVO": "ESCOTA", "Surface": 25100.88739, "Réseau": "C", "Axe": "A51", "id_aire": "A000842" }, "geometry": { "type": "Polygon", "coordinates": [ [ [ 5.9215469, 44.000196 ], [ 5.9222451, 44.001551 ], [ 5.9229953, 44.0023045 ], [ 5.9234684, 44.0026448 ], [ 5.9241443, 44.0026691 ], [ 5.9252317, 44.0026291 ], [ 5.9247836, 44.0023142 ], [ 5.9242861, 44.0019876 ], [ 5.9233514, 44.0013807 ], [ 5.9226494, 44.0009095 ], [ 5.9216888, 44.0001456 ], [ 5.9215469, 44.000196 ] ] ] } },
{ "type": "Feature", "properties": { "Aire": "RRN C", "NomUsuel": "Chatuzange Barrière Nord", "Nature": "P", "GVO": "AREA", "Surface": 8478.51389, "Réseau": "C", "Axe": "A49", "id_aire": "A000843" }, "geometry": { "type": "Polygon", "coordinates": [ [ [ 5.0934132, 45.0256583 ], [ 5.0939188, 45.0261711 ], [ 5.094003, 45.0262236 ], [ 5.095466, 45.0265538 ], [ 5.0956082, 45.0265319 ], [ 5.0961349, 45.0262336 ], [ 5.0934132, 45.0256583 ] ] ] } },
{ "type": "Feature", "properties": { "Aire": "RRN C", "NomUsuel": "Bois Defendu", "Nature": "R", "GVO": "APRR", "Surface": 32040.61994, "Réseau": "C", "Axe": "A39", "id_aire": "A000844" }, "geometry": { "type": "Polygon", "coordinates": [ [ [ 5.2468168, 47.2437765 ], [ 5.2503651, 47.2420558 ], [ 5.2487903, 47.2415419 ], [ 5.248324, 47.2414455 ], [ 5.2480807, 47.2415052 ], [ 5.2469452, 47.2425973 ], [ 5.2467762, 47.2428129 ], [ 5.2468168, 47.2437765 ] ] ] } },
{ "type": "Feature", "properties": { "Aire": "RRN C", "NomUsuel": "Genetoy", "Nature": "R", "GVO": "APRR", "Surface": 11192.1595, "Réseau": "C", "Axe": "A6", "id_aire": "A000845" }, "geometry": { "type": "Polygon", "coordinates": [ [ [ 4.120963, 47.4956954 ], [ 4.1217911, 47.4959991 ], [ 4.1219752, 47.4960421 ], [ 4.1221061, 47.4960421 ], [ 4.1222194, 47.4960254 ], [ 4.1230617, 47.4955926 ], [ 4.1232316, 47.495473 ], [ 4.1232988, 47.4953391 ], [ 4.1232918, 47.495241 ], [ 4.1232705, 47.4951526 ], [ 4.1231891, 47.4950713 ], [ 4.1230051, 47.4948871 ], [ 4.120963, 47.4956954 ] ] ] } },
{ "type": "Feature", "properties": { "Aire": "RRN C", "NomUsuel": "ASF_A_481 - Aire de Port-d'Envaux Ouest", "Nature": "R", "GVO": "ASF", "Surface": 9604.73377, "Réseau": "C", "Axe": "A10", "id_aire": "A000846" }, "geometry": { "type": "Polygon", "coordinates": [ [ [ -0.6610417, 45.7964894 ], [ -0.6612081, 45.7968102 ], [ -0.6613213, 45.7970002 ], [ -0.6614169, 45.7971828 ], [ -0.6614416, 45.7974148 ], [ -0.6613815, 45.7975653 ], [ -0.6612965, 45.7976664 ], [ -0.6611373, 45.7977651 ], [ -0.6608612, 45.7978614 ], [ -0.6604401, 45.797965 ], [ -0.6598525, 45.7981081 ], [ -0.6610417, 45.7964894 ] ] ] } },
{ "type": "Feature", "properties": { "Aire": "RRN C", "NomUsuel": "ASF_A_487 - Saint-Ciers Ouest", "Nature": "R", "GVO": "ASF", "Surface": 26205.7926, "Réseau": "C", "Axe": "A10", "id_aire": "A000847" }, "geometry": { "type": "Polygon", "coordinates": [ [ [ -0.6072616, 45.4401848 ], [ -0.6084256, 45.4400613 ], [ -0.608812, 45.4400887 ], [ -0.6091837, 45.4401299 ], [ -0.6093989, 45.4402809 ], [ -0.6094527, 45.4404834 ], [ -0.6088266, 45.4418629 ], [ -0.6082299, 45.4424428 ], [ -0.6072616, 45.4401848 ] ] ] } },
{ "type": "Feature", "properties": { "Aire": "RRN C", "NomUsuel": "ASF_A_488 - Saint Cieres Est", "Nature": "R", "GVO": "ASF", "Surface": 18325.82902, "Réseau": "C", "Axe": "A10", "id_aire": "A000848" }, "geometry": { "type": "Polygon", "coordinates": [ [ [ -0.6083087, 45.4436822 ], [ -0.6070854, 45.4431843 ], [ -0.6067001, 45.4428002 ], [ -0.60645, 45.4424161 ], [ -0.6063486, 45.4420936 ], [ -0.6064095, 45.4418518 ], [ -0.6069772, 45.4410836 ], [ -0.6083087, 45.4436822 ] ] ] } },
{ "type": "Feature", "properties": { "Aire": "RRN C", "NomUsuel": "ASF_A_450 - Aire d'Urrugne", "Nature": "R", "GVO": "ASF", "Surface": 75284.42172, "Réseau": "C", "Axe": "A63", "id_aire": "A000849" }, "geometry": { "type": "Polygon", "coordinates": [ [ [ -1.6984195, 43.3590697 ], [ -1.6939105, 43.3609039 ], [ -1.6939852, 43.3606458 ], [ -1.6939292, 43.3603063 ], [ -1.6935369, 43.3598853 ], [ -1.6931981, 43.3593653 ], [ -1.6929674, 43.3590806 ], [ -1.692887, 43.3587491 ], [ -1.6928977, 43.3585112 ], [ -1.692974, 43.3582425 ], [ -1.6931927, 43.3580217 ], [ -1.6934663, 43.35785 ], [ -1.6938096, 43.3577408 ], [ -1.694161, 43.357774 ], [ -1.6946143, 43.3579164 ], [ -1.6949844, 43.3578496 ], [ -1.6952132, 43.3578908 ], [ -1.6960089, 43.3586373 ], [ -1.6964391, 43.3588645 ], [ -1.6970307, 43.3589892 ], [ -1.6984195, 43.3590697 ] ] ] } },
{ "type": "Feature", "properties": { "Aire": "RRN C", "NomUsuel": "Chapareillan", "Nature": "R", "GVO": "AREA", "Surface": 15546.0081, "Réseau": "C", "Axe": "A41", "id_aire": "A000850" }, "geometry": { "type": "Polygon", "coordinates": [ [ [ 6.0065267, 45.4561702 ], [ 6.0064726, 45.4573838 ], [ 6.006797, 45.4579669 ], [ 6.008676, 45.4591332 ], [ 6.0085992, 45.4589851 ], [ 6.0065267, 45.4561702 ] ] ] } },
{ "type": "Feature", "properties": { "Aire": "RRN C", "NomUsuel": "Aire de Villy le Pelloux", "Nature": "P", "GVO": "ADELAC", "Surface": 4227.8653, "Réseau": "C", "Axe": "A41", "id_aire": "A000851" }, "geometry": { "type": "Polygon", "coordinates": [ [ [ 6.1273234, 45.9879004 ], [ 6.1272598, 45.9879486 ], [ 6.1268771, 45.9882648 ], [ 6.1267444, 45.9884592 ], [ 6.126616, 45.9886141 ], [ 6.1265957, 45.9887409 ], [ 6.1266198, 45.9889125 ], [ 6.1266228, 45.9889335 ], [ 6.1266904, 45.9890462 ], [ 6.1267782, 45.9891777 ], [ 6.1269134, 45.9892904 ], [ 6.126986, 45.9890867 ], [ 6.1274072, 45.9879053 ], [ 6.1273564, 45.9878967 ], [ 6.1273234, 45.9879004 ] ] ] } },
{ "type": "Feature", "properties": { "Aire": "RRN C", "NomUsuel": "Flagey-Echezeaux", "Nature": "R", "GVO": "APRR", "Surface": 12294.08475, "Réseau": "C", "Axe": "A31", "id_aire": "A000852" }, "geometry": { "type": "Polygon", "coordinates": [ [ [ 4.9886096, 47.1456495 ], [ 4.9885691, 47.1462011 ], [ 4.9885893, 47.1465045 ], [ 4.988711, 47.1467574 ], [ 4.9889543, 47.1469734 ], [ 4.9894545, 47.1473641 ], [ 4.9899749, 47.1477457 ], [ 4.9902858, 47.1478744 ], [ 4.9908603, 47.1480628 ], [ 4.9886096, 47.1456495 ] ] ] } },
{ "type": "Feature", "properties": { "Aire": "RRN C", "NomUsuel": "ASF_A_482 - Aire de Port-d'Envaux Est", "Nature": "R", "GVO": "ASF", "Surface": 4293.96763, "Réseau": "C", "Axe": "A10", "id_aire": "A000853" }, "geometry": { "type": "Polygon", "coordinates": [ [ [ -0.656544, 45.7988206 ], [ -0.6562574, 45.7999172 ], [ -0.6561532, 45.7999445 ], [ -0.6557823, 45.7995569 ], [ -0.6560197, 45.7989456 ], [ -0.6563942, 45.7988024 ], [ -0.656544, 45.7988206 ] ] ] } },
{ "type": "Feature", "properties": { "Aire": "RRN C", "NomUsuel": "Fleury", "Nature": "P", "GVO": "APRR", "Surface": 28421.09354, "Réseau": "C", "Axe": "A6", "id_aire": "A000854" }, "geometry": { "type": "Polygon", "coordinates": [ [ [ 2.5397878, 48.4253217 ], [ 2.5400605, 48.4246425 ], [ 2.5407981, 48.4230823 ], [ 2.5415664, 48.4214234 ], [ 2.542053, 48.4202915 ], [ 2.541254, 48.4202235 ], [ 2.5410491, 48.4202575 ], [ 2.5409415, 48.4203322 ], [ 2.5407725, 48.4205226 ], [ 2.5406973, 48.4206381 ], [ 2.5406357, 48.4207923 ], [ 2.5406137, 48.4209339 ], [ 2.5406701, 48.4223752 ], [ 2.5406892, 48.4227131 ], [ 2.5403754, 48.4230441 ], [ 2.5398899, 48.4235069 ], [ 2.5395439, 48.4242207 ], [ 2.5395117, 48.4244574 ], [ 2.5395117, 48.424758 ], [ 2.5397878, 48.4253217 ] ] ] } },
{ "type": "Feature", "properties": { "Aire": "RRN C", "NomUsuel": "Gerzat-Ville", "Nature": "P", "GVO": "APRR", "Surface": 5235.61059, "Réseau": "C", "Axe": "A71", "id_aire": "A000855" }, "geometry": { "type": "Polygon", "coordinates": [ [ [ 3.1616584, 45.8418663 ], [ 3.1613564, 45.8425135 ], [ 3.1614226, 45.8429013 ], [ 3.1615143, 45.8429526 ], [ 3.161957, 45.8429877 ], [ 3.162186, 45.8429385 ], [ 3.1619749, 45.8422519 ], [ 3.161953, 45.8420596 ], [ 3.1616584, 45.8418663 ] ] ] } },
{ "type": "Feature", "properties": { "Aire": "RRN C", "NomUsuel": "Aire de Sees Ouest", "Nature": "R", "GVO": "ALIS", "Surface": 9805.13206, "Réseau": "C", "Axe": "A88", "id_aire": "A000856" }, "geometry": { "type": "Polygon", "coordinates": [ [ [ 0.1915514, 48.6319141 ], [ 0.1916803, 48.6315055 ], [ 0.1917208, 48.6314061 ], [ 0.1916969, 48.6313313 ], [ 0.1916586, 48.6312767 ], [ 0.1916034, 48.6312295 ], [ 0.1915394, 48.6311982 ], [ 0.1914815, 48.6311819 ], [ 0.1914314, 48.6311724 ], [ 0.1913595, 48.631168 ], [ 0.1912737, 48.6311806 ], [ 0.1910291, 48.6312278 ], [ 0.1907605, 48.6312865 ], [ 0.1907196, 48.6313091 ], [ 0.1906868, 48.6313499 ], [ 0.1905193, 48.6315627 ], [ 0.1904472, 48.6315832 ], [ 0.1903607, 48.6316124 ], [ 0.1902977, 48.6316477 ], [ 0.1902467, 48.6316952 ], [ 0.1902176, 48.6317457 ], [ 0.1902008, 48.6317945 ], [ 0.190206, 48.631852 ], [ 0.1902176, 48.6319171 ], [ 0.1902293, 48.6319765 ], [ 0.1902546, 48.6320519 ], [ 0.1902975, 48.6321359 ], [ 0.1903527, 48.6322143 ], [ 0.190452, 48.632189 ], [ 0.1905502, 48.632194 ], [ 0.1905785, 48.6321545 ], [ 0.1906462, 48.6321527 ], [ 0.1908969, 48.6321346 ], [ 0.1911453, 48.6321194 ], [ 0.191072, 48.6322836 ], [ 0.1912838, 48.6323482 ], [ 0.1916445, 48.6319875 ], [ 0.1915514, 48.6319141 ] ] ] } },
{ "type": "Feature", "properties": { "Aire": "RRN C", "NomUsuel": "FRONTONNAIS SUD", "Nature": "S", "GVO": "ASF", "Surface": 68441.40162, "Réseau": "C", "Axe": "A62", "id_aire": "A000857" }, "geometry": { "type": "Polygon", "coordinates": [ [ [ 1.3589466, 43.8129848 ], [ 1.3600194, 43.8122305 ], [ 1.3605689, 43.8117849 ], [ 1.361255, 43.811238 ], [ 1.3619099, 43.8106854 ], [ 1.3593661, 43.8100647 ], [ 1.3586542, 43.8108383 ], [ 1.3587615, 43.8111209 ], [ 1.3587096, 43.8111766 ], [ 1.3586569, 43.8112331 ], [ 1.3582116, 43.8108731 ], [ 1.3580883, 43.8108596 ], [ 1.3579407, 43.8109428 ], [ 1.3569751, 43.8118854 ], [ 1.357328, 43.8126208 ], [ 1.3576794, 43.8129149 ], [ 1.3579474, 43.8129887 ], [ 1.3586314, 43.8128116 ], [ 1.3589466, 43.8129848 ] ] ] } },
{ "type": "Feature", "properties": { "Aire": "RRN C", "NomUsuel": "Le Centre de la France (Farges - Allichamps)", "Nature": "S", "GVO": "APRR", "Surface": 102393.8036, "Réseau": "C", "Axe": "A71", "id_aire": "A000858" }, "geometry": { "type": "Polygon", "coordinates": [ [ [ 2.4201277, 46.7504602 ], [ 2.4199077, 46.7500081 ], [ 2.4188107, 46.7504271 ], [ 2.4180865, 46.7508645 ], [ 2.4163404, 46.7508626 ], [ 2.4158925, 46.7512265 ], [ 2.4143234, 46.7516942 ], [ 2.4141866, 46.7516869 ], [ 2.4138835, 46.7518771 ], [ 2.4137306, 46.7522621 ], [ 2.4127409, 46.7530238 ], [ 2.4122393, 46.7548578 ], [ 2.4119202, 46.7553405 ], [ 2.4123761, 46.7555524 ], [ 2.4139264, 46.7542404 ], [ 2.414723, 46.7536964 ], [ 2.4163431, 46.7527077 ], [ 2.4175072, 46.7520131 ], [ 2.4183762, 46.7514801 ], [ 2.4201277, 46.7504602 ] ] ] } },
{ "type": "Feature", "properties": { "Aire": "RRN C", "NomUsuel": "Aire de Bonneville S2 92VL 15PL", "Nature": "S", "GVO": "ATMB", "Surface": 111973.3908, "Réseau": "C", "Axe": "A40", "id_aire": "A000859" }, "geometry": { "type": "MultiPolygon", "coordinates": [ [ [ [ 6.4091063, 46.066016 ], [ 6.4100155, 46.0659676 ], [ 6.4114317, 46.0658746 ], [ 6.4118341, 46.0658616 ], [ 6.4120835, 46.0657629 ], [ 6.4123169, 46.0655861 ], [ 6.4124617, 46.0655061 ], [ 6.4127675, 46.0654801 ], [ 6.412764, 46.0654261 ], [ 6.4127701, 46.0653982 ], [ 6.4114612, 46.0652418 ], [ 6.4099243, 46.065106 ], [ 6.4086556, 46.0650371 ], [ 6.4079019, 46.0650204 ], [ 6.408079, 46.0652456 ], [ 6.4082828, 46.0654391 ], [ 6.408374, 46.0657108 ], [ 6.4085913, 46.0659621 ], [ 6.4091063, 46.066016 ] ] ], [ [ [ 6.4126313, 46.0643077 ], [ 6.412066, 46.0641318 ], [ 6.4120124, 46.0630132 ], [ 6.411932, 46.0629811 ], [ 6.4111219, 46.0628932 ], [ 6.4102504, 46.0620049 ], [ 6.4100387, 46.0619504 ], [ 6.4098406, 46.0619977 ], [ 6.4086436, 46.0627759 ], [ 6.4085926, 46.0628281 ], [ 6.408543, 46.0629397 ], [ 6.4087254, 46.0637716 ], [ 6.4086757, 46.0639067 ], [ 6.4085299, 46.0640745 ], [ 6.4085042, 46.0641892 ], [ 6.4085613, 46.0643124 ], [ 6.4086548, 46.0644022 ], [ 6.4084303, 46.0644677 ], [ 6.4083632, 46.0645495 ], [ 6.4081675, 46.0646147 ], [ 6.407965, 46.0646528 ], [ 6.4077544, 46.064677 ], [ 6.4077584, 46.0647943 ], [ 6.4084585, 46.0648166 ], [ 6.4092042, 46.0648454 ], [ 6.4105225, 46.0649273 ], [ 6.4111059, 46.0649767 ], [ 6.4116945, 46.065038 ], [ 6.414265, 46.0653802 ], [ 6.4143356, 46.0650668 ], [ 6.4143117, 46.0650252 ], [ 6.4142037, 46.0649717 ], [ 6.4134289, 46.0648144 ], [ 6.4129749, 46.06473 ], [ 6.4126313, 46.0643077 ] ] ] ] } },
{ "type": "Feature", "properties": { "Aire": "RRN C", "NomUsuel": "AUBIGNOSC EST", "Nature": "S", "GVO": "ESCOTA", "Surface": 25998.61299, "Réseau": "C", "Axe": "A51", "id_aire": "A000860" }, "geometry": { "type": "Polygon", "coordinates": [ [ [ 5.9803145, 44.132581 ], [ 5.979682, 44.1332477 ], [ 5.9792528, 44.1336391 ], [ 5.978829, 44.1339923 ], [ 5.9785151, 44.134282 ], [ 5.9781571, 44.1345429 ], [ 5.977969774666138, 44.134714168275757 ], [ 5.9781403, 44.1347954 ], [ 5.9782225, 44.1348387 ], [ 5.9788614, 44.1348978 ], [ 5.9795235, 44.1349533 ], [ 5.9799796, 44.1346297 ], [ 5.980451, 44.1342969 ], [ 5.9806132, 44.1339683 ], [ 5.9804453, 44.1339302 ], [ 5.9805694, 44.1336858 ], [ 5.9805567, 44.1335037 ], [ 5.9804613, 44.1330266 ], [ 5.9804459, 44.1325884 ], [ 5.9803678, 44.132584 ], [ 5.9803145, 44.132581 ] ] ] } },
{ "type": "Feature", "properties": { "Aire": "RRN C", "NomUsuel": "AGEN PORTE D'AQUITAINE NORD", "Nature": "S", "GVO": "ASF", "Surface": 105581.9758, "Réseau": "C", "Axe": "A62", "id_aire": "A000861" }, "geometry": { "type": "Polygon", "coordinates": [ [ [ 0.5063286, 44.1989359 ], [ 0.5053228, 44.1994262 ], [ 0.50668, 44.200181 ], [ 0.5077086, 44.2006377 ], [ 0.5080104, 44.2001829 ], [ 0.5081051, 44.2001005 ], [ 0.5081351, 44.2000752 ], [ 0.5081948, 44.2000906 ], [ 0.5082551, 44.2000921 ], [ 0.5083537, 44.2000714 ], [ 0.5093099, 44.1996253 ], [ 0.509437, 44.1996557 ], [ 0.5096048, 44.1996522 ], [ 0.5097296, 44.1996165 ], [ 0.5098424, 44.1995471 ], [ 0.5099224, 44.1994403 ], [ 0.5099399, 44.1993255 ], [ 0.5101173, 44.1981561 ], [ 0.5111834, 44.1977139 ], [ 0.511394, 44.1976951 ], [ 0.5114042, 44.1976757 ], [ 0.5114396, 44.1975985 ], [ 0.511516, 44.1961841 ], [ 0.5110632, 44.1960721 ], [ 0.510462, 44.1967747 ], [ 0.5099648, 44.1970455 ], [ 0.5095234, 44.1971866 ], [ 0.5085469, 44.1972664 ], [ 0.5061865, 44.1983552 ], [ 0.5063286, 44.1989359 ] ] ] } },
{ "type": "Feature", "properties": { "Aire": "RRN C", "NomUsuel": "Chateauvillain-Val Marnay", "Nature": "R", "GVO": "APRR", "Surface": 34571.19546, "Réseau": "C", "Axe": "A5", "id_aire": "A000862" }, "geometry": { "type": "Polygon", "coordinates": [ [ [ 4.9608768, 48.0547289 ], [ 4.9608015, 48.0546322 ], [ 4.9602236, 48.0547822 ], [ 4.9596592, 48.0548758 ], [ 4.9580764, 48.0549611 ], [ 4.9574273, 48.0551221 ], [ 4.9565782, 48.0557512 ], [ 4.956138, 48.0560296 ], [ 4.9560886, 48.0563227 ], [ 4.9562041, 48.0564209 ], [ 4.9561866, 48.0569983 ], [ 4.9560788, 48.0571559 ], [ 4.9562072, 48.0572039 ], [ 4.9586559, 48.0558643 ], [ 4.9608768, 48.0547289 ] ] ] } },
{ "type": "Feature", "properties": { "Aire": "RRN C", "NomUsuel": "SAINT LEGER EST", "Nature": "S", "GVO": "ASF", "Surface": 63833.42467, "Réseau": "C", "Axe": "A10", "id_aire": "A000863" }, "geometry": { "type": "Polygon", "coordinates": [ [ [ -0.6036778, 45.6143479 ], [ -0.6023671, 45.6143648 ], [ -0.6017686, 45.6140842 ], [ -0.6009444, 45.6122628 ], [ -0.6004576, 45.6120726 ], [ -0.5986483, 45.611317 ], [ -0.5967458, 45.6099186 ], [ -0.5970354, 45.6092728 ], [ -0.5973615, 45.6090419 ], [ -0.5976423, 45.6091583 ], [ -0.5994872, 45.6105421 ], [ -0.6013662, 45.6120408 ], [ -0.6026909, 45.6132748 ], [ -0.6036778, 45.6143479 ] ] ] } },
{ "type": "Feature", "properties": { "Aire": "RRN C", "NomUsuel": "Le Poulet de Bresse ouest", "Nature": "S", "GVO": "APRR", "Surface": 97130.13434, "Réseau": "C", "Axe": "A39", "id_aire": "A000864" }, "geometry": { "type": "Polygon", "coordinates": [ [ [ 5.3134544, 46.4978916 ], [ 5.3135526, 46.4974118 ], [ 5.3133488, 46.4963594 ], [ 5.3132629, 46.4959938 ], [ 5.3133541, 46.4959698 ], [ 5.3134373, 46.4959199 ], [ 5.3135285, 46.4958405 ], [ 5.3135794, 46.4957519 ], [ 5.3135741, 46.4956374 ], [ 5.3135526, 46.4955728 ], [ 5.3134775, 46.4954768 ], [ 5.3133917, 46.4954214 ], [ 5.3133182, 46.4953943 ], [ 5.3132415, 46.495366 ], [ 5.3133729, 46.4938666 ], [ 5.313381, 46.4934253 ], [ 5.3132388, 46.4934253 ], [ 5.3130376, 46.4934253 ], [ 5.3120559, 46.493634 ], [ 5.3111253, 46.4940347 ], [ 5.3105968, 46.4944852 ], [ 5.3104922, 46.4946348 ], [ 5.3107242, 46.4947409 ], [ 5.3106726, 46.4947975 ], [ 5.3106277, 46.4948536 ], [ 5.3103664, 46.494748 ], [ 5.3102831, 46.4950273 ], [ 5.3101482, 46.4954797 ], [ 5.3100381, 46.4955667 ], [ 5.3098109, 46.4955913 ], [ 5.3097306, 46.495697 ], [ 5.3097506, 46.4957989 ], [ 5.3098446, 46.4958182 ], [ 5.3099423, 46.4957537 ], [ 5.310106, 46.4957741 ], [ 5.3100872, 46.4959624 ], [ 5.3102508, 46.495979 ], [ 5.3103071, 46.4962661 ], [ 5.3104988, 46.4965959 ], [ 5.310697, 46.4968404 ], [ 5.310924, 46.4971047 ], [ 5.3111398, 46.4972441 ], [ 5.3115876, 46.4974955 ], [ 5.3118861, 46.4976362 ], [ 5.3122361, 46.4977684 ], [ 5.3127033, 46.4978648 ], [ 5.3132433, 46.4979171 ], [ 5.3134544, 46.4978916 ] ] ] } },
{ "type": "Feature", "properties": { "Aire": "RRN C", "NomUsuel": "Ecot Nord", "Nature": "R", "GVO": "APRR", "Surface": 78336.1919, "Réseau": "C", "Axe": "A36", "id_aire": "A000865" }, "geometry": { "type": "Polygon", "coordinates": [ [ [ 6.7332753, 47.4440813 ], [ 6.7312196, 47.4434447 ], [ 6.7292424, 47.442609 ], [ 6.7284929, 47.4421373 ], [ 6.727431, 47.4414408 ], [ 6.7273781, 47.44127 ], [ 6.7272735, 47.4411611 ], [ 6.7270108, 47.4410738 ], [ 6.7264475, 47.4404135 ], [ 6.7259912, 47.4400542 ], [ 6.7260978, 47.4406801 ], [ 6.7262063, 47.4407252 ], [ 6.7261878, 47.440871 ], [ 6.726141, 47.4409928 ], [ 6.7262318, 47.4415587 ], [ 6.7262599, 47.4417694 ], [ 6.7262484, 47.4421949 ], [ 6.7262524, 47.4424397 ], [ 6.7266094, 47.4427816 ], [ 6.7279843, 47.4436823 ], [ 6.7290846, 47.4441042 ], [ 6.7305862, 47.4444987 ], [ 6.7320543, 47.4441947 ], [ 6.7332753, 47.4440813 ] ] ] } },
{ "type": "Feature", "properties": { "Aire": "RRN C", "NomUsuel": "Le Jura Est", "Nature": "S", "GVO": "APRR", "Surface": 131635.8816, "Réseau": "C", "Axe": "A39", "id_aire": "A000866" }, "geometry": { "type": "Polygon", "coordinates": [ [ [ 5.5232021, 46.7777954 ], [ 5.5236076, 46.7775756 ], [ 5.5243308, 46.7771076 ], [ 5.5243474, 46.7770244 ], [ 5.5241485, 46.7768263 ], [ 5.5241396, 46.7766341 ], [ 5.5240175, 46.7764531 ], [ 5.5240776, 46.7763327 ], [ 5.5244173, 46.7761466 ], [ 5.5244641, 46.7760456 ], [ 5.5243287, 46.7757481 ], [ 5.5243316, 46.7756085 ], [ 5.5246589, 46.7753406 ], [ 5.523808, 46.7731229 ], [ 5.5231753, 46.7724944 ], [ 5.5230759, 46.7723972 ], [ 5.5227877, 46.7721154 ], [ 5.5224625, 46.7722386 ], [ 5.5222206, 46.7720679 ], [ 5.5220689, 46.7721536 ], [ 5.5207404, 46.7711743 ], [ 5.52004, 46.7715382 ], [ 5.5199475, 46.7715847 ], [ 5.520553, 46.772926 ], [ 5.5205353, 46.7729806 ], [ 5.5201322, 46.7731025 ], [ 5.5201483, 46.7732072 ], [ 5.5203078, 46.7733973 ], [ 5.5204437, 46.773458 ], [ 5.5205028, 46.7735996 ], [ 5.5207597, 46.7736037 ], [ 5.5209754, 46.7738666 ], [ 5.5213209, 46.77469 ], [ 5.5219058, 46.7759482 ], [ 5.5225503, 46.7767837 ], [ 5.5226523, 46.7769711 ], [ 5.522899, 46.7773421 ], [ 5.5232021, 46.7777954 ] ] ] } },
{ "type": "Feature", "properties": { "Aire": "RRN C", "NomUsuel": "Aie de la Parthenaise", "Nature": "S", "GVO": "ASF", "Surface": 46339.44709, "Réseau": "C", "Axe": "A83", "id_aire": "A000867" }, "geometry": { "type": "Polygon", "coordinates": [ [ [ -0.5029229, 46.4314427 ], [ -0.5027941, 46.4314405 ], [ -0.5027585, 46.4314399 ], [ -0.5027109, 46.4314391 ], [ -0.5024698, 46.4314358 ], [ -0.5021058, 46.4314418 ], [ -0.5020946, 46.4312821 ], [ -0.5017678, 46.4311665 ], [ -0.5015845, 46.4310354 ], [ -0.5012888, 46.4306349 ], [ -0.5011063, 46.4304751 ], [ -0.5003083, 46.4301393 ], [ -0.5004672, 46.4299598 ], [ -0.5012338, 46.4299416 ], [ -0.5026959, 46.4299142 ], [ -0.5056511, 46.4298379 ], [ -0.5069369, 46.4298109 ], [ -0.5070184, 46.4299026 ], [ -0.5070811, 46.4299703 ], [ -0.5063537, 46.4300669 ], [ -0.5059577, 46.4301199 ], [ -0.5055232, 46.4301617 ], [ -0.5050727, 46.4301961 ], [ -0.5048875, 46.4302351 ], [ -0.5048096, 46.430263 ], [ -0.504636, 46.4303958 ], [ -0.5040292, 46.4308115 ], [ -0.5040571, 46.4314688 ], [ -0.5029229, 46.4314427 ] ] ] } },
{ "type": "Feature", "properties": { "Aire": "RRN C", "NomUsuel": "MEILLAC", "Nature": "S", "GVO": "ASF", "Surface": 30160.70672, "Réseau": "C", "Axe": "A10", "id_aire": "A000868" }, "geometry": { "type": "Polygon", "coordinates": [ [ [ -0.432234, 44.9745782 ], [ -0.4324097, 44.974527 ], [ -0.4326993, 44.9744388 ], [ -0.4329474, 44.9744027 ], [ -0.433178, 44.9739068 ], [ -0.4329428, 44.9739493 ], [ -0.4330508, 44.9737384 ], [ -0.4333234, 44.9736671 ], [ -0.4335085, 44.9736157 ], [ -0.4339551, 44.9736664 ], [ -0.4334607, 44.9744992 ], [ -0.4335241, 44.9745187 ], [ -0.4335818, 44.9745365 ], [ -0.4325706, 44.9761891 ], [ -0.4324499, 44.97621 ], [ -0.4321455, 44.976634 ], [ -0.4320395, 44.9765914 ], [ -0.4320154, 44.9765212 ], [ -0.4312456, 44.9762688 ], [ -0.4311544, 44.9762726 ], [ -0.4311061, 44.9761626 ], [ -0.4311463, 44.9760279 ], [ -0.4311731, 44.9759956 ], [ -0.4317163, 44.9752025 ], [ -0.431731, 44.9751285 ], [ -0.4316908, 44.9749919 ], [ -0.4316935, 44.9749094 ], [ -0.4318289, 44.9747149 ], [ -0.4318813, 44.9746627 ], [ -0.4319637, 44.9746271 ], [ -0.4320053, 44.9746176 ], [ -0.4320502, 44.9746086 ], [ -0.432234, 44.9745782 ] ] ] } },
{ "type": "Feature", "properties": { "Aire": "RRN C", "NomUsuel": "TERRES DE GRAVES NORD (Ex. LES LANDES NORD)", "Nature": "S", "GVO": "ASF", "Surface": 58982.84354, "Réseau": "C", "Axe": "A62", "id_aire": "A000869" }, "geometry": { "type": "Polygon", "coordinates": [ [ [ -0.4372968, 44.6477209 ], [ -0.4352903, 44.64796 ], [ -0.4342765, 44.6477119 ], [ -0.4327697, 44.6465606 ], [ -0.4331448, 44.6446294 ], [ -0.4372968, 44.6477209 ] ] ] } },
{ "type": "Feature", "properties": { "Aire": "RRN C", "NomUsuel": "MONTELIMAR EST", "Nature": "S", "GVO": "ASF", "Surface": 217049.0568, "Réseau": "C", "Axe": "A7", "id_aire": "A000870" }, "geometry": { "type": "Polygon", "coordinates": [ [ [ 4.777681, 44.5120443 ], [ 4.7790235, 44.5129844 ], [ 4.7796981, 44.5133705 ], [ 4.7795318, 44.5135263 ], [ 4.7800849, 44.5138928 ], [ 4.780671, 44.5142784 ], [ 4.7814959, 44.5147708 ], [ 4.7821713, 44.5152038 ], [ 4.7829407, 44.5156842 ], [ 4.783742, 44.5161605 ], [ 4.7844441, 44.51657 ], [ 4.7851155, 44.5170162 ], [ 4.7860598, 44.5175784 ], [ 4.7861924, 44.5174613 ], [ 4.7857595, 44.5171838 ], [ 4.7860596, 44.5170295 ], [ 4.7873627, 44.5168527 ], [ 4.7874719, 44.5167529 ], [ 4.7875549, 44.5166771 ], [ 4.7871659, 44.5149733 ], [ 4.7870842, 44.5147815 ], [ 4.7856423, 44.5136207 ], [ 4.7850596, 44.513134 ], [ 4.7840572, 44.5132192 ], [ 4.7839877, 44.5132169 ], [ 4.783893, 44.5123527 ], [ 4.7838014, 44.512257 ], [ 4.7818645, 44.5123094 ], [ 4.7818659, 44.5123744 ], [ 4.781226, 44.5123863 ], [ 4.781206, 44.5123899 ], [ 4.7811134, 44.5124065 ], [ 4.7810723, 44.5123739 ], [ 4.7810087, 44.5123514 ], [ 4.7810607, 44.5122918 ], [ 4.7804148, 44.5121265 ], [ 4.7781718, 44.5113612 ], [ 4.777681, 44.5120443 ] ] ] } },
{ "type": "Feature", "properties": { "Aire": "RRN C", "NomUsuel": "MONTELIMAR OUEST", "Nature": "S", "GVO": "ASF", "Surface": 243571.0111, "Réseau": "C", "Axe": "A7", "id_aire": "A000871" }, "geometry": { "type": "Polygon", "coordinates": [ [ [ 4.7855539, 44.5179904 ], [ 4.7841248, 44.5172175 ], [ 4.7842299, 44.5169929 ], [ 4.7842642, 44.5169274 ], [ 4.7834829, 44.5164818 ], [ 4.7826754, 44.5159884 ], [ 4.7818597, 44.5154768 ], [ 4.7811545, 44.5150576 ], [ 4.7803644, 44.5145653 ], [ 4.7797641, 44.5141369 ], [ 4.7792084, 44.5137484 ], [ 4.7788645, 44.5135148 ], [ 4.7787304, 44.5135879 ], [ 4.7771505, 44.5123628 ], [ 4.7768885, 44.512725 ], [ 4.7761126, 44.5148656 ], [ 4.776094, 44.5149196 ], [ 4.7773081, 44.5164356 ], [ 4.777314, 44.5164987 ], [ 4.7773679, 44.5165798 ], [ 4.7796639, 44.5184861 ], [ 4.7803463, 44.5184803 ], [ 4.7809437, 44.5185375 ], [ 4.781479, 44.5189332 ], [ 4.7816303, 44.5189816 ], [ 4.7838549, 44.5184541 ], [ 4.7855539, 44.5179904 ] ] ] } },
{ "type": "Feature", "properties": { "Aire": "RRN C", "NomUsuel": "PONT DE L'ISERE", "Nature": "S", "GVO": "ASF", "Surface": 60230.32549, "Réseau": "C", "Axe": "A7", "id_aire": "A000872" }, "geometry": { "type": "Polygon", "coordinates": [ [ [ 4.8740733, 45.0159899 ], [ 4.8738977, 45.0173098 ], [ 4.873792, 45.0184059 ], [ 4.8737971, 45.018596 ], [ 4.8739325, 45.0187273 ], [ 4.874932, 45.0195981 ], [ 4.8750755, 45.0198087 ], [ 4.875244, 45.0196872 ], [ 4.8753859, 45.0181922 ], [ 4.8754973, 45.0172508 ], [ 4.8756069, 45.0153549 ], [ 4.8756533, 45.0139553 ], [ 4.8751783, 45.0144901 ], [ 4.8748926, 45.0147764 ], [ 4.874648, 45.0149633 ], [ 4.8745563, 45.0150102 ], [ 4.8745017, 45.0150636 ], [ 4.874116, 45.0156645 ], [ 4.8740733, 45.0159899 ] ] ] } },
{ "type": "Feature", "properties": { "Aire": "RRN C", "NomUsuel": "ASF_A_441 - Aire de Cocumont Nord", "Nature": "R", "GVO": "ASF", "Surface": 15540.48495, "Réseau": "C", "Axe": "A62", "id_aire": "A000873" }, "geometry": { "type": "Polygon", "coordinates": [ [ [ 0.0370438, 44.4759581 ], [ 0.0396736, 44.4753617 ], [ 0.0396455, 44.4748067 ], [ 0.0361813, 44.475556 ], [ 0.0370438, 44.4759581 ] ] ] } },
{ "type": "Feature", "properties": { "Aire": "RRN C", "NomUsuel": "ASF_A_225 - Aire du Bazadais Est", "Nature": "R", "GVO": "ASF", "Surface": 47172.30128, "Réseau": "C", "Axe": "A62", "id_aire": "A000874" }, "geometry": { "type": "Polygon", "coordinates": [ [ [ -0.0825206, 44.5197008 ], [ -0.0811879, 44.5203283 ], [ -0.0805511, 44.5202064 ], [ -0.07868, 44.5185139 ], [ -0.0785656, 44.517231 ], [ -0.0787141, 44.5171018 ], [ -0.080804, 44.5184845 ], [ -0.0825206, 44.5197008 ] ] ] } },
{ "type": "Feature", "properties": { "Aire": "RRN C", "NomUsuel": "Le Chatelard", "Nature": "R", "GVO": "AREA", "Surface": 9894.15707, "Réseau": "C", "Axe": "A48", "id_aire": "A000875" }, "geometry": { "type": "Polygon", "coordinates": [ [ [ 5.5062596, 45.3658785 ], [ 5.5077612, 45.3654096 ], [ 5.5086177, 45.3650833 ], [ 5.5085502, 45.3650206 ], [ 5.5083257, 45.3648118 ], [ 5.5065131, 45.3652186 ], [ 5.5061672, 45.3655579 ], [ 5.5059783, 45.365732 ], [ 5.5062596, 45.3658785 ] ] ] } },
{ "type": "Feature", "properties": { "Aire": "RRN C", "NomUsuel": "Montpertuis", "Nature": "R", "GVO": "APRR", "Surface": 35757.62246, "Réseau": "C", "Axe": "A71", "id_aire": "A000876" }, "geometry": { "type": "Polygon", "coordinates": [ [ [ 3.1433981, 45.9238679 ], [ 3.1468493, 45.9204943 ], [ 3.1468043, 45.9204745 ], [ 3.146747, 45.9204454 ], [ 3.1461753, 45.9207582 ], [ 3.1442459, 45.9212118 ], [ 3.1431118, 45.9222554 ], [ 3.1433562, 45.9233642 ], [ 3.143255, 45.9238219 ], [ 3.1433019, 45.923908 ], [ 3.1433981, 45.9238679 ] ] ] } },
{ "type": "Feature", "properties": { "Aire": "RRN C", "NomUsuel": "Pessat Villeneuve", "Nature": "R", "GVO": "APRR", "Surface": 34285.1181, "Réseau": "C", "Axe": "A71", "id_aire": "A000877" }, "geometry": { "type": "Polygon", "coordinates": [ [ [ 3.1440552, 45.9239294 ], [ 3.1441718, 45.9240141 ], [ 3.1443946, 45.924141 ], [ 3.1459719, 45.9238136 ], [ 3.1470584, 45.9227809 ], [ 3.1471082, 45.92125 ], [ 3.1469147, 45.9212044 ], [ 3.1467859, 45.9211689 ], [ 3.1440552, 45.9239294 ] ] ] } },
{ "type": "Feature", "properties": { "Aire": "RRN C", "NomUsuel": "Onesse Laharie Ouest", "Nature": "R", "GVO": "ATLANDES", "Surface": 82664.96386, "Réseau": "C", "Axe": "A63", "id_aire": "A000878" }, "geometry": { "type": "Polygon", "coordinates": [ [ [ -0.9979759, 44.0914863 ], [ -0.9963738, 44.0953275 ], [ -0.9961995, 44.0953489 ], [ -0.9955172, 44.0954325 ], [ -0.9948168, 44.0946576 ], [ -0.9942638, 44.0940134 ], [ -0.9942614, 44.0936447 ], [ -0.9946052, 44.092389 ], [ -0.9952304, 44.0919044 ], [ -0.9959479, 44.0917144 ], [ -0.996286, 44.091628 ], [ -0.9974772, 44.0913421 ], [ -0.9979759, 44.0914863 ] ] ] } },
{ "type": "Feature", "properties": { "Aire": "RRN C", "NomUsuel": "Schwindratzheim Sud", "Nature": "P", "GVO": "SANEF", "Surface": 8462.67071, "Réseau": "C", "Axe": "A4", "id_aire": "A000879" }, "geometry": { "type": "Polygon", "coordinates": [ [ [ 7.6038409, 48.7693539 ], [ 7.6039754, 48.7694091 ], [ 7.6040634, 48.769443 ], [ 7.6041571, 48.7694624 ], [ 7.6045677, 48.7695232 ], [ 7.6058968, 48.7697059 ], [ 7.606199, 48.7697368 ], [ 7.6063258, 48.7697555 ], [ 7.6063922, 48.7697235 ], [ 7.606444, 48.7696732 ], [ 7.6064751, 48.7695999 ], [ 7.6064433, 48.7695189 ], [ 7.6064009, 48.7694549 ], [ 7.6063217, 48.7694026 ], [ 7.6062108, 48.76937 ], [ 7.6038688, 48.7690348 ], [ 7.6037691, 48.7690359 ], [ 7.6036846, 48.7690479 ], [ 7.6036048, 48.7690898 ], [ 7.6035691, 48.7691327 ], [ 7.6035836, 48.7691833 ], [ 7.6036287, 48.7692165 ], [ 7.6036835, 48.7692568 ], [ 7.603725, 48.7692907 ], [ 7.6038409, 48.7693539 ] ] ] } },
{ "type": "Feature", "properties": { "Aire": "RRN C", "NomUsuel": "ASF_A_441 - Aire de Cocumont Sud", "Nature": "R", "GVO": "ASF", "Surface": 13121.45788, "Réseau": "C", "Axe": "A62", "id_aire": "A000880" }, "geometry": { "type": "Polygon", "coordinates": [ [ [ 0.0354481, 44.4754628 ], [ 0.0384547, 44.4747206 ], [ 0.0384643, 44.4745936 ], [ 0.0382407, 44.4744086 ], [ 0.0375392, 44.4743902 ], [ 0.0360211, 44.4747513 ], [ 0.0358053, 44.4748468 ], [ 0.0356383, 44.4751086 ], [ 0.0353232, 44.4753335 ], [ 0.0354481, 44.4754628 ] ] ] } },
{ "type": "Feature", "properties": { "Aire": "RRN C", "NomUsuel": "Aire de Bazas", "Nature": "R", "GVO": "ALIENOR", "Surface": 27575.54131, "Réseau": "C", "Axe": "A65", "id_aire": "A000881" }, "geometry": { "type": "Polygon", "coordinates": [ [ [ -0.2448298, 44.4463779 ], [ -0.2440694, 44.4465655 ], [ -0.2433482, 44.4454439 ], [ -0.2431982, 44.4450949 ], [ -0.2439645, 44.4447886 ], [ -0.2443573, 44.444848 ], [ -0.2444217, 44.4446296 ], [ -0.2448354, 44.4447254 ], [ -0.2451149, 44.4448452 ], [ -0.2454728, 44.4451246 ], [ -0.2456796, 44.44538 ], [ -0.2456461, 44.4456834 ], [ -0.2455119, 44.4459548 ], [ -0.2453218, 44.4461623 ], [ -0.2448298, 44.4463779 ] ] ] } },
{ "type": "Feature", "properties": { "Aire": "RRN C", "NomUsuel": "Aire des Gravieres S2", "Nature": "S", "GVO": "ATMB", "Surface": 13241.11903, "Réseau": "C", "Axe": "N205", "id_aire": "A000882" }, "geometry": { "type": "Polygon", "coordinates": [ [ [ 6.8106916, 45.8979985 ], [ 6.8094972, 45.8977104 ], [ 6.8094114, 45.8976974 ], [ 6.8093336, 45.8977104 ], [ 6.8092311, 45.8977597 ], [ 6.8091789, 45.8978256 ], [ 6.8091312, 45.8979587 ], [ 6.8091445, 45.8980584 ], [ 6.8091878, 45.8981349 ], [ 6.8092377, 45.8981766 ], [ 6.8094508, 45.8981858 ], [ 6.8095541, 45.8981766 ], [ 6.8100203, 45.8983689 ], [ 6.810613, 45.8985196 ], [ 6.8108476, 45.8985809 ], [ 6.8110259, 45.8985566 ], [ 6.8114855, 45.8986215 ], [ 6.8118151, 45.8986516 ], [ 6.8121448, 45.8986169 ], [ 6.8125044, 45.8985566 ], [ 6.8124572, 45.8983504 ], [ 6.8124578, 45.8982971 ], [ 6.8121096, 45.8982759 ], [ 6.811858, 45.8982349 ], [ 6.8106916, 45.8979985 ] ] ] } },
{ "type": "Feature", "properties": { "Aire": "RRN C", "NomUsuel": "ESTEREL", "Nature": "S", "GVO": "ESCOTA", "Surface": 28773.47789, "Réseau": "C", "Axe": "A8", "id_aire": "A000883" }, "geometry": { "type": "Polygon", "coordinates": [ [ [ 6.7846217, 43.5407274 ], [ 6.7846773, 43.5407499 ], [ 6.7847088, 43.5407661 ], [ 6.7847255, 43.5407847 ], [ 6.7847376, 43.5408146 ], [ 6.7847484, 43.540849 ], [ 6.7847737, 43.540881 ], [ 6.7847942, 43.5409068 ], [ 6.7848032, 43.5409331 ], [ 6.7848021, 43.5409784 ], [ 6.7848069, 43.541007 ], [ 6.78482, 43.5410389 ], [ 6.7848456, 43.5410692 ], [ 6.7857776, 43.5421611 ], [ 6.786144, 43.5425863 ], [ 6.786221, 43.5426318 ], [ 6.7865098, 43.542964 ], [ 6.7866649, 43.5431484 ], [ 6.7870423, 43.5435811 ], [ 6.7871701, 43.5437428 ], [ 6.7873398, 43.5437912 ], [ 6.787521, 43.5437281 ], [ 6.7876213, 43.5436972 ], [ 6.7879663, 43.5435168 ], [ 6.7880571, 43.5434678 ], [ 6.7881057, 43.5434257 ], [ 6.78814, 43.5433774 ], [ 6.7881476, 43.5433192 ], [ 6.7881449, 43.5432835 ], [ 6.7881096, 43.5432348 ], [ 6.788063, 43.5431971 ], [ 6.7878329, 43.5430459 ], [ 6.7877571, 43.5429811 ], [ 6.7876785, 43.5428918 ], [ 6.7875887, 43.5428145 ], [ 6.7873352, 43.5427625 ], [ 6.7870684, 43.542731 ], [ 6.7868775, 43.5427004 ], [ 6.7870169, 43.5423539 ], [ 6.7865702, 43.5417646 ], [ 6.7865049, 43.541677 ], [ 6.7864451, 43.5414494 ], [ 6.7863609, 43.5413234 ], [ 6.7862666, 43.5412301 ], [ 6.7859389, 43.5410447 ], [ 6.7856292, 43.5409176 ], [ 6.7851654, 43.5407843 ], [ 6.7850589, 43.5407853 ], [ 6.7849409, 43.5407443 ], [ 6.7847454, 43.5406615 ], [ 6.7846217, 43.5407274 ] ] ] } },
{ "type": "Feature", "properties": { "Aire": "RRN C", "NomUsuel": "Aire du Boulet", "Nature": "R", "GVO": "APRR", "Surface": 22946.9217, "Réseau": "C", "Axe": "A36", "id_aire": "A000884" }, "geometry": { "type": "Polygon", "coordinates": [ [ [ 6.4453178, 47.4071747 ], [ 6.4460466, 47.4066539 ], [ 6.4463079, 47.4064036 ], [ 6.4479889, 47.4069526 ], [ 6.4482805, 47.4068563 ], [ 6.4465071, 47.4062479 ], [ 6.4458915, 47.405848 ], [ 6.4442327, 47.4046155 ], [ 6.4439405, 47.4046012 ], [ 6.4442512, 47.4049952 ], [ 6.4443382, 47.4057069 ], [ 6.4452501, 47.4061578 ], [ 6.4446977, 47.4067365 ], [ 6.4453178, 47.4071747 ] ] ] } },
{ "type": "Feature", "properties": { "Aire": "RRN C", "NomUsuel": "La combe de Fougère", "Nature": "R", "GVO": "APRR", "Surface": 24723.47067, "Réseau": "C", "Axe": "A36", "id_aire": "A000885" }, "geometry": { "type": "Polygon", "coordinates": [ [ [ 6.4445927, 47.4042237 ], [ 6.4447904, 47.4045343 ], [ 6.4463178, 47.4055354 ], [ 6.4470451, 47.4059574 ], [ 6.4476225, 47.4058735 ], [ 6.4475014, 47.405323 ], [ 6.4457685, 47.4042628 ], [ 6.4460779, 47.404114 ], [ 6.4464842, 47.4040252 ], [ 6.4466387, 47.4038325 ], [ 6.4460894, 47.403484 ], [ 6.4445927, 47.4042237 ] ] ] } },
{ "type": "Feature", "properties": { "Aire": "RRN C", "NomUsuel": "Grands Brocards", "Nature": "R", "GVO": "APRR", "Surface": 25351.90628, "Réseau": "C", "Axe": "A36", "id_aire": "A000886" }, "geometry": { "type": "Polygon", "coordinates": [ [ [ 6.2558491, 47.3459578 ], [ 6.2576883, 47.3459477 ], [ 6.2581482, 47.3456362 ], [ 6.2587563, 47.3456261 ], [ 6.2592213, 47.3452724 ], [ 6.2591853, 47.3452313 ], [ 6.2590273, 47.3450905 ], [ 6.2550869, 47.3450463 ], [ 6.2549404, 47.3452297 ], [ 6.2548405, 47.3453548 ], [ 6.2558491, 47.3459578 ] ] ] } },
{ "type": "Feature", "properties": { "Aire": "RRN C", "NomUsuel": "Aire de la Cote d'Azur", "Nature": "S", "GVO": "ESCOTA", "Surface": 27753.44391, "Réseau": "C", "Axe": "A8", "id_aire": "A000887" }, "geometry": { "type": "Polygon", "coordinates": [ [ [ 7.0336396, 43.5885999 ], [ 7.033836, 43.5887719 ], [ 7.0339507, 43.5888464 ], [ 7.0340417, 43.5886725 ], [ 7.0340508, 43.5886819 ], [ 7.034053, 43.5887203 ], [ 7.0340296, 43.5887799 ], [ 7.0340536, 43.5888626 ], [ 7.0341856, 43.5889002 ], [ 7.0342697, 43.5888571 ], [ 7.034324, 43.5888763 ], [ 7.0343697, 43.5888963 ], [ 7.0343977, 43.5889227 ], [ 7.0344143, 43.5889566 ], [ 7.034419, 43.5889982 ], [ 7.0344074, 43.5890336 ], [ 7.0343958, 43.5890524 ], [ 7.0343631, 43.5890732 ], [ 7.0343363, 43.589086 ], [ 7.0343034, 43.5890975 ], [ 7.0342659, 43.5891007 ], [ 7.0341996, 43.5890917 ], [ 7.0341348, 43.5890707 ], [ 7.0339968, 43.5889936 ], [ 7.0338354, 43.5888983 ], [ 7.0337366, 43.5889662 ], [ 7.0341687, 43.5893441 ], [ 7.0348148, 43.5899037 ], [ 7.0352899, 43.5903196 ], [ 7.0353532, 43.5902906 ], [ 7.035378, 43.5902793 ], [ 7.0353984, 43.59027 ], [ 7.0355688, 43.5902348 ], [ 7.0355611, 43.5901884 ], [ 7.0355631, 43.5901525 ], [ 7.0355832, 43.5901188 ], [ 7.0356338, 43.5900642 ], [ 7.0359118, 43.5899039 ], [ 7.0359822, 43.5898491 ], [ 7.0360327, 43.5898053 ], [ 7.0360841, 43.5897123 ], [ 7.0361436, 43.5895761 ], [ 7.0361627, 43.589485 ], [ 7.036085, 43.5894567 ], [ 7.0361415, 43.5893743 ], [ 7.0361793, 43.5893014 ], [ 7.0362043, 43.5892155 ], [ 7.0362121, 43.5891341 ], [ 7.0362175, 43.589073 ], [ 7.0362412, 43.5888592 ], [ 7.0362271, 43.5888326 ], [ 7.0362001, 43.5888067 ], [ 7.0359455, 43.5886135 ], [ 7.0359014, 43.5886113 ], [ 7.0358814, 43.588799 ], [ 7.0356896, 43.5886434 ], [ 7.0356152, 43.5886156 ], [ 7.0355402, 43.5886064 ], [ 7.0354201, 43.5886057 ], [ 7.0352219, 43.5886776 ], [ 7.0351402, 43.5887255 ], [ 7.0350538, 43.5887848 ], [ 7.0349838, 43.5888265 ], [ 7.0349006, 43.5888659 ], [ 7.0349252, 43.5889057 ], [ 7.0348739, 43.5889404 ], [ 7.0348363, 43.5889629 ], [ 7.0347909, 43.5889707 ], [ 7.0347364, 43.5889644 ], [ 7.0347052, 43.5889521 ], [ 7.034672, 43.5889248 ], [ 7.0346093, 43.5888482 ], [ 7.0344681, 43.5886884 ], [ 7.0343813, 43.5886155 ], [ 7.0343325, 43.5885931 ], [ 7.0343064, 43.5885685 ], [ 7.0343024, 43.5885308 ], [ 7.0343176, 43.5884818 ], [ 7.0344612, 43.5882345 ], [ 7.0344877, 43.5881722 ], [ 7.0344915, 43.5881089 ], [ 7.0344655, 43.5880467 ], [ 7.0344112, 43.587994 ], [ 7.0343487, 43.5879608 ], [ 7.034271, 43.5879424 ], [ 7.0341514, 43.5879309 ], [ 7.0339808, 43.5879387 ], [ 7.0338789, 43.587954 ], [ 7.0338166, 43.5879704 ], [ 7.0337431, 43.5879979 ], [ 7.0336758, 43.5880269 ], [ 7.0335058, 43.58813 ], [ 7.0334652, 43.5881631 ], [ 7.0333601, 43.5883571 ], [ 7.0336396, 43.5885999 ] ] ] } },
{ "type": "Feature", "properties": { "Aire": "RRN C", "NomUsuel": "ASF_A_367 - Caissargues Est (Nîmes Costières)", "Nature": "R", "GVO": "ASF", "Surface": 47845.63402, "Réseau": "C", "Axe": "A54", "id_aire": "A000888" }, "geometry": { "type": "Polygon", "coordinates": [ [ [ 4.4023738, 43.7868035 ], [ 4.4000886, 43.7891194 ], [ 4.4002817, 43.7891813 ], [ 4.4008289, 43.7891039 ], [ 4.4014833, 43.7891813 ], [ 4.4018052, 43.7893153 ], [ 4.4023202, 43.7888948 ], [ 4.4024704, 43.7888715 ], [ 4.4026528, 43.7890651 ], [ 4.4029317, 43.7894756 ], [ 4.4031892, 43.7894834 ], [ 4.4035754, 43.7894524 ], [ 4.4040046, 43.7892998 ], [ 4.4041763, 43.7891039 ], [ 4.4041977, 43.7889048 ], [ 4.4023738, 43.7868035 ] ] ] } },
{ "type": "Feature", "properties": { "Aire": "RRN C", "NomUsuel": "ASF_A_367 - Aire de Caissargues Ouest", "Nature": "R", "GVO": "ASF", "Surface": 106594.4144, "Réseau": "C", "Axe": "A54", "id_aire": "A000889" }, "geometry": { "type": "Polygon", "coordinates": [ [ [ 4.4020841, 43.7865479 ], [ 4.400414, 43.7843572 ], [ 4.4001811, 43.7842763 ], [ 4.3996056, 43.7845206 ], [ 4.399422, 43.7846671 ], [ 4.3981467, 43.7872373 ], [ 4.398839, 43.7899957 ], [ 4.3988762, 43.790072 ], [ 4.4020841, 43.7865479 ] ] ] } },
{ "type": "Feature", "properties": { "Aire": "RRN C", "NomUsuel": "La Roche", "Nature": "R", "GVO": "APRR", "Surface": 30649.27389, "Réseau": "C", "Axe": "A6", "id_aire": "A000890" }, "geometry": { "type": "Polygon", "coordinates": [ [ [ 3.0212056, 48.1042342 ], [ 3.0168227, 48.1065248 ], [ 3.0169375, 48.106611 ], [ 3.0173441, 48.1064421 ], [ 3.0189156, 48.1067515 ], [ 3.0203824, 48.106033 ], [ 3.020569, 48.1055673 ], [ 3.0207226, 48.1048291 ], [ 3.0213499, 48.1043005 ], [ 3.0212056, 48.1042342 ] ] ] } },
{ "type": "Feature", "properties": { "Aire": "RRN C", "NomUsuel": "Aire de Quincy - Les croquettes", "Nature": "R", "GVO": "COFIROUTE", "Surface": 71907.9953, "Réseau": "C", "Axe": "A71", "id_aire": "A000891" }, "geometry": { "type": "Polygon", "coordinates": [ [ [ 2.1849647, 47.147592 ], [ 2.1861073, 47.1417482 ], [ 2.1857071, 47.1413573 ], [ 2.1850719, 47.1413519 ], [ 2.1846306, 47.1420266 ], [ 2.1843836, 47.1434183 ], [ 2.1838575, 47.1438022 ], [ 2.1835389, 47.145644 ], [ 2.1846107, 47.1471007 ], [ 2.1846082, 47.147462 ], [ 2.1849647, 47.147592 ] ] ] } },
{ "type": "Feature", "properties": { "Aire": "RRN C", "NomUsuel": "La Grange Rouge", "Nature": "R", "GVO": "COFIROUTE", "Surface": 31647.1714, "Réseau": "C", "Axe": "A85", "id_aire": "A000892" }, "geometry": { "type": "Polygon", "coordinates": [ [ [ 1.9178384, 47.2949917 ], [ 1.9186993, 47.2950348 ], [ 1.9231144, 47.2949405 ], [ 1.9235327, 47.2951281 ], [ 1.9237205, 47.2951634 ], [ 1.9240102, 47.2952816 ], [ 1.9243965, 47.2960638 ], [ 1.9262499, 47.2957055 ], [ 1.9260272, 47.2954471 ], [ 1.9265402, 47.2952045 ], [ 1.9268399, 47.2948978 ], [ 1.9269668, 47.294725 ], [ 1.9279142, 47.2945925 ], [ 1.9178384, 47.2949917 ] ] ] } },
{ "type": "Feature", "properties": { "Aire": "RRN C", "NomUsuel": "Creches", "Nature": "R", "GVO": "APRR", "Surface": 29208.15877, "Réseau": "C", "Axe": "A6", "id_aire": "A000893" }, "geometry": { "type": "Polygon", "coordinates": [ [ [ 4.7937386, 46.2336192 ], [ 4.7937141, 46.2351873 ], [ 4.7941855, 46.2363375 ], [ 4.7938816, 46.2365409 ], [ 4.7939957, 46.2367203 ], [ 4.7952295, 46.236511 ], [ 4.7954941, 46.2364483 ], [ 4.7948233, 46.234844 ], [ 4.7946792, 46.2341372 ], [ 4.7944917, 46.2336631 ], [ 4.7940217, 46.2335574 ], [ 4.7937386, 46.2336192 ] ] ] } },
{ "type": "Feature", "properties": { "Aire": "RRN C", "NomUsuel": "Les Sablons", "Nature": "R", "GVO": "APRR", "Surface": 20280.85381, "Réseau": "C", "Axe": "A6", "id_aire": "A000894" }, "geometry": { "type": "Polygon", "coordinates": [ [ [ 4.7949975, 46.2335532 ], [ 4.795843, 46.2355963 ], [ 4.795978, 46.2356038 ], [ 4.796128, 46.2355764 ], [ 4.7961904, 46.235565 ], [ 4.7962722, 46.2355184 ], [ 4.7963385, 46.2354806 ], [ 4.7963724, 46.2354509 ], [ 4.7965647, 46.2353415 ], [ 4.7967034, 46.2352674 ], [ 4.7967546, 46.2352346 ], [ 4.7968669, 46.2351626 ], [ 4.7968706, 46.2350724 ], [ 4.796761, 46.2349856 ], [ 4.7962001, 46.2336281 ], [ 4.7952823, 46.2333119 ], [ 4.7948944, 46.2333856 ], [ 4.7949975, 46.2335532 ] ] ] } },
{ "type": "Feature", "properties": { "Aire": "RRN C", "NomUsuel": "Aire d'Onesse et Laharie Ouest", "Nature": "R", "GVO": "ATLANDES", "Surface": 77059.14245, "Réseau": "C", "Axe": "A63", "id_aire": "A000895" }, "geometry": { "type": "Polygon", "coordinates": [ [ [ -1.0007851, 44.0861704 ], [ -1.0013544, 44.0862586 ], [ -1.0018079, 44.0866602 ], [ -1.0027559, 44.0871541 ], [ -1.002975, 44.0874058 ], [ -1.0030295, 44.0875882 ], [ -1.0030702, 44.0880172 ], [ -1.0030172, 44.088249 ], [ -1.0029322, 44.0884456 ], [ -1.0025326, 44.0891113 ], [ -1.002198, 44.0894382 ], [ -1.0016499, 44.0896537 ], [ -1.0008643, 44.0896821 ], [ -0.9999227, 44.0896458 ], [ -0.9992665, 44.0896369 ], [ -0.9996824, 44.0886927 ], [ -1.0002113, 44.0874882 ], [ -1.0007851, 44.0861704 ] ] ] } },
{ "type": "Feature", "properties": { "Aire": "RRN C", "NomUsuel": "ASF_A_374 - Aire de Sénas Est", "Nature": "R", "GVO": "ASF", "Surface": 4845.59693, "Réseau": "C", "Axe": "A7", "id_aire": "A000896" }, "geometry": { "type": "Polygon", "coordinates": [ [ [ 5.0791196, 43.7600729 ], [ 5.079114, 43.7601122 ], [ 5.0791868, 43.7601038 ], [ 5.0798035, 43.7598798 ], [ 5.0802906, 43.7592333 ], [ 5.0802561, 43.7587901 ], [ 5.0802007, 43.758767 ], [ 5.080169, 43.7587564 ], [ 5.0791196, 43.7600729 ] ] ] } },
{ "type": "Feature", "properties": { "Aire": "RRN C", "NomUsuel": "ASF_A_374 - Aire de Sénas Ouest", "Nature": "R", "GVO": "ASF", "Surface": 5294.61102, "Réseau": "C", "Axe": "A7", "id_aire": "A000897" }, "geometry": { "type": "Polygon", "coordinates": [ [ [ 5.0785508, 43.7598064 ], [ 5.0785911, 43.7598159 ], [ 5.0786406, 43.7598316 ], [ 5.0797613, 43.7584211 ], [ 5.0797314, 43.7584115 ], [ 5.0796942, 43.758397 ], [ 5.0794998, 43.758541 ], [ 5.0789241, 43.7587512 ], [ 5.0784718, 43.7593109 ], [ 5.0785508, 43.7598064 ] ] ] } },
{ "type": "Feature", "properties": { "Aire": "RRN C", "NomUsuel": "ASF_A_372 - Aire de Cavaillon - Plan d'Orgon Est", "Nature": "R", "GVO": "ASF", "Surface": 5050.56727, "Réseau": "C", "Axe": "A7", "id_aire": "A000898" }, "geometry": { "type": "Polygon", "coordinates": [ [ [ 5.0085578, 43.8322751 ], [ 5.0085677, 43.8323063 ], [ 5.0085691, 43.8323362 ], [ 5.0092408, 43.83241 ], [ 5.0101422, 43.8320988 ], [ 5.0104189, 43.8317812 ], [ 5.0105163, 43.8316657 ], [ 5.0104866, 43.8316338 ], [ 5.0104638, 43.8316132 ], [ 5.0085578, 43.8322751 ] ] ] } },
{ "type": "Feature", "properties": { "Aire": "RRN C", "NomUsuel": "ASF_A_373 - Aire de Cavaillon - Plan d'Orgon Oues", "Nature": "R", "GVO": "ASF", "Surface": 4488.53912, "Réseau": "C", "Axe": "A7", "id_aire": "A000899" }, "geometry": { "type": "Polygon", "coordinates": [ [ [ 5.0161501, 43.82958 ], [ 5.0180953, 43.8289472 ], [ 5.01809, 43.8289152 ], [ 5.0180897, 43.8288909 ], [ 5.0178452, 43.8289122 ], [ 5.0174021, 43.8288596 ], [ 5.0164074, 43.8291741 ], [ 5.0160548, 43.8295145 ], [ 5.0160961, 43.8295525 ], [ 5.0161501, 43.82958 ] ] ] } },
{ "type": "Feature", "properties": { "Aire": "RRN C", "NomUsuel": "ASF_A_371 - Aire de Cabannes", "Nature": "R", "GVO": "ASF", "Surface": 7073.48727, "Réseau": "C", "Axe": "A7", "id_aire": "A000900" }, "geometry": { "type": "Polygon", "coordinates": [ [ [ 4.9377034, 43.8771364 ], [ 4.9383323, 43.8770258 ], [ 4.9398406, 43.8767432 ], [ 4.941308, 43.8764368 ], [ 4.9413087, 43.8763935 ], [ 4.9412983, 43.8762773 ], [ 4.9403316, 43.8763738 ], [ 4.9397105, 43.876476 ], [ 4.9388234, 43.8766998 ], [ 4.9382955, 43.8768719 ], [ 4.9376656, 43.8770692 ], [ 4.9376798, 43.8771039 ], [ 4.9377034, 43.8771364 ] ] ] } },
{ "type": "Feature", "properties": { "Aire": "RRN C", "NomUsuel": "PEYRUIS LES MEES", "Nature": "R", "GVO": "ESCOTA", "Surface": 20507.52732, "Réseau": "C", "Axe": "A51", "id_aire": "A000901" }, "geometry": { "type": "Polygon", "coordinates": [ [ [ 5.96242, 44.05822 ], [ 5.9624749, 44.0582177 ], [ 5.9626741, 44.0580961 ], [ 5.962728, 44.058075 ], [ 5.9627849, 44.058018 ], [ 5.9635691, 44.0565014 ], [ 5.9627961, 44.0562034 ], [ 5.9623613, 44.0561195 ], [ 5.9620513, 44.0561889 ], [ 5.9617896, 44.0563567 ], [ 5.9616768, 44.0565853 ], [ 5.9617896, 44.056892 ], [ 5.9620674, 44.0572392 ], [ 5.9622928, 44.0582114 ], [ 5.96242, 44.05822 ] ] ] } },
{ "type": "Feature", "properties": { "Aire": "RRN C", "NomUsuel": "Ponteray", "Nature": "R", "GVO": "AREA", "Surface": 12502.15126, "Réseau": "C", "Axe": "A48", "id_aire": "A000902" }, "geometry": { "type": "Polygon", "coordinates": [ [ [ 5.4091045, 45.5292962 ], [ 5.4088444, 45.529348 ], [ 5.4083897, 45.5296592 ], [ 5.4075183, 45.530403 ], [ 5.4075522, 45.530763 ], [ 5.4076008, 45.5313038 ], [ 5.4078097, 45.5312989 ], [ 5.4078842, 45.5312978 ], [ 5.408561, 45.5304622 ], [ 5.4090136, 45.5297422 ], [ 5.4092251, 45.5293288 ], [ 5.4091876, 45.5293187 ], [ 5.4091045, 45.5292962 ] ] ] } },
{ "type": "Feature", "properties": { "Aire": "RRN C", "NomUsuel": "SAULCE", "Nature": "S", "GVO": "ASF", "Surface": 62564.38954, "Réseau": "C", "Axe": "A7", "id_aire": "A000903" }, "geometry": { "type": "Polygon", "coordinates": [ [ [ 4.7867957, 44.7190907 ], [ 4.785973, 44.7187106 ], [ 4.7863509, 44.7220281 ], [ 4.786774, 44.7247094 ], [ 4.7869449, 44.7245516 ], [ 4.7872338, 44.724285 ], [ 4.7874081, 44.7236758 ], [ 4.7877241, 44.7229828 ], [ 4.7873836, 44.7212258 ], [ 4.7879579, 44.7206715 ], [ 4.7884167, 44.7197358 ], [ 4.7878199, 44.7194939 ], [ 4.7870784, 44.7193061 ], [ 4.7867957, 44.7190907 ] ] ] } },
{ "type": "Feature", "properties": { "Aire": "RRN C", "NomUsuel": "Quatre-Vents", "Nature": "R", "GVO": "SANEF", "Surface": 9515.48076, "Réseau": "C", "Axe": "A4", "id_aire": "A000904" }, "geometry": { "type": "Polygon", "coordinates": [ [ [ 7.3064646, 48.7712304 ], [ 7.3066871, 48.7713171 ], [ 7.3072848, 48.7714573 ], [ 7.307781, 48.771551 ], [ 7.3080492, 48.7715758 ], [ 7.3082638, 48.7715475 ], [ 7.3085186, 48.7714768 ], [ 7.3087064, 48.7713672 ], [ 7.3088526, 48.7711992 ], [ 7.3089451, 48.7711648 ], [ 7.3091251, 48.7711425 ], [ 7.3093187, 48.771143 ], [ 7.3093346, 48.7710829 ], [ 7.3093437, 48.7710531 ], [ 7.3090249, 48.7710155 ], [ 7.308746, 48.7710013 ], [ 7.3086155, 48.7710104 ], [ 7.3083711, 48.771066 ], [ 7.3081738, 48.7709609 ], [ 7.3079136, 48.7709446 ], [ 7.3077959, 48.7709744 ], [ 7.307657, 48.7709437 ], [ 7.3075114, 48.7709276 ], [ 7.3069498, 48.7709151 ], [ 7.3067762, 48.7709754 ], [ 7.3067519, 48.7709984 ], [ 7.306748, 48.7710222 ], [ 7.3064646, 48.7712304 ] ] ] } },
{ "type": "Feature", "properties": { "Aire": "RRN C", "NomUsuel": "La Vouivre", "Nature": "R", "GVO": "APRR", "Surface": 45611.45376, "Réseau": "C", "Axe": "A39", "id_aire": "A000905" }, "geometry": { "type": "Polygon", "coordinates": [ [ [ 5.5028267, 46.9889169 ], [ 5.504431, 46.9854575 ], [ 5.5041441, 46.9853936 ], [ 5.5039673, 46.9856154 ], [ 5.5031536, 46.9864256 ], [ 5.5027732, 46.9865769 ], [ 5.5025679, 46.9869234 ], [ 5.5023855, 46.9869917 ], [ 5.5020851, 46.9869283 ], [ 5.5020028, 46.9868258 ], [ 5.5022424, 46.986294 ], [ 5.5024177, 46.9857719 ], [ 5.5022424, 46.9855523 ], [ 5.5019027, 46.9855011 ], [ 5.5015844, 46.9856011 ], [ 5.5013055, 46.9860866 ], [ 5.5012411, 46.9866062 ], [ 5.5013007, 46.9867575 ], [ 5.5014972, 46.9870001 ], [ 5.5016801, 46.987099 ], [ 5.5018884, 46.9870893 ], [ 5.5022684, 46.9872016 ], [ 5.5022769, 46.9873578 ], [ 5.5021454, 46.9874652 ], [ 5.50201, 46.9875528 ], [ 5.5019022, 46.9876746 ], [ 5.501917, 46.9877455 ], [ 5.5019817, 46.9878141 ], [ 5.5021492, 46.9878613 ], [ 5.5021623, 46.9879313 ], [ 5.5019585, 46.988054 ], [ 5.5017547, 46.9880959 ], [ 5.5015381, 46.9881057 ], [ 5.500973, 46.9881143 ], [ 5.500832, 46.9881812 ], [ 5.5007375, 46.9883115 ], [ 5.5006579, 46.9883954 ], [ 5.5006566, 46.9885151 ], [ 5.5008235, 46.9886979 ], [ 5.501046, 46.9887911 ], [ 5.5013767, 46.9888662 ], [ 5.5016782, 46.9888394 ], [ 5.5020575, 46.9887324 ], [ 5.5022953, 46.9885806 ], [ 5.5022649, 46.9882839 ], [ 5.5023728, 46.9881189 ], [ 5.50244, 46.9880493 ], [ 5.5025189, 46.9880402 ], [ 5.5026484, 46.9881333 ], [ 5.5026302, 46.9886361 ], [ 5.5025891, 46.9889339 ], [ 5.5028267, 46.9889169 ] ] ] } },
{ "type": "Feature", "properties": { "Aire": "RRN C", "NomUsuel": "Schwindratzheim Nord", "Nature": "P", "GVO": "SANEF", "Surface": 982.2181, "Réseau": "C", "Axe": "A4", "id_aire": "A000906" }, "geometry": { "type": "Polygon", "coordinates": [ [ [ 7.5984479, 48.7687996 ], [ 7.5994166, 48.7688373 ], [ 7.5993653, 48.7687709 ], [ 7.599403, 48.7687725 ], [ 7.5993955, 48.7687323 ], [ 7.599171, 48.7687197 ], [ 7.5991929, 48.7686971 ], [ 7.5984687, 48.7686688 ], [ 7.5984215, 48.7687293 ], [ 7.5984479, 48.7687996 ] ] ] } },
{ "type": "Feature", "properties": { "Aire": "RRN C", "NomUsuel": "Aire de Jouques", "Nature": "R", "GVO": "ESCOTA", "Surface": 31088.8309, "Réseau": "C", "Axe": "A51", "id_aire": "A000907" }, "geometry": { "type": "Polygon", "coordinates": [ [ [ 5.6801962, 43.6912957 ], [ 5.6795621, 43.6913414 ], [ 5.6802536, 43.6914866 ], [ 5.6803404, 43.6915894 ], [ 5.6805241, 43.6916561 ], [ 5.6811934, 43.6917527 ], [ 5.6815717, 43.6918226 ], [ 5.681832, 43.6918007 ], [ 5.682407, 43.6917844 ], [ 5.6826939, 43.6917372 ], [ 5.6828356, 43.6916767 ], [ 5.683319, 43.6915963 ], [ 5.6838266, 43.6914171 ], [ 5.6839358, 43.6913941 ], [ 5.6840821, 43.6913757 ], [ 5.6844657, 43.6913873 ], [ 5.6846353, 43.6913836 ], [ 5.6848901, 43.6913372 ], [ 5.6852513, 43.6912528 ], [ 5.685447, 43.6912131 ], [ 5.6855762, 43.6911316 ], [ 5.6860144, 43.6909765 ], [ 5.6862925, 43.6908813 ], [ 5.6864387, 43.6908058 ], [ 5.6865024, 43.6907574 ], [ 5.6866184, 43.6906684 ], [ 5.6867445, 43.690541 ], [ 5.6859299, 43.6906256 ], [ 5.6852984, 43.6907039 ], [ 5.6849111, 43.6907798 ], [ 5.6846659, 43.690817 ], [ 5.6844929, 43.6908607 ], [ 5.6844018, 43.6908859 ], [ 5.6842457, 43.6908972 ], [ 5.6838217, 43.6908477 ], [ 5.6833071, 43.6909338 ], [ 5.6822415, 43.6910882 ], [ 5.6818091, 43.6911352 ], [ 5.6810174, 43.6912262 ], [ 5.680542, 43.691283 ], [ 5.6801962, 43.6912957 ] ] ] } },
{ "type": "Feature", "properties": { "Aire": "RRN C", "NomUsuel": "MEYRARGUES", "Nature": "R", "GVO": "ESCOTA", "Surface": 39993.45997, "Réseau": "C", "Axe": "A51", "id_aire": "A000908" }, "geometry": { "type": "Polygon", "coordinates": [ [ [ 5.4946128, 43.6332666 ], [ 5.4946634, 43.6332713 ], [ 5.4947944, 43.6332847 ], [ 5.4947652, 43.6338922 ], [ 5.4948404, 43.6341174 ], [ 5.4949907, 43.6342383 ], [ 5.495164, 43.6342851 ], [ 5.4953435, 43.6342715 ], [ 5.4955106, 43.6342187 ], [ 5.4960994, 43.6338167 ], [ 5.4962288, 43.633652 ], [ 5.4964754, 43.6330614 ], [ 5.4964775, 43.6329571 ], [ 5.4963793, 43.6328634 ], [ 5.4961998, 43.6327682 ], [ 5.4960474, 43.6326276 ], [ 5.4959847, 43.6324599 ], [ 5.4958574, 43.6323692 ], [ 5.4955776, 43.6323194 ], [ 5.495578, 43.6322718 ], [ 5.4955964, 43.6321864 ], [ 5.4956465, 43.6319824 ], [ 5.4954836, 43.6312958 ], [ 5.4953833, 43.6311718 ], [ 5.4943143, 43.6305584 ], [ 5.4942346, 43.6304387 ], [ 5.4940456, 43.6301545 ], [ 5.4939422, 43.6301814 ], [ 5.493895, 43.6302165 ], [ 5.4942228, 43.6308085 ], [ 5.4945269, 43.6318814 ], [ 5.4946273, 43.6326016 ], [ 5.4946128, 43.6332666 ] ] ] } },
{ "type": "Feature", "properties": { "Aire": "RRN C", "NomUsuel": "MANOSQUE", "Nature": "S", "GVO": "ESCOTA", "Surface": 79104.78424, "Réseau": "C", "Axe": "A51", "id_aire": "A000909" }, "geometry": { "type": "Polygon", "coordinates": [ [ [ 5.8489889, 43.8408723 ], [ 5.8487632, 43.8407674 ], [ 5.8486432, 43.8408215 ], [ 5.8486858, 43.8409646 ], [ 5.8487296, 43.8410447 ], [ 5.8499843, 43.8429996 ], [ 5.8502719, 43.8434185 ], [ 5.8503721, 43.8436293 ], [ 5.8511723, 43.8448956 ], [ 5.8512328, 43.844975 ], [ 5.8512983, 43.8449964 ], [ 5.8513752, 43.8450488 ], [ 5.8515114, 43.8453104 ], [ 5.8519621, 43.8459301 ], [ 5.8524061, 43.8464816 ], [ 5.8528866, 43.8470225 ], [ 5.8529868, 43.8469025 ], [ 5.853057, 43.8467494 ], [ 5.8529918, 43.8455336 ], [ 5.8529593, 43.845149 ], [ 5.8528859, 43.8448827 ], [ 5.8527603, 43.8446737 ], [ 5.8524396, 43.8441284 ], [ 5.8509221, 43.841738 ], [ 5.8506167, 43.8412607 ], [ 5.8489889, 43.8408723 ] ] ] } },
{ "type": "Feature", "properties": { "Aire": "RRN C", "NomUsuel": "VOLX", "Nature": "S", "GVO": "ESCOTA", "Surface": 44438.37195, "Réseau": "C", "Axe": "A51", "id_aire": "A000910" }, "geometry": { "type": "Polygon", "coordinates": [ [ [ 5.84809, 43.8414113 ], [ 5.8478675, 43.8414229 ], [ 5.8471406, 43.8416888 ], [ 5.8470609, 43.8417927 ], [ 5.847057, 43.8419311 ], [ 5.8471115, 43.842046 ], [ 5.8478933, 43.8433679 ], [ 5.8483962, 43.8442879 ], [ 5.8484397, 43.8443469 ], [ 5.8485033, 43.8443901 ], [ 5.849277, 43.8448364 ], [ 5.8496183, 43.8449497 ], [ 5.8500333, 43.8450999 ], [ 5.8506126, 43.8454942 ], [ 5.8506651, 43.8454793 ], [ 5.8507739, 43.8454534 ], [ 5.8505503, 43.8451757 ], [ 5.8499328, 43.8443034 ], [ 5.8491149, 43.8430084 ], [ 5.8490371, 43.8428935 ], [ 5.8490294, 43.8428805 ], [ 5.848258, 43.8415734 ], [ 5.84809, 43.8414113 ] ] ] } },
{ "type": "Feature", "properties": { "Aire": "RRN C", "NomUsuel": "Jarrier", "Nature": "R", "GVO": "COFIROUTE", "Surface": 27927.37922, "Réseau": "C", "Axe": "A85", "id_aire": "A000911" }, "geometry": { "type": "Polygon", "coordinates": [ [ [ 1.9197826, 47.2947269 ], [ 1.9297188, 47.294329 ], [ 1.9288203, 47.2943338 ], [ 1.9260931, 47.2943794 ], [ 1.9243053, 47.2941938 ], [ 1.9238735, 47.2941949 ], [ 1.922704, 47.2938172 ], [ 1.9220796, 47.2934633 ], [ 1.9210571, 47.2940826 ], [ 1.9206104, 47.2944509 ], [ 1.9190981, 47.2947181 ], [ 1.9197826, 47.2947269 ] ] ] } },
{ "type": "Feature", "properties": { "Aire": "RRN C", "NomUsuel": "LA LOIRE", "Nature": "S", "GVO": "ASF", "Surface": 215966.2118, "Réseau": "C", "Axe": "A89", "id_aire": "A000912" }, "geometry": { "type": "Polygon", "coordinates": [ [ [ 4.2261157, 45.8500588 ], [ 4.2259115, 45.8497914 ], [ 4.2253348, 45.8498362 ], [ 4.2251287, 45.8492595 ], [ 4.2248317, 45.8487429 ], [ 4.2227835, 45.8477245 ], [ 4.2224959, 45.8478702 ], [ 4.2215023, 45.8480068 ], [ 4.2205982, 45.8476168 ], [ 4.2196819, 45.8474794 ], [ 4.219172, 45.8479712 ], [ 4.218989, 45.8486542 ], [ 4.2201853, 45.8493281 ], [ 4.2215567, 45.8500118 ], [ 4.2231561, 45.8512031 ], [ 4.222583, 45.8518671 ], [ 4.2225453, 45.8521755 ], [ 4.2227348, 45.8524428 ], [ 4.2230538, 45.8526842 ], [ 4.2235345, 45.8527229 ], [ 4.2244125, 45.8527446 ], [ 4.2256368, 45.8536468 ], [ 4.2262237, 45.853308 ], [ 4.2264962, 45.8535521 ], [ 4.2267215, 45.8535838 ], [ 4.2269978, 45.8536716 ], [ 4.2271936, 45.8537594 ], [ 4.227317, 45.8537445 ], [ 4.2274618, 45.8536492 ], [ 4.2275932, 45.8535409 ], [ 4.2276674, 45.852482 ], [ 4.2276268, 45.8524184 ], [ 4.226922, 45.8513174 ], [ 4.2267826, 45.8509657 ], [ 4.2261157, 45.8500588 ] ] ] } },
{ "type": "Feature", "properties": { "Aire": "RRN C", "NomUsuel": "Les Amarons", "Nature": "P", "GVO": "APRR", "Surface": 1004.44659, "Réseau": "C", "Axe": "A714", "id_aire": "A000913" }, "geometry": { "type": "Polygon", "coordinates": [ [ [ 2.7067535, 46.394051 ], [ 2.7070584, 46.3942127 ], [ 2.7074095, 46.3943989 ], [ 2.7077102, 46.3943646 ], [ 2.7073468, 46.3941784 ], [ 2.7071054, 46.3940547 ], [ 2.7070815, 46.3940424 ], [ 2.7068653, 46.3940578 ], [ 2.7067535, 46.394051 ] ] ] } },
{ "type": "Feature", "properties": { "Aire": "RRN C", "NomUsuel": "Reaumont", "Nature": "R", "GVO": "AREA", "Surface": 11516.42775, "Réseau": "C", "Axe": "A48", "id_aire": "A000914" }, "geometry": { "type": "Polygon", "coordinates": [ [ [ 5.510356, 45.3646882 ], [ 5.5099988, 45.3647961 ], [ 5.5094093, 45.3650789 ], [ 5.5084451, 45.3654793 ], [ 5.5078183, 45.3657061 ], [ 5.5067945, 45.366036 ], [ 5.5067933, 45.3660503 ], [ 5.5068563, 45.3661651 ], [ 5.5072496, 45.3660569 ], [ 5.50749, 45.3659989 ], [ 5.5076714, 45.3659945 ], [ 5.5077607, 45.3660146 ], [ 5.5082122, 45.3661933 ], [ 5.5084044, 45.3660835 ], [ 5.5085715, 45.3660785 ], [ 5.5086667, 45.3659983 ], [ 5.5088697, 45.3659036 ], [ 5.5089532, 45.365833 ], [ 5.5091185, 45.3657269 ], [ 5.5091949, 45.36566 ], [ 5.5094185, 45.3655666 ], [ 5.5095835, 45.3654714 ], [ 5.5096904, 45.3653761 ], [ 5.5098808, 45.3651186 ], [ 5.5100119, 45.364969 ], [ 5.5102132, 45.3647867 ], [ 5.510356, 45.3646882 ] ] ] } },
{ "type": "Feature", "properties": { "Aire": "RRN C", "NomUsuel": "La Chaussee de Cesar", "Nature": "R", "GVO": "COFIROUTE", "Surface": 58013.09094, "Réseau": "C", "Axe": "A71", "id_aire": "A000915" }, "geometry": { "type": "Polygon", "coordinates": [ [ [ 2.1863248, 47.141988 ], [ 2.1854129, 47.1475373 ], [ 2.1860531, 47.1474603 ], [ 2.187385, 47.1463893 ], [ 2.1877129, 47.1446257 ], [ 2.1866423, 47.1431401 ], [ 2.1866671, 47.1428245 ], [ 2.1867873, 47.1413666 ], [ 2.1863248, 47.141988 ] ] ] } },
{ "type": "Feature", "properties": { "Aire": "RRN C", "NomUsuel": "Aire de Bellevue", "Nature": "R", "GVO": "COFIROUTE", "Surface": 34101.06563, "Réseau": "C", "Axe": "A10", "id_aire": "A000916" }, "geometry": { "type": "Polygon", "coordinates": [ [ [ 1.7723764, 47.8945387 ], [ 1.7691089, 47.8936654 ], [ 1.769082, 47.8937111 ], [ 1.7688962, 47.894034 ], [ 1.7690235, 47.894162 ], [ 1.7686947, 47.8950059 ], [ 1.7712261, 47.8957004 ], [ 1.7714241, 47.8952761 ], [ 1.7723249, 47.8945749 ], [ 1.7723764, 47.8945387 ] ] ] } },
{ "type": "Feature", "properties": { "Aire": "RRN C", "NomUsuel": "Heron Cendre", "Nature": "R", "GVO": "COFIROUTE", "Surface": 88321.07297, "Réseau": "C", "Axe": "A10", "id_aire": "A000917" }, "geometry": { "type": "Polygon", "coordinates": [ [ [ 1.8506689, 48.1104644 ], [ 1.8507153, 48.1088971 ], [ 1.8508546, 48.1069267 ], [ 1.8507549, 48.1069295 ], [ 1.8502407, 48.1069439 ], [ 1.8483525, 48.1075743 ], [ 1.8473311, 48.1084906 ], [ 1.8473827, 48.1086491 ], [ 1.8474438, 48.1088107 ], [ 1.8484248, 48.1108158 ], [ 1.8486437, 48.1107909 ], [ 1.8488994, 48.1112946 ], [ 1.8493792, 48.1111775 ], [ 1.850478, 48.1108571 ], [ 1.8504625, 48.1104782 ], [ 1.8505857, 48.11047 ], [ 1.8506689, 48.1104644 ] ] ] } },
{ "type": "Feature", "properties": { "Aire": "RRN C", "NomUsuel": "Plaines de Beauce", "Nature": "S", "GVO": "COFIROUTE", "Surface": 58917.98922, "Réseau": "C", "Axe": "A10", "id_aire": "A000918" }, "geometry": { "type": "Polygon", "coordinates": [ [ [ 1.8570172, 48.277418 ], [ 1.8567023, 48.2762907 ], [ 1.8565506, 48.2758339 ], [ 1.8556474, 48.2737398 ], [ 1.855412, 48.2736073 ], [ 1.8553605, 48.2735888 ], [ 1.8546927, 48.2749934 ], [ 1.8541833, 48.2749193 ], [ 1.8536953, 48.2750077 ], [ 1.853721, 48.275435 ], [ 1.8541062, 48.2762641 ], [ 1.8535711, 48.2768083 ], [ 1.8570172, 48.277418 ] ] ] } },
{ "type": "Feature", "properties": { "Aire": "RRN C", "NomUsuel": "Pelousey", "Nature": "R", "GVO": "APRR", "Surface": 30597.11974, "Réseau": "C", "Axe": "A36", "id_aire": "A000919" }, "geometry": { "type": "Polygon", "coordinates": [ [ [ 5.9309165, 47.2718659 ], [ 5.9297083, 47.2712839 ], [ 5.9288098, 47.2707828 ], [ 5.9274519, 47.269799 ], [ 5.9272526, 47.2699212 ], [ 5.9270948, 47.2710968 ], [ 5.92812, 47.2717702 ], [ 5.9289349, 47.2718058 ], [ 5.9297038, 47.2721358 ], [ 5.930177, 47.2720734 ], [ 5.9304537, 47.2720021 ], [ 5.9307157, 47.2720067 ], [ 5.9309165, 47.2718659 ] ] ] } },
{ "type": "Feature", "properties": { "Aire": "RRN C", "NomUsuel": "Ver-les-Chartres le Souchet", "Nature": "R", "GVO": "COFIROUTE", "Surface": 57213.91754, "Réseau": "C", "Axe": "A11", "id_aire": "A000920" }, "geometry": { "type": "Polygon", "coordinates": [ [ [ 1.4677299, 48.3728343 ], [ 1.4670461, 48.3724839 ], [ 1.4633159, 48.371056 ], [ 1.4627328, 48.3713689 ], [ 1.4626551, 48.3718751 ], [ 1.4627576, 48.3723629 ], [ 1.4628953, 48.3726877 ], [ 1.4631881, 48.3729841 ], [ 1.4637895, 48.3732474 ], [ 1.4641988, 48.3733974 ], [ 1.4646045, 48.3734794 ], [ 1.4649251, 48.3735056 ], [ 1.4652744, 48.3735173 ], [ 1.4655566, 48.3734634 ], [ 1.4677299, 48.3728343 ] ] ] } },
{ "type": "Feature", "properties": { "Aire": "RRN C", "NomUsuel": "ASF_A_339 - Aire des SuchÃ¨res", "Nature": "R", "GVO": "ASF", "Surface": 23039.93577, "Réseau": "C", "Axe": "A89", "id_aire": "A000921" }, "geometry": { "type": "Polygon", "coordinates": [ [ [ 3.7262314, 45.8540191 ], [ 3.7257608, 45.8546042 ], [ 3.725408, 45.8548676 ], [ 3.7240607, 45.8563448 ], [ 3.7242605, 45.8564365 ], [ 3.7247407, 45.8563033 ], [ 3.7249895, 45.8565279 ], [ 3.7255984, 45.8563318 ], [ 3.7263413, 45.8557975 ], [ 3.7265076, 45.8553753 ], [ 3.7262114, 45.8547907 ], [ 3.7263729, 45.8543792 ], [ 3.7262314, 45.8540191 ] ] ] } },
{ "type": "Feature", "properties": { "Aire": "RRN C", "NomUsuel": "Aire de Montmirail", "Nature": "R", "GVO": "COFIROUTE", "Surface": 19919.29059, "Réseau": "C", "Axe": "A11", "id_aire": "A000922" }, "geometry": { "type": "Polygon", "coordinates": [ [ [ 0.7770202, 48.1775418 ], [ 0.7762063, 48.1772983 ], [ 0.7753923, 48.1775291 ], [ 0.7751641, 48.1775696 ], [ 0.775225, 48.1777396 ], [ 0.7751862, 48.177992 ], [ 0.7781118, 48.1788149 ], [ 0.778359, 48.1785841 ], [ 0.7779787, 48.1782646 ], [ 0.7777543, 48.1779729 ], [ 0.7774994, 48.1777548 ], [ 0.777275, 48.1776381 ], [ 0.7770202, 48.1775418 ] ] ] } },
{ "type": "Feature", "properties": { "Aire": "RRN C", "NomUsuel": "Schalbach", "Nature": "R", "GVO": "SANEF", "Surface": 9534.4987, "Réseau": "C", "Axe": "A4", "id_aire": "A000923" }, "geometry": { "type": "Polygon", "coordinates": [ [ [ 7.1511063, 48.8220485 ], [ 7.1512163, 48.8220659 ], [ 7.1514119, 48.8220721 ], [ 7.1521093, 48.8207703 ], [ 7.1521075, 48.820641 ], [ 7.1520071, 48.8205212 ], [ 7.1518488, 48.8202356 ], [ 7.1518467, 48.8200964 ], [ 7.1517783, 48.8200838 ], [ 7.1516794, 48.8200658 ], [ 7.1509624, 48.8215263 ], [ 7.150962, 48.8216299 ], [ 7.1510077, 48.8217374 ], [ 7.1511199, 48.8218722 ], [ 7.151142, 48.8219598 ], [ 7.1511063, 48.8220485 ] ] ] } },
{ "type": "Feature", "properties": { "Aire": "RRN C", "NomUsuel": "Katzenkopf", "Nature": "R", "GVO": "SANEF", "Surface": 8458.5529, "Réseau": "C", "Axe": "A4", "id_aire": "A000924" }, "geometry": { "type": "Polygon", "coordinates": [ [ [ 7.1491341, 48.8240715 ], [ 7.1498704, 48.8224233 ], [ 7.1498695, 48.8223517 ], [ 7.1498283, 48.8222793 ], [ 7.1496785, 48.8220965 ], [ 7.1496588, 48.8219802 ], [ 7.1495811, 48.8219819 ], [ 7.149427, 48.8219858 ], [ 7.1488434, 48.823249 ], [ 7.1488386, 48.8233612 ], [ 7.1488962, 48.823503 ], [ 7.1490376, 48.8237679 ], [ 7.1489698, 48.8240364 ], [ 7.1490488, 48.8240532 ], [ 7.1491341, 48.8240715 ] ] ] } },
{ "type": "Feature", "properties": { "Aire": "RRN C", "NomUsuel": "Aire de la baie de La Ciotat LES PLAINES BARONNES", "Nature": "S", "GVO": "ESCOTA", "Surface": 65482.0141, "Réseau": "C", "Axe": "A50", "id_aire": "A000925" }, "geometry": { "type": "Polygon", "coordinates": [ [ [ 5.6728183, 43.1932526 ], [ 5.6728236, 43.193147 ], [ 5.6719908, 43.1932561 ], [ 5.6707302, 43.1933539 ], [ 5.6689545, 43.1934986 ], [ 5.6678548, 43.1935221 ], [ 5.6669496, 43.1934912 ], [ 5.6659679, 43.1934091 ], [ 5.6649004, 43.1932331 ], [ 5.6647934, 43.1932839 ], [ 5.6646818, 43.1932575 ], [ 5.6641454, 43.1931304 ], [ 5.6641788, 43.1932083 ], [ 5.6645069, 43.1933762 ], [ 5.6648843, 43.1935694 ], [ 5.6649974, 43.1936668 ], [ 5.6652974, 43.1939253 ], [ 5.6655106, 43.1941439 ], [ 5.6656729, 43.1942179 ], [ 5.665811, 43.1942808 ], [ 5.6660913, 43.194332 ], [ 5.6664211, 43.1943966 ], [ 5.6665312, 43.1944181 ], [ 5.6667618, 43.1944181 ], [ 5.667132, 43.1944024 ], [ 5.6678562, 43.194375 ], [ 5.6685965, 43.1944298 ], [ 5.6695299, 43.194598 ], [ 5.6703166, 43.1946707 ], [ 5.6704566, 43.1946836 ], [ 5.6706242, 43.194727 ], [ 5.6709944, 43.1946723 ], [ 5.671166, 43.1946058 ], [ 5.6712299, 43.1945593 ], [ 5.6712787, 43.1945237 ], [ 5.6714396, 43.1943829 ], [ 5.6716596, 43.1941326 ], [ 5.671905, 43.1938271 ], [ 5.6721638, 43.1935498 ], [ 5.6725554, 43.1933426 ], [ 5.6728183, 43.1932526 ] ] ] } },
{ "type": "Feature", "properties": { "Aire": "RRN C", "NomUsuel": "Aire des Frères Lumière - LE LIOUQUET", "Nature": "S", "GVO": "ESCOTA", "Surface": 60883.90755, "Réseau": "C", "Axe": "A50", "id_aire": "A000926" }, "geometry": { "type": "Polygon", "coordinates": [ [ [ 5.6710811, 43.1929028 ], [ 5.6719711, 43.192851 ], [ 5.6719864, 43.1928073 ], [ 5.6721532, 43.1923297 ], [ 5.6714721, 43.192235 ], [ 5.6702917, 43.1921459 ], [ 5.6698573, 43.1922547 ], [ 5.6693128, 43.1921302 ], [ 5.6690391, 43.1921986 ], [ 5.6687012, 43.1921478 ], [ 5.6671053, 43.1918642 ], [ 5.6662043, 43.1919358 ], [ 5.6652841, 43.1921061 ], [ 5.6648713, 43.1923054 ], [ 5.6646594, 43.1921693 ], [ 5.6637152, 43.1923934 ], [ 5.6636696, 43.1925518 ], [ 5.6646887, 43.1926908 ], [ 5.6647881, 43.1926906 ], [ 5.6648873, 43.1927924 ], [ 5.6652895, 43.1928785 ], [ 5.6662419, 43.1929977 ], [ 5.6670948, 43.1930583 ], [ 5.6676901, 43.1930858 ], [ 5.6685003, 43.1930583 ], [ 5.6706246, 43.192937 ], [ 5.6710811, 43.1929028 ] ] ] } },
{ "type": "Feature", "properties": { "Aire": "RRN C", "NomUsuel": "LIMAGNE", "Nature": "S", "GVO": "ASF", "Surface": 43446.42967, "Réseau": "C", "Axe": "A89", "id_aire": "A000927" }, "geometry": { "type": "Polygon", "coordinates": [ [ [ 3.403534, 45.8514663 ], [ 3.4053473, 45.8513172 ], [ 3.4084285, 45.8510575 ], [ 3.4087037, 45.8509486 ], [ 3.4086974, 45.8508928 ], [ 3.4083979, 45.8506235 ], [ 3.4070729, 45.850074 ], [ 3.4056123, 45.8501973 ], [ 3.4056258, 45.8502923 ], [ 3.4039188, 45.8504658 ], [ 3.4033429, 45.8510524 ], [ 3.4028298, 45.8512529 ], [ 3.4025995, 45.8514029 ], [ 3.4026485, 45.8515239 ], [ 3.4025895, 45.8516407 ], [ 3.403534, 45.8514663 ] ] ] } },
{ "type": "Feature", "properties": { "Aire": "RRN C", "NomUsuel": "Aire de controle ADR de St. Michel de Maurienne", "Nature": "C", "GVO": "SFTRF", "Surface": 3928.51065, "Réseau": "C", "Axe": "A43", "id_aire": "A000928" }, "geometry": { "type": "Polygon", "coordinates": [ [ [ 6.4595931, 45.2184786 ], [ 6.4603971, 45.218336 ], [ 6.4609704, 45.2182273 ], [ 6.4612782, 45.2181333 ], [ 6.4615296, 45.2180185 ], [ 6.4613258, 45.2178702 ], [ 6.4612292, 45.2178929 ], [ 6.4611005, 45.2178891 ], [ 6.4609234, 45.2178626 ], [ 6.460784, 45.2178437 ], [ 6.4606767, 45.2178664 ], [ 6.4605855, 45.2179118 ], [ 6.4604031, 45.2180176 ], [ 6.4602207, 45.2181423 ], [ 6.460108, 45.2182481 ], [ 6.4597808, 45.2183992 ], [ 6.4595931, 45.2184786 ] ] ] } },
{ "type": "Feature", "properties": { "Aire": "RRN C", "NomUsuel": "Les Meuniers", "Nature": "R", "GVO": "COFIROUTE", "Surface": 22631.51908, "Réseau": "C", "Axe": "A10", "id_aire": "A000929" }, "geometry": { "type": "Polygon", "coordinates": [ [ [ 0.5096653, 46.7929613 ], [ 0.5093756, 46.7929907 ], [ 0.5095472, 46.7936444 ], [ 0.509456, 46.7941255 ], [ 0.5091664, 46.7946507 ], [ 0.5094292, 46.7954807 ], [ 0.5101159, 46.7957818 ], [ 0.5108186, 46.796116 ], [ 0.5110654, 46.7960646 ], [ 0.5105182, 46.79486 ], [ 0.5102285, 46.7941512 ], [ 0.5096653, 46.7929613 ] ] ] } },
{ "type": "Feature", "properties": { "Aire": "RRN C", "NomUsuel": "Fontaine Colette", "Nature": "S", "GVO": "COFIROUTE", "Surface": 71322.60764, "Réseau": "C", "Axe": "A10", "id_aire": "A000930" }, "geometry": { "type": "Polygon", "coordinates": [ [ [ 0.6298899, 47.1646253 ], [ 0.6322073, 47.1674847 ], [ 0.6327545, 47.1678129 ], [ 0.6334599, 47.1677188 ], [ 0.633932, 47.1666393 ], [ 0.6336852, 47.1662527 ], [ 0.6331166, 47.1655816 ], [ 0.6326315, 47.1650136 ], [ 0.6331814, 47.1637267 ], [ 0.6317792, 47.1634486 ], [ 0.6313105, 47.1645023 ], [ 0.6311784, 47.1647992 ], [ 0.6301474, 47.1645378 ], [ 0.6298899, 47.1646253 ] ] ] } },
{ "type": "Feature", "properties": { "Aire": "RRN C", "NomUsuel": "Aire de Sainte-Maure de Touraine", "Nature": "S", "GVO": "COFIROUTE", "Surface": 97574.62487, "Réseau": "C", "Axe": "A10", "id_aire": "A000931" }, "geometry": { "type": "Polygon", "coordinates": [ [ [ 0.6283932, 47.1649317 ], [ 0.6280043, 47.1655597 ], [ 0.6283476, 47.1665554 ], [ 0.6297612, 47.1681455 ], [ 0.6299525, 47.168279 ], [ 0.6298136, 47.1684726 ], [ 0.6293897, 47.1690635 ], [ 0.6331539, 47.1696477 ], [ 0.6334692, 47.1696966 ], [ 0.6325185, 47.1685277 ], [ 0.6319096, 47.1678464 ], [ 0.6302815, 47.1657523 ], [ 0.6288867, 47.1640929 ], [ 0.6283932, 47.1649317 ] ] ] } },
{ "type": "Feature", "properties": { "Aire": "RRN C", "NomUsuel": "Courte Epee", "Nature": "R", "GVO": "COFIROUTE", "Surface": 19228.13911, "Réseau": "C", "Axe": "A10", "id_aire": "A000932" }, "geometry": { "type": "Polygon", "coordinates": [ [ [ 0.9610019, 47.5353032 ], [ 0.9608643, 47.535409 ], [ 0.9607712, 47.5354806 ], [ 0.961018, 47.5363788 ], [ 0.9612648, 47.5368424 ], [ 0.9616403, 47.5369872 ], [ 0.9623806, 47.5369184 ], [ 0.9629545, 47.5367881 ], [ 0.9630349, 47.5365244 ], [ 0.9630726, 47.5364005 ], [ 0.9627882, 47.5361253 ], [ 0.961533, 47.5355712 ], [ 0.9610019, 47.5353032 ] ] ] } },
{ "type": "Feature", "properties": { "Aire": "RRN C", "NomUsuel": "Picardiere", "Nature": "R", "GVO": "COFIROUTE", "Surface": 15902.20168, "Réseau": "C", "Axe": "A10", "id_aire": "A000933" }, "geometry": { "type": "Polygon", "coordinates": [ [ [ 0.9610448, 47.5349012 ], [ 0.9629438, 47.5357957 ], [ 0.9630887, 47.5356726 ], [ 0.963609, 47.5350641 ], [ 0.9634159, 47.5346187 ], [ 0.9629009, 47.5343724 ], [ 0.9623484, 47.5344702 ], [ 0.9617636, 47.5348541 ], [ 0.9611575, 47.5347708 ], [ 0.9610448, 47.5349012 ] ] ] } },
{ "type": "Feature", "properties": { "Aire": "RRN C", "NomUsuel": "ASF_A_337 - Aire du Lac", "Nature": "R", "GVO": "ASF", "Surface": 29107.5388, "Réseau": "C", "Axe": "A89", "id_aire": "A000934" }, "geometry": { "type": "Polygon", "coordinates": [ [ [ 3.5766158, 45.8846675 ], [ 3.5775384, 45.8852986 ], [ 3.5779813, 45.8855517 ], [ 3.5796359, 45.8850671 ], [ 3.5801697, 45.8854013 ], [ 3.5808322, 45.8857187 ], [ 3.5810012, 45.8855805 ], [ 3.5802636, 45.8852407 ], [ 3.5786247, 45.8842512 ], [ 3.5776082, 45.8836593 ], [ 3.5773882, 45.8837265 ], [ 3.5766158, 45.8846675 ] ] ] } },
{ "type": "Feature", "properties": { "Aire": "RRN C", "NomUsuel": "ASF_A_336 - Aire des Pacages", "Nature": "R", "GVO": "ASF", "Surface": 39657.25281, "Réseau": "C", "Axe": "A89", "id_aire": "A000935" }, "geometry": { "type": "Polygon", "coordinates": [ [ [ 3.2960875, 45.8343321 ], [ 3.2957281, 45.8346834 ], [ 3.2953741, 45.8357225 ], [ 3.2970209, 45.8362644 ], [ 3.2986333, 45.8363218 ], [ 3.2991442, 45.8356519 ], [ 3.2988224, 45.8353996 ], [ 3.2985927, 45.8352628 ], [ 3.2960875, 45.8343321 ] ] ] } },
{ "type": "Feature", "properties": { "Aire": "RRN C", "NomUsuel": "ASF_A_335 - Aire du Branchillon", "Nature": "R", "GVO": "ASF", "Surface": 59337.76252, "Réseau": "C", "Axe": "A89", "id_aire": "A000936" }, "geometry": { "type": "Polygon", "coordinates": [ [ [ 3.2917239, 45.8312724 ], [ 3.2914138, 45.8319951 ], [ 3.2910597, 45.8320624 ], [ 3.2906735, 45.8318493 ], [ 3.2906369, 45.8314513 ], [ 3.2903465, 45.8312723 ], [ 3.2899555, 45.8312267 ], [ 3.2899117, 45.8309045 ], [ 3.2893277, 45.8304603 ], [ 3.2894648, 45.8313871 ], [ 3.289504, 45.8317933 ], [ 3.2912572, 45.8323226 ], [ 3.2928665, 45.8328833 ], [ 3.2949855, 45.8336121 ], [ 3.2962461, 45.8341167 ], [ 3.2964049, 45.8338311 ], [ 3.2955235, 45.8325736 ], [ 3.2917239, 45.8312724 ] ] ] } },
{ "type": "Feature", "properties": { "Aire": "RRN C", "NomUsuel": "Patural", "Nature": "R", "GVO": "APRR", "Surface": 18726.05903, "Réseau": "C", "Axe": "A6", "id_aire": "A000937" }, "geometry": { "type": "Polygon", "coordinates": [ [ [ 4.7256352, 46.0393806 ], [ 4.7254139, 46.0393639 ], [ 4.7253388, 46.0403507 ], [ 4.7256446, 46.0405238 ], [ 4.7260872, 46.0421175 ], [ 4.7267041, 46.0428045 ], [ 4.7268217, 46.0427292 ], [ 4.7268114, 46.0425662 ], [ 4.7261381, 46.0398256 ], [ 4.7261306, 46.0394298 ], [ 4.7260825, 46.0394248 ], [ 4.7256352, 46.0393806 ] ] ] } },
{ "type": "Feature", "properties": { "Aire": "RRN C", "NomUsuel": "Fontenelle", "Nature": "R", "GVO": "APRR", "Surface": 35599.224, "Réseau": "C", "Axe": "A31", "id_aire": "A000938" }, "geometry": { "type": "Polygon", "coordinates": [ [ [ 5.1837388, 47.6919003 ], [ 5.1841094, 47.6916728 ], [ 5.1841597, 47.6915612 ], [ 5.1838818, 47.69086 ], [ 5.1837735, 47.6907332 ], [ 5.1836135, 47.6903683 ], [ 5.1835235, 47.6900949 ], [ 5.1827231, 47.6885187 ], [ 5.1825349, 47.6885072 ], [ 5.1822746, 47.6885831 ], [ 5.1814261, 47.6891187 ], [ 5.182047, 47.6904931 ], [ 5.1832262, 47.6914276 ], [ 5.1837388, 47.6919003 ] ] ] } },
{ "type": "Feature", "properties": { "Aire": "RRN C", "NomUsuel": "ASF_A_456 Morlaas Sud", "Nature": "R", "GVO": "ASF", "Surface": 20920.04549, "Réseau": "C", "Axe": "A64", "id_aire": "A000939" }, "geometry": { "type": "Polygon", "coordinates": [ [ [ -0.2654851, 43.3131784 ], [ -0.26560647643021, 43.313275308183933 ], [ -0.261427562152254, 43.312465190164914 ], [ -0.2631194, 43.311902 ], [ -0.2633929, 43.311984 ], [ -0.2640635, 43.3121401 ], [ -0.264498, 43.3123431 ], [ -0.2649379, 43.3126631 ], [ -0.2654851, 43.3131784 ] ] ] } },
{ "type": "Feature", "properties": { "Aire": "RRN C", "NomUsuel": "HASTINGUES", "Nature": "S", "GVO": "ASF", "Surface": 30299.87687, "Réseau": "C", "Axe": "A64", "id_aire": "A000940" }, "geometry": { "type": "Polygon", "coordinates": [ [ [ -1.149373990740065, 43.527878299106163 ], [ -1.153815801110182, 43.529528732372945 ], [ -1.154147740503322, 43.529705982002085 ], [ -1.153684714767479, 43.529966059263444 ], [ -1.153297357698807, 43.530081554803438 ], [ -1.152913650289225, 43.529990714969919 ], [ -1.152050313120473, 43.529686060300037 ], [ -1.15086305026131, 43.529214387850764 ], [ -1.150034375862364, 43.528887283819579 ], [ -1.149509846625227, 43.528654071102245 ], [ -1.149373990740065, 43.527878299106163 ] ] ] } },
{ "type": "Feature", "properties": { "Aire": "RRN C", "NomUsuel": "Aire de la petite jardinière", "Nature": "R", "GVO": "COFIROUTE", "Surface": 40774.07252, "Réseau": "C", "Axe": "A11", "id_aire": "A000941" }, "geometry": { "type": "Polygon", "coordinates": [ [ [ 0.9421957, 48.2135707 ], [ 0.9438989, 48.2126448 ], [ 0.9412515, 48.2115581 ], [ 0.9410611, 48.2117101 ], [ 0.9405649, 48.2120532 ], [ 0.9400901, 48.2120389 ], [ 0.9389368, 48.2122731 ], [ 0.9386846, 48.2124089 ], [ 0.9421957, 48.2135707 ] ] ] } },
{ "type": "Feature", "properties": { "Aire": "RRN C", "NomUsuel": "Longeville-les-Saint-Avold Nord", "Nature": "S", "GVO": "SANEF", "Surface": 21530.92411, "Réseau": "C", "Axe": "A4", "id_aire": "A000942" }, "geometry": { "type": "Polygon", "coordinates": [ [ [ 6.6594101, 49.1335422 ], [ 6.6554297, 49.1341684 ], [ 6.6555367, 49.1344765 ], [ 6.6559795, 49.134797 ], [ 6.6563699, 49.1348529 ], [ 6.6571003, 49.134647 ], [ 6.6585703, 49.1344166 ], [ 6.6588083, 49.1343181 ], [ 6.659459, 49.1336907 ], [ 6.6594101, 49.1335422 ] ] ] } },
{ "type": "Feature", "properties": { "Aire": "RRN C", "NomUsuel": "Magescq Ouest", "Nature": "R", "GVO": "ATLANDES", "Surface": 63866.17423, "Réseau": "C", "Axe": "A63", "id_aire": "A000943" }, "geometry": { "type": "Polygon", "coordinates": [ [ [ -1.1997361, 43.8068224 ], [ -1.2021864, 43.8030315 ], [ -1.2023723, 43.8031939 ], [ -1.2027489, 43.8036633 ], [ -1.203194, 43.8042387 ], [ -1.2033896, 43.8046022 ], [ -1.2034904, 43.8048275 ], [ -1.2032722, 43.8055412 ], [ -1.2030375, 43.8059294 ], [ -1.2027538, 43.8062153 ], [ -1.2024261, 43.8064377 ], [ -1.2020691, 43.8065718 ], [ -1.2016974, 43.806533 ], [ -1.2014946, 43.8066204 ], [ -1.1997361, 43.8068224 ] ] ] } },
{ "type": "Feature", "properties": { "Aire": "RRN C", "NomUsuel": "Magescq Est", "Nature": "R", "GVO": "ATLANDES", "Surface": 67144.6202, "Réseau": "C", "Axe": "A63", "id_aire": "A000944" }, "geometry": { "type": "Polygon", "coordinates": [ [ [ -1.2044899, 43.7987676 ], [ -1.2016068, 43.8030057 ], [ -1.2006795, 43.8017617 ], [ -1.2004672, 43.8014756 ], [ -1.2003999, 43.8011946 ], [ -1.2005415, 43.800883 ], [ -1.2007255, 43.8006684 ], [ -1.2012847, 43.7996773 ], [ -1.2016313, 43.7993218 ], [ -1.2019693, 43.7991852 ], [ -1.2028614, 43.7991755 ], [ -1.2035103, 43.7991803 ], [ -1.2044899, 43.7987676 ] ] ] } },
{ "type": "Feature", "properties": { "Aire": "RRN C", "NomUsuel": "Sortie 24 - Chaumont Semoutiers", "Nature": "P", "GVO": "APRR", "Surface": 667.89428, "Réseau": "C", "Axe": "A5", "id_aire": "A000945" }, "geometry": { "type": "Polygon", "coordinates": [ [ [ 5.0586823, 48.0435319 ], [ 5.0589746, 48.0436309 ], [ 5.059138, 48.0434084 ], [ 5.0588419, 48.0433133 ], [ 5.0586823, 48.0435319 ] ] ] } },
{ "type": "Feature", "properties": { "Aire": "RRN C", "NomUsuel": "la Villa des Tuillieres", "Nature": "R", "GVO": "APRR", "Surface": 50941.76084, "Réseau": "C", "Axe": "A31", "id_aire": "A000946" }, "geometry": { "type": "Polygon", "coordinates": [ [ [ 5.2104756, 47.5846969 ], [ 5.2101767, 47.5865238 ], [ 5.2097564, 47.5881365 ], [ 5.2104195, 47.5876452 ], [ 5.210653, 47.5875696 ], [ 5.2108678, 47.5875318 ], [ 5.2120073, 47.5875822 ], [ 5.2126611, 47.5876641 ], [ 5.2130254, 47.5875696 ], [ 5.2131655, 47.5874058 ], [ 5.2131561, 47.5872105 ], [ 5.2130627, 47.58699 ], [ 5.2124556, 47.586127 ], [ 5.2114843, 47.5851946 ], [ 5.2104756, 47.5846969 ] ] ] } },
{ "type": "Feature", "properties": { "Aire": "RRN C", "NomUsuel": "Grand Chene", "Nature": "R", "GVO": "APRR", "Surface": 25246.8708, "Réseau": "C", "Axe": "A31", "id_aire": "A000947" }, "geometry": { "type": "Polygon", "coordinates": [ [ [ 5.8596216, 48.4289413 ], [ 5.859723, 48.4266227 ], [ 5.8588444, 48.4266361 ], [ 5.8587287, 48.4266729 ], [ 5.8581415, 48.4272864 ], [ 5.8580131, 48.4274703 ], [ 5.8579522, 48.4281879 ], [ 5.8580266, 48.4283224 ], [ 5.858155, 48.4283897 ], [ 5.8596216, 48.4289413 ] ] ] } },
{ "type": "Feature", "properties": { "Aire": "RRN C", "NomUsuel": "Val Au Renard", "Nature": "R", "GVO": "APRR", "Surface": 32928.59809, "Réseau": "C", "Axe": "A31", "id_aire": "A000948" }, "geometry": { "type": "Polygon", "coordinates": [ [ [ 5.8610139, 48.4231031 ], [ 5.8608044, 48.4237848 ], [ 5.860534, 48.4246595 ], [ 5.8602704, 48.4260409 ], [ 5.8613924, 48.4257269 ], [ 5.8617506, 48.4256148 ], [ 5.8619061, 48.4255296 ], [ 5.8620277, 48.4253502 ], [ 5.862217, 48.4246146 ], [ 5.8623927, 48.4239239 ], [ 5.8624062, 48.4236727 ], [ 5.8623521, 48.4235785 ], [ 5.8619601, 48.4233857 ], [ 5.8610139, 48.4231031 ] ] ] } },
{ "type": "Feature", "properties": { "Aire": "RRN C", "NomUsuel": "ASF_A_343 - Aire de Chante-Perdrix", "Nature": "R", "GVO": "ASF", "Surface": 18444.10442, "Réseau": "C", "Axe": "A72", "id_aire": "A000949" }, "geometry": { "type": "Polygon", "coordinates": [ [ [ 4.2081976, 45.6060515 ], [ 4.2089117, 45.6031841 ], [ 4.2081438, 45.6036324 ], [ 4.2078161, 45.6038787 ], [ 4.2075814, 45.6041901 ], [ 4.2073613, 45.6048676 ], [ 4.207371, 45.6049839 ], [ 4.2074933, 45.6051653 ], [ 4.2078161, 45.6055793 ], [ 4.2081976, 45.6060515 ] ] ] } },
{ "type": "Feature", "properties": { "Aire": "RRN C", "NomUsuel": "ASF_A_486 - Saint Palais Ouest", "Nature": "R", "GVO": "ASF", "Surface": 12897.02196, "Réseau": "C", "Axe": "A10", "id_aire": "A000950" }, "geometry": { "type": "Polygon", "coordinates": [ [ [ -0.6131804, 45.5118886 ], [ -0.6135166, 45.511911 ], [ -0.613883, 45.5128007 ], [ -0.6139911, 45.5130186 ], [ -0.6139776, 45.5131796 ], [ -0.6138898, 45.5133596 ], [ -0.6136667, 45.5135254 ], [ -0.6133153, 45.513748 ], [ -0.6127573, 45.5141579 ], [ -0.6131804, 45.5118886 ] ] ] } },
{ "type": "Feature", "properties": { "Aire": "RRN C", "NomUsuel": "ASF_A_485 - Saint Palais Est", "Nature": "R", "GVO": "ASF", "Surface": 32008.4, "Réseau": "C", "Axe": "A10", "id_aire": "A000951" }, "geometry": { "type": "Polygon", "coordinates": [ [ [ -0.6122622, 45.5124241 ], [ -0.612127, 45.5143659 ], [ -0.6114647, 45.5144464 ], [ -0.6112417, 45.5144559 ], [ -0.6109645, 45.5144275 ], [ -0.6107685, 45.5144086 ], [ -0.6105185, 45.5143328 ], [ -0.6103901, 45.5142049 ], [ -0.6103022, 45.5140391 ], [ -0.6103698, 45.5137502 ], [ -0.6105523, 45.5135419 ], [ -0.6107415, 45.5133903 ], [ -0.6108429, 45.5131914 ], [ -0.6108226, 45.5129972 ], [ -0.6107077, 45.5128693 ], [ -0.6106063, 45.5126846 ], [ -0.6106063, 45.512462 ], [ -0.6108361, 45.5122062 ], [ -0.611147, 45.5120263 ], [ -0.6115458, 45.5119836 ], [ -0.6118905, 45.5121257 ], [ -0.6122622, 45.5124241 ] ] ] } },
{ "type": "Feature", "properties": { "Aire": "RRN C", "NomUsuel": "La Canarderie", "Nature": "R", "GVO": "COFIROUTE", "Surface": 21350.21976, "Réseau": "C", "Axe": "A85", "id_aire": "A000952" }, "geometry": { "type": "Polygon", "coordinates": [ [ [ 1.2227051, 47.3005159 ], [ 1.2230671, 47.30104 ], [ 1.2260554, 47.3001511 ], [ 1.2259576, 47.2997697 ], [ 1.2259038, 47.2996569 ], [ 1.2258108, 47.2995607 ], [ 1.2256348, 47.2994745 ], [ 1.2253462, 47.2994413 ], [ 1.2249989, 47.2995474 ], [ 1.2246224, 47.2997697 ], [ 1.2243044, 47.2999289 ], [ 1.2238398, 47.3000715 ], [ 1.2233996, 47.3001312 ], [ 1.2230377, 47.300161 ], [ 1.2228763, 47.3002042 ], [ 1.2227296, 47.3003103 ], [ 1.2226807, 47.3004198 ], [ 1.2227051, 47.3005159 ] ] ] } },
{ "type": "Feature", "properties": { "Aire": "RRN C", "NomUsuel": "Aire du Bois de Faix", "Nature": "R", "GVO": "COFIROUTE", "Surface": 15944.46647, "Réseau": "C", "Axe": "A85", "id_aire": "A000953" }, "geometry": { "type": "Polygon", "coordinates": [ [ [ 1.223023, 47.3018824 ], [ 1.2243534, 47.3021743 ], [ 1.2245979, 47.3021842 ], [ 1.2248278, 47.3021411 ], [ 1.225087, 47.3020416 ], [ 1.225312, 47.3019488 ], [ 1.2255223, 47.3018824 ], [ 1.2258402, 47.3018294 ], [ 1.2261238, 47.3017962 ], [ 1.2262999, 47.3017232 ], [ 1.2264077, 47.3015772 ], [ 1.2263716, 47.3014641 ], [ 1.2262408, 47.3012849 ], [ 1.2259869, 47.3010134 ], [ 1.223023, 47.3018824 ] ] ] } },
{ "type": "Feature", "properties": { "Aire": "RRN C", "NomUsuel": "ASF_A_453 - Aire de Magret", "Nature": "R", "GVO": "ASF", "Surface": 6123.0787, "Réseau": "C", "Axe": "A64", "id_aire": "A000954" }, "geometry": { "type": "Polygon", "coordinates": [ [ [ -0.7839684, 43.4780498 ], [ -0.7864334, 43.4771377 ], [ -0.7863502, 43.4773542 ], [ -0.7862622, 43.4774926 ], [ -0.7861986, 43.4775458 ], [ -0.7861207, 43.477603 ], [ -0.7853672, 43.4779504 ], [ -0.7851226, 43.4780037 ], [ -0.7848292, 43.4780214 ], [ -0.784477, 43.478025 ], [ -0.7839684, 43.4780498 ] ] ] } },
{ "type": "Feature", "properties": { "Aire": "RRN C", "NomUsuel": "Les Marches", "Nature": "R", "GVO": "AREA", "Surface": 12891.56185, "Réseau": "C", "Axe": "A41", "id_aire": "A000955" }, "geometry": { "type": "Polygon", "coordinates": [ [ [ 6.008169, 45.4577773 ], [ 6.0100007, 45.4602946 ], [ 6.0100142, 45.459849 ], [ 6.0100345, 45.4593892 ], [ 6.0100412, 45.4590384 ], [ 6.0099196, 45.4587776 ], [ 6.0097236, 45.4585548 ], [ 6.0095681, 45.4584505 ], [ 6.0091491, 45.4582561 ], [ 6.008169, 45.4577773 ] ] ] } },
{ "type": "Feature", "properties": { "Aire": "RRN C", "NomUsuel": "Boncourt le Bois", "Nature": "R", "GVO": "APRR", "Surface": 13782.0799, "Réseau": "C", "Axe": "A31", "id_aire": "A000956" }, "geometry": { "type": "Polygon", "coordinates": [ [ [ 4.9885353, 47.1450519 ], [ 4.9901439, 47.1465735 ], [ 4.9911982, 47.1477824 ], [ 4.9912652, 47.1474484 ], [ 4.9912996, 47.1472768 ], [ 4.991205, 47.1469918 ], [ 4.9909684, 47.1466332 ], [ 4.9905359, 47.1461414 ], [ 4.9900965, 47.1457874 ], [ 4.9895153, 47.1454059 ], [ 4.9891144, 47.1452611 ], [ 4.9885353, 47.1450519 ] ] ] } },
{ "type": "Feature", "properties": { "Aire": "RRN C", "NomUsuel": "L'Epinotte", "Nature": "R", "GVO": "SANEF", "Surface": 26751.66405, "Réseau": "C", "Axe": "A4", "id_aire": "A000957" }, "geometry": { "type": "Polygon", "coordinates": [ [ [ 5.6875886, 49.1364516 ], [ 5.6902275, 49.1372121 ], [ 5.6915725, 49.1375961 ], [ 5.6931229, 49.1380249 ], [ 5.6925213, 49.1374713 ], [ 5.6923953, 49.13719 ], [ 5.6919628, 49.1368278 ], [ 5.6914796, 49.1366627 ], [ 5.6902902, 49.1364104 ], [ 5.6893724, 49.1362585 ], [ 5.6875886, 49.1364516 ] ] ] } },
{ "type": "Feature", "properties": { "Aire": "RRN C", "NomUsuel": "Fontanelles", "Nature": "S", "GVO": "AREA", "Surface": 33135.18276, "Réseau": "C", "Axe": "A41", "id_aire": "A000958" }, "geometry": { "type": "Polygon", "coordinates": [ [ [ 6.0718405, 45.8771883 ], [ 6.0683753, 45.8743271 ], [ 6.0680536, 45.8751829 ], [ 6.0681512, 45.8756277 ], [ 6.0681792, 45.8757447 ], [ 6.0694494, 45.8767331 ], [ 6.0695989, 45.8768046 ], [ 6.0701686, 45.8769152 ], [ 6.0718405, 45.8771883 ] ] ] } },
{ "type": "Feature", "properties": { "Aire": "RRN C", "NomUsuel": "TREMENTINES", "Nature": "S", "GVO": "ASF", "Surface": 84262.39458, "Réseau": "C", "Axe": "A87", "id_aire": "A000959" }, "geometry": { "type": "Polygon", "coordinates": [ [ [ -0.8256236, 47.1330632 ], [ -0.8260697, 47.1333345 ], [ -0.8266442, 47.1335138 ], [ -0.8275836, 47.1337161 ], [ -0.8277594, 47.1338126 ], [ -0.8279892, 47.1340333 ], [ -0.8281919, 47.1344012 ], [ -0.8283744, 47.1347276 ], [ -0.8282528, 47.1352242 ], [ -0.8281041, 47.1352885 ], [ -0.8280432, 47.1355276 ], [ -0.8277596, 47.1355605 ], [ -0.8273821, 47.1357532 ], [ -0.8272592, 47.1362855 ], [ -0.8271296, 47.1368606 ], [ -0.8270659, 47.1369497 ], [ -0.8266872, 47.1372049 ], [ -0.8265846, 47.1372386 ], [ -0.8263793, 47.1372578 ], [ -0.8261139, 47.1372747 ], [ -0.8259865, 47.1373228 ], [ -0.8258661, 47.1373854 ], [ -0.8253459, 47.1374841 ], [ -0.8245741, 47.1376048 ], [ -0.8250485, 47.1358732 ], [ -0.8256236, 47.1330632 ] ] ] } },
{ "type": "Feature", "properties": { "Aire": "RRN C", "NomUsuel": "Val de Cher", "Nature": "S", "GVO": "COFIROUTE", "Surface": 98080.40446000001, "Réseau": "C", "Axe": "A85", "id_aire": "A000960" }, "geometry": { "type": "Polygon", "coordinates": [ [ [ 0.8856222, 47.3017191 ], [ 0.8861726, 47.3018776 ], [ 0.8865676, 47.3020667 ], [ 0.8869765, 47.3023398 ], [ 0.8873314, 47.3025995 ], [ 0.8880132, 47.3029352 ], [ 0.8881907, 47.3029795 ], [ 0.8883588, 47.3029795 ], [ 0.8885598, 47.302982 ], [ 0.8886447, 47.3030204 ], [ 0.8888818, 47.3031428 ], [ 0.8890198, 47.3031764 ], [ 0.8913097, 47.3031116 ], [ 0.8914548, 47.303078 ], [ 0.8916353, 47.3029844 ], [ 0.8918672, 47.3028163 ], [ 0.8919322, 47.3027391 ], [ 0.8920034, 47.3026004 ], [ 0.8920352, 47.3024108 ], [ 0.8919928, 47.3014435 ], [ 0.8911538, 47.3014589 ], [ 0.8904997, 47.3014184 ], [ 0.8898693, 47.3012827 ], [ 0.8890517, 47.3010307 ], [ 0.8885067, 47.3008123 ], [ 0.8880076, 47.3005267 ], [ 0.887813, 47.3003899 ], [ 0.8877749, 47.3003284 ], [ 0.8877419, 47.3002151 ], [ 0.8876675, 47.3001463 ], [ 0.8875556, 47.300105 ], [ 0.8874248, 47.300086 ], [ 0.8872715, 47.3001046 ], [ 0.8871252, 47.3001956 ], [ 0.8870596, 47.300339 ], [ 0.8865955, 47.3006683 ], [ 0.8858735, 47.3009875 ], [ 0.8855029, 47.3011225 ], [ 0.8856222, 47.3017191 ] ] ] } },
{ "type": "Feature", "properties": { "Aire": "RRN C", "NomUsuel": "Aire du pÃ©age de Gerzat Ouest", "Nature": "P", "GVO": "APRR", "Surface": 4470.05168, "Réseau": "C", "Axe": "A71", "id_aire": "A000961" }, "geometry": { "type": "Polygon", "coordinates": [ [ [ 3.1600419, 45.840802 ], [ 3.1601824, 45.8397937 ], [ 3.1601684, 45.8395855 ], [ 3.1601693, 45.8395305 ], [ 3.1600931, 45.8395073 ], [ 3.1596155, 45.8398434 ], [ 3.1596181, 45.840518 ], [ 3.1600419, 45.840802 ] ] ] } },
{ "type": "Feature", "properties": { "Aire": "RRN C", "NomUsuel": "Aire du pÃ©age de Gerzat Est", "Nature": "P", "GVO": "APRR", "Surface": 2297.29764, "Réseau": "C", "Axe": "A71", "id_aire": "A000962" }, "geometry": { "type": "Polygon", "coordinates": [ [ [ 3.161713, 45.8409777 ], [ 3.1618149, 45.8407497 ], [ 3.1617854, 45.8403853 ], [ 3.1615762, 45.8399611 ], [ 3.161375, 45.8398247 ], [ 3.1610934, 45.8397126 ], [ 3.1614313, 45.8402209 ], [ 3.1616298, 45.84066 ], [ 3.161713, 45.8409777 ] ] ] } },
{ "type": "Feature", "properties": { "Aire": "RRN C", "NomUsuel": "Bourges", "Nature": "P", "GVO": "APRR", "Surface": 1397.1024, "Réseau": "C", "Axe": "A71", "id_aire": "A000963" }, "geometry": { "type": "Polygon", "coordinates": [ [ [ 2.3422414, 47.0458431 ], [ 2.3416205, 47.0464158 ], [ 2.3417098, 47.0464607 ], [ 2.3418072, 47.0465098 ], [ 2.3424283, 47.0459372 ], [ 2.3423333, 47.0458893 ], [ 2.3422414, 47.0458431 ] ] ] } },
{ "type": "Feature", "properties": { "Aire": "RRN C", "NomUsuel": "Beynost covoiturage", "Nature": "C", "GVO": "APRR", "Surface": 1986.99061, "Réseau": "C", "Axe": "A42", "id_aire": "A000964" }, "geometry": { "type": "Polygon", "coordinates": [ [ [ 4.9874969, 45.8202376 ], [ 4.9876252, 45.8202686 ], [ 4.987748, 45.8203046 ], [ 4.9888826, 45.8207214 ], [ 4.9888987, 45.8207009 ], [ 4.9889269, 45.8207144 ], [ 4.9889396, 45.8207317 ], [ 4.9889463, 45.8207504 ], [ 4.9889383, 45.8207705 ], [ 4.9889101, 45.8207812 ], [ 4.9893808, 45.8211219 ], [ 4.9894412, 45.8210621 ], [ 4.9895069, 45.8210724 ], [ 4.9895538, 45.8209406 ], [ 4.9894318, 45.820921 ], [ 4.9893661, 45.8208985 ], [ 4.9893299, 45.8208696 ], [ 4.9893634, 45.8208322 ], [ 4.9888471, 45.8206247 ], [ 4.987797, 45.8202396 ], [ 4.9875221, 45.8201719 ], [ 4.9875094, 45.8202049 ], [ 4.9874969, 45.8202376 ] ] ] } },
{ "type": "Feature", "properties": { "Aire": "RRN C", "NomUsuel": "St Genix sur Guiers", "Nature": "P", "GVO": "AREA", "Surface": 2054.63504, "Réseau": "C", "Axe": "A43", "id_aire": "A000965" }, "geometry": { "type": "Polygon", "coordinates": [ [ [ 5.6563081, 45.5729154 ], [ 5.6576747, 45.5728215 ], [ 5.6578101, 45.5728346 ], [ 5.6579389, 45.5728581 ], [ 5.6580864, 45.5728957 ], [ 5.6585853, 45.5729736 ], [ 5.6585933, 45.5729173 ], [ 5.6585692, 45.5728722 ], [ 5.6579724, 45.5727652 ], [ 5.657904, 45.5727398 ], [ 5.6575781, 45.5727107 ], [ 5.6564771, 45.572799 ], [ 5.6564073, 45.5728515 ], [ 5.6563081, 45.5729154 ] ] ] } },
{ "type": "Feature", "properties": { "Aire": "RRN C", "NomUsuel": "POITOU-CHARENTES SUD", "Nature": "S", "GVO": "ASF", "Surface": 116236.7501, "Réseau": "C", "Axe": "A10", "id_aire": "A000966" }, "geometry": { "type": "Polygon", "coordinates": [ [ [ -0.3734235, 46.2970702 ], [ -0.3710969, 46.2980187 ], [ -0.3695793, 46.2986887 ], [ -0.368612, 46.299113 ], [ -0.3683987, 46.2991306 ], [ -0.3672739, 46.2997767 ], [ -0.36715, 46.2996125 ], [ -0.3671194, 46.2995305 ], [ -0.3671086, 46.2994581 ], [ -0.3671173, 46.2993351 ], [ -0.3671272, 46.2992137 ], [ -0.3672417, 46.2991527 ], [ -0.3673339, 46.2990917 ], [ -0.3673518, 46.2990356 ], [ -0.3674163, 46.2987988 ], [ -0.3674679, 46.2986177 ], [ -0.3676252, 46.2980651 ], [ -0.3676634, 46.2979232 ], [ -0.3677491, 46.2976168 ], [ -0.367818, 46.297383 ], [ -0.3678473, 46.2973372 ], [ -0.3678822, 46.29731 ], [ -0.3679207, 46.2972648 ], [ -0.3679335, 46.2972211 ], [ -0.3679257, 46.2971777 ], [ -0.3679241, 46.2971385 ], [ -0.3679865, 46.2970268 ], [ -0.3680605, 46.296915 ], [ -0.3681716, 46.296783 ], [ -0.3683075, 46.2966509 ], [ -0.3684809, 46.2965128 ], [ -0.3685767, 46.2964454 ], [ -0.3686872, 46.2963771 ], [ -0.3689033, 46.2962757 ], [ -0.3690116, 46.2962307 ], [ -0.3691199, 46.2961896 ], [ -0.3692945, 46.2961252 ], [ -0.3694635, 46.2960832 ], [ -0.3696406, 46.2960469 ], [ -0.3701306, 46.2960019 ], [ -0.3702816, 46.2959931 ], [ -0.3704104, 46.2960135 ], [ -0.3704064, 46.296046 ], [ -0.3705959, 46.2960931 ], [ -0.3706075, 46.2961775 ], [ -0.3706199, 46.2961766 ], [ -0.3707029, 46.2961704 ], [ -0.3707269, 46.2961692 ], [ -0.3707255, 46.2961229 ], [ -0.3707416, 46.2961219 ], [ -0.3707512, 46.2961213 ], [ -0.3708892, 46.2961127 ], [ -0.3712686, 46.2959936 ], [ -0.3712338, 46.2959441 ], [ -0.3719538, 46.2957403 ], [ -0.3720837, 46.2956259 ], [ -0.3749419, 46.2963389 ], [ -0.3744605, 46.2965491 ], [ -0.3737444, 46.2968104 ], [ -0.373275, 46.2969624 ], [ -0.3734235, 46.2970702 ] ] ] } },
{ "type": "Feature", "properties": { "Aire": "RRN C", "NomUsuel": "PORTES LES VALENCE OUEST", "Nature": "S", "GVO": "ASF", "Surface": 45104.34319, "Réseau": "C", "Axe": "A7", "id_aire": "A000967" }, "geometry": { "type": "Polygon", "coordinates": [ [ [ 4.8639945, 44.8678356 ], [ 4.8641517, 44.8679144 ], [ 4.8642739, 44.8679634 ], [ 4.8644302, 44.8681069 ], [ 4.8645944, 44.8684893 ], [ 4.8648604, 44.8682576 ], [ 4.865028, 44.8682852 ], [ 4.8650879, 44.8677612 ], [ 4.8661499, 44.8633716 ], [ 4.8660818, 44.863302 ], [ 4.8658144, 44.8630542 ], [ 4.865191, 44.8640962 ], [ 4.8651136, 44.8642749 ], [ 4.865036, 44.8644543 ], [ 4.8643757, 44.8646554 ], [ 4.8644063, 44.8655781 ], [ 4.8643747, 44.865811 ], [ 4.8641665, 44.8673453 ], [ 4.8641871, 44.8675436 ], [ 4.8639945, 44.8678356 ] ] ] } },
{ "type": "Feature", "properties": { "Aire": "RRN C", "NomUsuel": "PORTES LES VALENCE EST", "Nature": "S", "GVO": "ASF", "Surface": 59457.61228, "Réseau": "C", "Axe": "A7", "id_aire": "A000968" }, "geometry": { "type": "Polygon", "coordinates": [ [ [ 4.8653879, 44.868806 ], [ 4.8655417, 44.8688679 ], [ 4.865626, 44.868767 ], [ 4.8659216, 44.8684677 ], [ 4.8661966, 44.868511 ], [ 4.8663829, 44.8685605 ], [ 4.8676155, 44.8666593 ], [ 4.8676533, 44.866486 ], [ 4.8679208, 44.8652924 ], [ 4.8666788, 44.8634318 ], [ 4.8665893, 44.8635682 ], [ 4.8665325, 44.8640837 ], [ 4.8664117, 44.864183 ], [ 4.8663469, 44.8642577 ], [ 4.866186, 44.8652343 ], [ 4.8655, 44.8679901 ], [ 4.8655581, 44.8680263 ], [ 4.8656222, 44.8680592 ], [ 4.8655684, 44.8681747 ], [ 4.8654869, 44.8684511 ], [ 4.8653879, 44.868806 ] ] ] } },
{ "type": "Feature", "properties": { "Aire": "RRN C", "NomUsuel": "Aire de Bidart Ouest", "Nature": "S", "GVO": "ASF", "Surface": 41143.80617, "Réseau": "C", "Axe": "A63", "id_aire": "A000969" }, "geometry": { "type": "Polygon", "coordinates": [ [ [ -1.5975304, 43.4236164 ], [ -1.5981567, 43.4235258 ], [ -1.5987575, 43.423481 ], [ -1.5987414, 43.4233368 ], [ -1.5984035, 43.4233699 ], [ -1.5974271, 43.4235355 ], [ -1.5971817, 43.4234878 ], [ -1.5969926, 43.423345 ], [ -1.5974881, 43.4229852 ], [ -1.5981959, 43.4224223 ], [ -1.5983056, 43.4223734 ], [ -1.599207, 43.4215211 ], [ -1.5993704, 43.4216021 ], [ -1.5996655, 43.4218553 ], [ -1.59988, 43.422128 ], [ -1.5997352, 43.4228722 ], [ -1.5996333, 43.4231216 ], [ -1.5995313, 43.4232618 ], [ -1.5997566, 43.424045 ], [ -1.5983136, 43.4245242 ], [ -1.5975304, 43.4236164 ] ] ] } },
{ "type": "Feature", "properties": { "Aire": "RRN C", "NomUsuel": "Aire de Bidart Est", "Nature": "S", "GVO": "ASF", "Surface": 27349.68214, "Réseau": "C", "Axe": "A63", "id_aire": "A000970" }, "geometry": { "type": "Polygon", "coordinates": [ [ [ -1.5959184, 43.4233475 ], [ -1.5958889, 43.4227163 ], [ -1.595972, 43.4225118 ], [ -1.5963396, 43.422132 ], [ -1.5964133, 43.4219108 ], [ -1.5971683, 43.4214773 ], [ -1.5972716, 43.4214433 ], [ -1.597234, 43.4212075 ], [ -1.5985389, 43.4212397 ], [ -1.5988407, 43.4213887 ], [ -1.5980664, 43.4220893 ], [ -1.5979339, 43.4221565 ], [ -1.5977737, 43.4222952 ], [ -1.5972623, 43.4227159 ], [ -1.5966245, 43.423206 ], [ -1.5962537, 43.4234531 ], [ -1.5960726, 43.4234829 ], [ -1.5959184, 43.4233475 ] ] ] } },
{ "type": "Feature", "properties": { "Aire": "RRN C", "NomUsuel": "Dole", "Nature": "P", "GVO": "APRR", "Surface": 4924.63381, "Réseau": "C", "Axe": "A36", "id_aire": "A000971" }, "geometry": { "type": "Polygon", "coordinates": [ [ [ 5.5016156, 47.1340925 ], [ 5.5015466, 47.1343197 ], [ 5.501717, 47.1345924 ], [ 5.5021657, 47.1347804 ], [ 5.5023192, 47.1347887 ], [ 5.5024691, 47.1347719 ], [ 5.5025692, 47.1347396 ], [ 5.5026226, 47.1346688 ], [ 5.5025764, 47.1345814 ], [ 5.5024143, 47.1343932 ], [ 5.5021709, 47.1341491 ], [ 5.5017847, 47.1337616 ], [ 5.5016959, 47.1338638 ], [ 5.5016156, 47.1340925 ] ] ] } },
{ "type": "Feature", "properties": { "Aire": "RRN C", "NomUsuel": "Boulay Sortie", "Nature": "P", "GVO": "SANEF", "Surface": 1173.97447, "Réseau": "C", "Axe": "A4", "id_aire": "A000972" }, "geometry": { "type": "Polygon", "coordinates": [ [ [ 6.4672358, 49.1392337 ], [ 6.4673586, 49.1392389 ], [ 6.4673618, 49.139217 ], [ 6.4673741, 49.1392058 ], [ 6.4673937, 49.1392035 ], [ 6.4674735, 49.1392035 ], [ 6.4674878, 49.1390264 ], [ 6.4675134, 49.1390271 ], [ 6.4674862, 49.1393329 ], [ 6.4677207, 49.1393402 ], [ 6.467749, 49.1389801 ], [ 6.4672597, 49.1389645 ], [ 6.4672358, 49.1392337 ] ] ] } },
{ "type": "Feature", "properties": { "Aire": "RRN C", "NomUsuel": "Dijon - Arc-sur-Tille", "Nature": "P", "GVO": "APRR", "Surface": 12556.26429, "Réseau": "C", "Axe": "A31", "id_aire": "A000973" }, "geometry": { "type": "Polygon", "coordinates": [ [ [ 5.158885742129478, 47.344708831602333 ], [ 5.157884879307378, 47.344631486201742 ], [ 5.157794590979086, 47.34462008026307 ], [ 5.157694860519239, 47.344613210788843 ], [ 5.157450606024837, 47.344602484208252 ], [ 5.157305994379055, 47.344596448073446 ], [ 5.157076402794851, 47.344631240146171 ], [ 5.156934331264901, 47.344688392646695 ], [ 5.156859581524836, 47.344744294811264 ], [ 5.156764230188797, 47.344846371260907 ], [ 5.156711342476862, 47.344967284177336 ], [ 5.156724726048041, 47.345060799768873 ], [ 5.156739423431442, 47.345186999367954 ], [ 5.156920211824079, 47.345294850768724 ], [ 5.157311711140062, 47.34537698277822 ], [ 5.157572822992623, 47.34548770237248 ], [ 5.157870514889086, 47.34563045021121 ], [ 5.158079020579157, 47.345709437615859 ], [ 5.158183674919413, 47.345679145765047 ], [ 5.158286852553725, 47.345452630736204 ], [ 5.158608264347383, 47.344988739759778 ], [ 5.158885742129478, 47.344708831602333 ] ] ] } },
{ "type": "Feature", "properties": { "Aire": "RRN C", "NomUsuel": "Myennes", "Nature": "P", "GVO": "APRR", "Surface": 5001.55359, "Réseau": "C", "Axe": "A77", "id_aire": "A000974" }, "geometry": { "type": "Polygon", "coordinates": [ [ [ 2.939602917289212, 47.435980695464472 ], [ 2.9395523281446, 47.436229362239693 ], [ 2.939343530610137, 47.436560844279512 ], [ 2.939213992844745, 47.436711943014757 ], [ 2.939285559251406, 47.43698017865961 ], [ 2.93960880702002, 47.437131513138205 ], [ 2.939996795228494, 47.43723411678873 ], [ 2.940248273184648, 47.437297638482782 ], [ 2.939602917289212, 47.435980695464472 ] ] ] } },
{ "type": "Feature", "properties": { "Aire": "RRN C", "NomUsuel": "Myennes", "Nature": "P", "GVO": "APRR", "Surface": 8438.25032, "Réseau": "C", "Axe": "A77", "id_aire": "A000975" }, "geometry": { "type": "Polygon", "coordinates": [ [ [ 2.941225142802057, 47.437824779649894 ], [ 2.942445209113922, 47.439458959404668 ], [ 2.942423987552922, 47.439141987660882 ], [ 2.942683202075712, 47.438703246112055 ], [ 2.942554217576733, 47.438342334201188 ], [ 2.942281443435683, 47.438025237833038 ], [ 2.941807251726104, 47.437873835469837 ], [ 2.941182089296343, 47.43776136560534 ], [ 2.941225142802057, 47.437824779649894 ] ] ] } },
{ "type": "Feature", "properties": { "Aire": "RRN C", "NomUsuel": "Saint Exupery", "Nature": "P", "GVO": "AREA", "Surface": 1954.0838, "Réseau": "C", "Axe": "A432", "id_aire": "A000976" }, "geometry": { "type": "Polygon", "coordinates": [ [ [ 5.051011916050347, 45.67259895144295 ], [ 5.050581027061781, 45.671865101684858 ], [ 5.050326562294521, 45.67194780859306 ], [ 5.050342369638929, 45.672186620449502 ], [ 5.050459440097375, 45.672340635516925 ], [ 5.050666211578697, 45.672473498652721 ], [ 5.050955548154011, 45.672580459751721 ], [ 5.051011916050347, 45.67259895144295 ] ] ] } },
{ "type": "Feature", "properties": { "Aire": "RRN C", "NomUsuel": "Bedun", "Nature": "P", "GVO": "APRR", "Surface": 6142.20569, "Réseau": "C", "Axe": "A714", "id_aire": "A000977" }, "geometry": { "type": "Polygon", "coordinates": [ [ [ 2.710818066970791, 46.396442649759969 ], [ 2.708496888769015, 46.395431903282329 ], [ 2.708538746324679, 46.395514933995628 ], [ 2.70881257843257, 46.395725381442574 ], [ 2.709072156688501, 46.395965059109827 ], [ 2.709253770886883, 46.396282583506306 ], [ 2.710077183019288, 46.396557838948489 ], [ 2.710818066970791, 46.396442649759969 ] ] ] } },
{ "type": "Feature", "properties": { "Aire": "RRN C", "NomUsuel": "Gannat Est", "Nature": "P", "GVO": "APRR", "Surface": 2186.35578, "Réseau": "C", "Axe": "A719", "id_aire": "A000978" }, "geometry": { "type": "Polygon", "coordinates": [ [ [ 3.136001319430242, 46.098385602166999 ], [ 3.136290949660121, 46.099248657223072 ], [ 3.136493970795055, 46.099116707811547 ], [ 3.136570447866001, 46.098853204902298 ], [ 3.136401337088141, 46.098521705607375 ], [ 3.136001319430242, 46.098385602166999 ] ] ] } },
{ "type": "Feature", "properties": { "Aire": "RRN C", "NomUsuel": "Gannat Ouest", "Nature": "P", "GVO": "APRR", "Surface": 2526.19986, "Réseau": "C", "Axe": "A719", "id_aire": "A000979" }, "geometry": { "type": "Polygon", "coordinates": [ [ [ 3.135335330496828, 46.097718898851809 ], [ 3.134912512862693, 46.09686087769019 ], [ 3.134751602520017, 46.09700740824703 ], [ 3.134653773125006, 46.097144107795089 ], [ 3.134661251221647, 46.097334340150475 ], [ 3.134837204000307, 46.097602420170858 ], [ 3.135335330496828, 46.097718898851809 ] ] ] } },
{ "type": "Feature", "properties": { "Aire": "RRN C", "NomUsuel": "Groissiat Est", "Nature": "P", "GVO": "APRR", "Surface": 2479.08378, "Réseau": "C", "Axe": "A404", "id_aire": "A000980" }, "geometry": { "type": "Polygon", "coordinates": [ [ [ 5.615456606978077, 46.224944602677574 ], [ 5.615528603639121, 46.224537856399266 ], [ 5.61505387920061, 46.224168085926429 ], [ 5.614792865666869, 46.224003266225139 ], [ 5.614523389322068, 46.223955775080491 ], [ 5.615456606978077, 46.224944602677574 ] ] ] } },
{ "type": "Feature", "properties": { "Aire": "RRN C", "NomUsuel": "Groissiat Ouest", "Nature": "P", "GVO": "APRR", "Surface": 2149.22484, "Réseau": "C", "Axe": "A404", "id_aire": "A000981" }, "geometry": { "type": "Polygon", "coordinates": [ [ [ 5.613573276340998, 46.223470060125315 ], [ 5.61283609067581, 46.222462072715558 ], [ 5.61277184723945, 46.222736862538504 ], [ 5.612893017591558, 46.223065959655131 ], [ 5.613222818298826, 46.22334633738086 ], [ 5.613444750045938, 46.223429088359396 ], [ 5.613573276340998, 46.223470060125315 ] ] ] } },
{ "type": "Feature", "properties": { "Aire": "RRN C", "NomUsuel": "Saint-Helene Barriere Sud", "Nature": "P", "GVO": "AREA", "Surface": 15919.99907, "Réseau": "C", "Axe": "A430", "id_aire": "A000982" }, "geometry": { "type": "Polygon", "coordinates": [ [ [ 6.312610382290827, 45.619924652710097 ], [ 6.313341012405361, 45.620391350703244 ], [ 6.3141260510286, 45.620836912130748 ], [ 6.314878360998558, 45.62120043541556 ], [ 6.315290296675511, 45.621456814951998 ], [ 6.315162424889984, 45.620947951179495 ], [ 6.315162253845113, 45.620596436330828 ], [ 6.314973741558005, 45.620352999918545 ], [ 6.314419701577731, 45.620047103274509 ], [ 6.313756585588124, 45.61977859369064 ], [ 6.313433605734345, 45.619729523543185 ], [ 6.312610382290827, 45.619924652710097 ] ] ] } },
{ "type": "Feature", "properties": { "Aire": "RRN C", "NomUsuel": "Saint-Helene Barriere Nord", "Nature": "P", "GVO": "AREA", "Surface": 7523.66267, "Réseau": "C", "Axe": "A430", "id_aire": "A000983" }, "geometry": { "type": "Polygon", "coordinates": [ [ [ 6.308644160128401, 45.618752508640824 ], [ 6.309176287960392, 45.619391067045633 ], [ 6.309386727387308, 45.619536222947644 ], [ 6.310548805930021, 45.620004887692801 ], [ 6.311330706712477, 45.619933045839666 ], [ 6.308644160128401, 45.618752508640824 ] ] ] } },
{ "type": "Feature", "properties": { "Aire": "RRN C", "NomUsuel": "Parking de l'Abbe Roland S1 (hors ATMB?)", "Nature": "R", "GVO": "ATMB", "Surface": 9780.38226, "Réseau": "C", "Axe": "N205", "id_aire": "A000984" }, "geometry": { "type": "Polygon", "coordinates": [ [ [ 6.778838359773073, 45.902629065524749 ], [ 6.778273549725109, 45.90306305361861 ], [ 6.777695478800531, 45.903609804161846 ], [ 6.777284897584648, 45.904150953713497 ], [ 6.777435470634575, 45.904204524149861 ], [ 6.778602965456334, 45.904092243259221 ], [ 6.778838359773073, 45.902629065524749 ] ] ] } },
{ "type": "Feature", "properties": { "Aire": "RRN C", "NomUsuel": "Parking de la Pyramide S2", "Nature": "R", "GVO": "ATMB", "Surface": 1998.23341, "Réseau": "C", "Axe": "N205", "id_aire": "A000985" }, "geometry": { "type": "Polygon", "coordinates": [ [ [ 6.773952419391272, 45.907319995937947 ], [ 6.774920020208886, 45.906535613518422 ], [ 6.774809015594477, 45.90654908807447 ], [ 6.774582363910993, 45.906610376882419 ], [ 6.774149997697339, 45.906732253947666 ], [ 6.774046337095277, 45.906852920999818 ], [ 6.773952419391272, 45.907319995937947 ] ] ] } },
{ "type": "Feature", "properties": { "Aire": "RRN C", "NomUsuel": "Parking de la Moranche S2", "Nature": "R", "GVO": "ATMB", "Surface": 1560.67214, "Réseau": "C", "Axe": "N205", "id_aire": "A000986" }, "geometry": { "type": "Polygon", "coordinates": [ [ [ 6.763099284315869, 45.919561581376591 ], [ 6.763203925530813, 45.918840218309533 ], [ 6.763346832774387, 45.918474079392382 ], [ 6.763117466564019, 45.918598919510835 ], [ 6.76291837532414, 45.91896204466164 ], [ 6.762974922209765, 45.919277592290186 ], [ 6.763099284315869, 45.919561581376591 ] ] ] } },
{ "type": "Feature", "properties": { "Aire": "RRN C", "NomUsuel": "Aire du Chatelard S1 et S2", "Nature": "S", "GVO": "ATMB", "Surface": 10512.59364, "Réseau": "C", "Axe": "N205", "id_aire": "A000987" }, "geometry": { "type": "Polygon", "coordinates": [ [ [ 6.754619370232939, 45.927302776151258 ], [ 6.754215408096807, 45.927125732838832 ], [ 6.753841702629784, 45.926981868211477 ], [ 6.75278474894629, 45.926772778977593 ], [ 6.751728114613581, 45.9267736601632 ], [ 6.751215427197113, 45.926746719250659 ], [ 6.75130220103259, 45.926787791833419 ], [ 6.751565189786501, 45.926847435177983 ], [ 6.751687196638027, 45.926994775501072 ], [ 6.751723093360082, 45.927110788472348 ], [ 6.75175799423763, 45.927212183972088 ], [ 6.751986738297981, 45.927282729713781 ], [ 6.752524694705554, 45.927372314245517 ], [ 6.75363254823879, 45.927301356516608 ], [ 6.754619370232939, 45.927302776151258 ] ] ] } },
{ "type": "Feature", "properties": { "Aire": "RRN C", "NomUsuel": "Parking des Gures S2", "Nature": "R", "GVO": "ATMB", "Surface": 1338.88006, "Réseau": "C", "Axe": "N205", "id_aire": "A000988" }, "geometry": { "type": "Polygon", "coordinates": [ [ [ 6.738332316897677, 45.931581475889885 ], [ 6.737791587349489, 45.931760505366725 ], [ 6.737619992349647, 45.931810128483058 ], [ 6.737498931114324, 45.93188249838034 ], [ 6.737446375561016, 45.931933070068183 ], [ 6.73739047532598, 45.932037470344191 ], [ 6.7373063124135, 45.932137921226854 ], [ 6.737362175838506, 45.932136074893485 ], [ 6.737560049907407, 45.932061166306887 ], [ 6.737757923438273, 45.931986257374312 ], [ 6.73791224503665, 45.93188837043148 ], [ 6.738202915424703, 45.931737141190155 ], [ 6.738332316897677, 45.931581475889885 ] ] ] } },
{ "type": "Feature", "properties": { "Aire": "RRN C", "NomUsuel": "Aire de repos du Memorial S2", "Nature": "R", "GVO": "ATMB", "Surface": 4463.42936, "Réseau": "C", "Axe": "N205", "id_aire": "A000989" }, "geometry": { "type": "Polygon", "coordinates": [ [ [ 6.860037857863526, 45.904896392832391 ], [ 6.860319490097477, 45.905321433987453 ], [ 6.860494349316419, 45.905520581945908 ], [ 6.860587317847266, 45.905649269598271 ], [ 6.860819675456336, 45.905670635234081 ], [ 6.860957207320332, 45.90563663395686 ], [ 6.861052181715529, 45.905594318752605 ], [ 6.861145106746346, 45.905522770506053 ], [ 6.861139300638866, 45.905439943778624 ], [ 6.861109483733136, 45.905313982896146 ], [ 6.860993528460924, 45.905156777976401 ], [ 6.860822766643707, 45.905016096726989 ], [ 6.86055600779297, 45.904903113601371 ], [ 6.860339318730866, 45.904905631476133 ], [ 6.860037857863526, 45.904896392832391 ] ] ] } },
{ "type": "Feature", "properties": { "Aire": "RRN C", "NomUsuel": "Parc ? Grumes S1", "Nature": "R", "GVO": "ATMB", "Surface": 3780.40327, "Réseau": "C", "Axe": "N205", "id_aire": "A000990" }, "geometry": { "type": "Polygon", "coordinates": [ [ [ 6.859613704429149, 45.907609464686885 ], [ 6.860332656029766, 45.907985384596984 ], [ 6.860500693831274, 45.908087089290298 ], [ 6.860603676662533, 45.908059152557293 ], [ 6.860775577288756, 45.907916533539513 ], [ 6.860759035479441, 45.90778035142062 ], [ 6.860619406101999, 45.907584884040261 ], [ 6.860529507676032, 45.907500045873391 ], [ 6.860204363016699, 45.907452545551799 ], [ 6.860007918859448, 45.907444603343336 ], [ 6.859771306223667, 45.907462451703559 ], [ 6.859722451252702, 45.907464120118995 ], [ 6.859613704429149, 45.907609464686885 ] ] ] } },
{ "type": "Feature", "properties": { "Aire": "RRN C", "NomUsuel": "Myennes 1", "Nature": "P", "GVO": "APRR", "Surface": 2606.89558, "Réseau": "C", "Axe": "A311", "id_aire": "A000991" }, "geometry": { "type": "Polygon", "coordinates": [ [ [ 5.033732227128739, 47.261463517166511 ], [ 5.033554105301856, 47.260354384553729 ], [ 5.033261487007392, 47.260764415906905 ], [ 5.033278824330886, 47.261222673655112 ], [ 5.033631416499364, 47.261450650123592 ], [ 5.033732227128739, 47.261463517166511 ] ] ] } },
{ "type": "Feature", "properties": { "Aire": "RRN C", "NomUsuel": "Myennes 2", "Nature": "P", "GVO": "APRR", "Surface": 4262.71241, "Réseau": "C", "Axe": "A311", "id_aire": "A000992" }, "geometry": { "type": "Polygon", "coordinates": [ [ [ 5.03459326954743, 47.263575359110128 ], [ 5.034906823557069, 47.263150322652464 ], [ 5.035161089342815, 47.262862918507039 ], [ 5.035071606463373, 47.262581546509352 ], [ 5.034901910824191, 47.262452809760909 ], [ 5.034685039768792, 47.262402953540047 ], [ 5.034527490021232, 47.26240571767984 ], [ 5.034412908376468, 47.262407727828915 ], [ 5.03459326954743, 47.263575359110128 ] ] ] } },
{ "type": "Feature", "properties": { "Aire": "RRN C", "NomUsuel": "Dijon-Sud 3", "Nature": "P", "GVO": "APRR", "Surface": 10685.52135, "Réseau": "C", "Axe": "A311", "id_aire": "A000993" }, "geometry": { "type": "Polygon", "coordinates": [ [ [ 5.034165520954897, 47.261172975149705 ], [ 5.034317709477472, 47.261975227763337 ], [ 5.034413020877817, 47.262032095545543 ], [ 5.034598697734416, 47.262204457449457 ], [ 5.034886996633507, 47.262248182179739 ], [ 5.03499349358925, 47.262221921842865 ], [ 5.035089690768869, 47.262112910767605 ], [ 5.035202940609759, 47.261886520710632 ], [ 5.035207293781915, 47.261623015146931 ], [ 5.035061223144558, 47.261171894987172 ], [ 5.034876987389824, 47.260848280612315 ], [ 5.034733136472529, 47.260455660870626 ], [ 5.034539602416368, 47.260454178195552 ], [ 5.034165520954897, 47.261172975149705 ] ] ] } },
{ "type": "Feature", "properties": { "Aire": "RRN C", "NomUsuel": "Bersaillin Ouest", "Nature": "P", "GVO": "APRR", "Surface": 7975.20368, "Réseau": "C", "Axe": "A391", "id_aire": "A000994" }, "geometry": { "type": "Polygon", "coordinates": [ [ [ 5.574464290157587, 46.849086490678197 ], [ 5.575163067898863, 46.848524295065211 ], [ 5.574932376014464, 46.84830985949791 ], [ 5.574713426294466, 46.848192760221707 ], [ 5.574276766427951, 46.84813421181714 ], [ 5.574106474060101, 46.848142902016569 ], [ 5.573898879373665, 46.848264665888919 ], [ 5.573709432546304, 46.848468982927997 ], [ 5.573735458266317, 46.848717279327722 ], [ 5.573902894742372, 46.848947772272965 ], [ 5.574076665249097, 46.849012204209117 ], [ 5.574163782370832, 46.849049294866916 ], [ 5.574464290157587, 46.849086490678197 ] ] ] } },
{ "type": "Feature", "properties": { "Aire": "RRN C", "NomUsuel": "Bourneville Principale Est", "Nature": "P", "GVO": "SAPN", "Surface": 7607.98417, "Réseau": "C", "Axe": "A131", "id_aire": "A000995" }, "geometry": { "type": "Polygon", "coordinates": [ [ [ 0.602857153855369, 49.386311641446582 ], [ 0.601563849488055, 49.38764510132291 ], [ 0.602441076960178, 49.387876836389808 ], [ 0.602638087761524, 49.387812543617599 ], [ 0.602720113518805, 49.387653415567144 ], [ 0.602787923295633, 49.38731863732616 ], [ 0.602857153855369, 49.386311641446582 ] ] ] } },
{ "type": "Feature", "properties": { "Aire": "RRN C", "NomUsuel": "Bersaillin Est", "Nature": "P", "GVO": "APRR", "Surface": 11216.72984, "Réseau": "C", "Axe": "A391", "id_aire": "A000996" }, "geometry": { "type": "Polygon", "coordinates": [ [ [ 5.574234412651699, 46.849688923820679 ], [ 5.573675170802197, 46.850194312163076 ], [ 5.573584110811591, 46.850523307058971 ], [ 5.573887870107319, 46.850628751387028 ], [ 5.574366487467445, 46.850671722960037 ], [ 5.574536555989094, 46.850658157596321 ], [ 5.574759760020169, 46.850565323346487 ], [ 5.575091782998998, 46.850367573737302 ], [ 5.575170245396406, 46.850073019202824 ], [ 5.575168773913755, 46.849892493112229 ], [ 5.574961861901198, 46.849579925824997 ], [ 5.574756190594547, 46.849443009479032 ], [ 5.574705294398544, 46.849419748604987 ], [ 5.57460419740088, 46.849387851150546 ], [ 5.574234412651699, 46.849688923820679 ] ] ] } },
{ "type": "Feature", "properties": { "Aire": "RRN C", "NomUsuel": "Park+ - Sortie 6 - Langres-Sud", "Nature": "S", "GVO": "APRR", "Surface": 63229.57961, "Réseau": "C", "Axe": "A31", "id_aire": "A000997" }, "geometry": { "type": "Polygon", "coordinates": [ [ [ 5.227032759355142, 47.795012313674327 ], [ 5.226787780652659, 47.795212065396747 ], [ 5.226742180540007, 47.79585186828411 ], [ 5.226604370708945, 47.796191026295602 ], [ 5.226424182503463, 47.796555376260692 ], [ 5.226413406374965, 47.796989667089242 ], [ 5.226941627429168, 47.797330798586678 ], [ 5.227268534925543, 47.79735872591889 ], [ 5.227829575108059, 47.797791899653028 ], [ 5.228201633448442, 47.7980335702063 ], [ 5.228507663777281, 47.798081400698017 ], [ 5.229106978604518, 47.798045612764007 ], [ 5.229270681339916, 47.797979092181414 ], [ 5.229443334238351, 47.797780711961089 ], [ 5.229574676145143, 47.797114889587888 ], [ 5.229559234092708, 47.796573794658535 ], [ 5.229528714171269, 47.79601835436987 ], [ 5.229457166975148, 47.795692931521678 ], [ 5.229442376639832, 47.795512749927951 ], [ 5.229446424518834, 47.795263926497654 ], [ 5.227032759355142, 47.795012313674327 ] ] ] } },
{ "type": "Feature", "properties": { "Aire": "RRN C", "NomUsuel": "Crimolois Sud", "Nature": "P", "GVO": "APRR", "Surface": 7550.6426, "Réseau": "C", "Axe": "A39", "id_aire": "A000998" }, "geometry": { "type": "Polygon", "coordinates": [ [ [ 5.13828369729832, 47.276503228336452 ], [ 5.140455369802759, 47.275955815273427 ], [ 5.14041780738451, 47.275912602249534 ], [ 5.140351010841964, 47.275855293263206 ], [ 5.140168443175638, 47.275770849569291 ], [ 5.139818994367692, 47.275635821194861 ], [ 5.13960469086858, 47.275654409765316 ], [ 5.13944149790969, 47.275696447551844 ], [ 5.138972241696035, 47.275792913990912 ], [ 5.138485569838288, 47.275992147203411 ], [ 5.13828369729832, 47.276503228336452 ] ] ] } },
{ "type": "Feature", "properties": { "Aire": "RRN C", "NomUsuel": "Crimolois Nord", "Nature": "P", "GVO": "APRR", "Surface": 7487.58277, "Réseau": "C", "Axe": "A39", "id_aire": "A000999" }, "geometry": { "type": "Polygon", "coordinates": [ [ [ 5.135461141941149, 47.277989489647631 ], [ 5.13615442888477, 47.278118199786277 ], [ 5.136621394119582, 47.278143748780074 ], [ 5.137232969250699, 47.278020278074948 ], [ 5.137476892480886, 47.27784503781178 ], [ 5.137605428039356, 47.277652409577151 ], [ 5.137678015558893, 47.277494961398894 ], [ 5.137700073049147, 47.277328687463495 ], [ 5.137699103203479, 47.277304313063958 ], [ 5.137683419248767, 47.277270452916476 ], [ 5.135461141941149, 47.277989489647631 ] ] ] } },
{ "type": "Feature", "properties": { "Aire": "RRN C", "NomUsuel": "Fontaine", "Nature": "P", "GVO": "APRR", "Surface": 5312.59704, "Réseau": "C", "Axe": "A36", "id_aire": "A001000" }, "geometry": { "type": "Polygon", "coordinates": [ [ [ 6.984251539818059, 47.676454265502812 ], [ 6.986085267292683, 47.677099594853061 ], [ 6.986078710126522, 47.677011943096659 ], [ 6.986060282548666, 47.676958870184421 ], [ 6.985888468955389, 47.6766913422071 ], [ 6.985769752817336, 47.67655381560494 ], [ 6.98562612868925, 47.676373200965408 ], [ 6.985338377373251, 47.676295142755798 ], [ 6.984884867437877, 47.676320377786439 ], [ 6.984251539818059, 47.676454265502812 ] ] ] } },
{ "type": "Feature", "properties": { "Aire": "RRN C", "NomUsuel": "Zutkerque", "Nature": "R", "GVO": "SANEF", "Surface": 18403.92897, "Réseau": "C", "Axe": "A26", "id_aire": "A001001" }, "geometry": { "type": "Polygon", "coordinates": [ [ [ 2.03001267604871, 50.84854108986999 ], [ 2.034622790914222, 50.846355757470768 ], [ 2.034553615999401, 50.846360082187381 ], [ 2.034130045538306, 50.846429705353749 ], [ 2.03364375316469, 50.84656688368451 ], [ 2.032988686172733, 50.846697891439185 ], [ 2.032611917412742, 50.846728990857677 ], [ 2.032130228321765, 50.84662804999234 ], [ 2.031831252017663, 50.846606288705132 ], [ 2.031399246682875, 50.846714718613349 ], [ 2.03121535915941, 50.847092384629129 ], [ 2.031007593542888, 50.847513606269594 ], [ 2.030515627212951, 50.847942338849947 ], [ 2.03001267604871, 50.84854108986999 ] ] ] } },
{ "type": "Feature", "properties": { "Aire": "RRN C", "NomUsuel": "Aire des Sources de l'Orne sens 1", "Nature": "R", "GVO": "ALIS", "Surface": 22076.30037, "Réseau": "C", "Axe": "A28", "id_aire": "A001002" }, "geometry": { "type": "Polygon", "coordinates": [ [ [ 0.21256528418551, 48.643015897313155 ], [ 0.216679883565472, 48.647266102904311 ], [ 0.21622975295827, 48.646046444989636 ], [ 0.216041101508259, 48.645720248631605 ], [ 0.21563770306355, 48.645281769548554 ], [ 0.21549522204902, 48.644917646712372 ], [ 0.21443602076853, 48.644083535091603 ], [ 0.21256528418551, 48.643015897313155 ] ] ] } },
{ "type": "Feature", "properties": { "Aire": "RRN C", "NomUsuel": "Nortkerque", "Nature": "R", "GVO": "SANEF", "Surface": 17759.00201, "Réseau": "C", "Axe": "A26", "id_aire": "A001003" }, "geometry": { "type": "Polygon", "coordinates": [ [ [ 2.02068480063095, 50.862577528989448 ], [ 2.021284964398, 50.862125391570657 ], [ 2.02188870547017, 50.86188226243771 ], [ 2.02223916154069, 50.861632285463877 ], [ 2.022462225525968, 50.861220926641117 ], [ 2.022614379156541, 50.8609013532745 ], [ 2.022626618944929, 50.860668165083041 ], [ 2.02251553822706, 50.860458311063645 ], [ 2.022175360734511, 50.860183480260034 ], [ 2.021924942217889, 50.860030854421154 ], [ 2.021795942218933, 50.85995208152584 ], [ 2.021658503839132, 50.85991212304927 ], [ 2.021282772931628, 50.861061016867502 ], [ 2.02068480063095, 50.862577528989448 ] ] ] } },
{ "type": "Feature", "properties": { "Aire": "RRN C", "NomUsuel": "Aire de la Mayenne", "Nature": "S", "GVO": "COFIROUTE", "Surface": 47780.70117, "Réseau": "C", "Axe": "A81", "id_aire": "A001004" }, "geometry": { "type": "Polygon", "coordinates": [ [ [ -0.693174440375919, 48.095426837646862 ], [ -0.693237837057605, 48.095256747470643 ], [ -0.693247161011539, 48.094941263134295 ], [ -0.693362791482613, 48.094710699104958 ], [ -0.693651931225628, 48.094449478471802 ], [ -0.693905749387506, 48.094311239099667 ], [ -0.694162789873327, 48.094219126270907 ], [ -0.694468440376143, 48.094104475293243 ], [ -0.694698577755566, 48.094076243576438 ], [ -0.695168818470922, 48.094162353399057 ], [ -0.695536752702517, 48.094310507322348 ], [ -0.695898620208499, 48.09455130700853 ], [ -0.696180390866523, 48.094723175530163 ], [ -0.696682423234229, 48.094904940965044 ], [ -0.69723512282168, 48.095093519071263 ], [ -0.69751426073243, 48.095227644081 ], [ -0.697845431795185, 48.095477806877135 ], [ -0.697779116124493, 48.095605965906465 ], [ -0.697646682811298, 48.095685769684096 ], [ -0.69745820491381, 48.095771535181612 ], [ -0.697275399509983, 48.095848717161559 ], [ -0.697132305520686, 48.095865816430674 ], [ -0.696896781769551, 48.095906829420379 ], [ -0.696687469722464, 48.095963829552709 ], [ -0.696453411444422, 48.096025808462031 ], [ -0.696217593222018, 48.096062626728241 ], [ -0.695954976324544, 48.096075070025336 ], [ -0.695706931185383, 48.096116473471284 ], [ -0.695373697385042, 48.096105915744332 ], [ -0.695122341309471, 48.09592048347875 ], [ -0.693174440375919, 48.095426837646862 ] ] ] } },
{ "type": "Feature", "properties": { "Aire": "RRN C", "NomUsuel": "Aire de la Bruche", "Nature": "S", "GVO": "ARCOS", "Surface": 80605.00952000001, "Réseau": "C", "Axe": "A0355", "id_aire": "A001005" }, "geometry": { "type": "Polygon", "coordinates": [ [ [ 7.578778333821416, 48.540170965618906 ], [ 7.581690239385393, 48.540527255856617 ], [ 7.582562109256007, 48.539184499296752 ], [ 7.584590496524683, 48.539420219200274 ], [ 7.584578619702098, 48.538952097929133 ], [ 7.58460737005915, 48.538781912985378 ], [ 7.5844778864965, 48.538632327889616 ], [ 7.584356496327451, 48.538492091718027 ], [ 7.584163872189586, 48.538369096975977 ], [ 7.583759739072808, 48.538239772717638 ], [ 7.581816985689228, 48.537735047622554 ], [ 7.581323999217792, 48.537754064477546 ], [ 7.580723436317347, 48.537873842494271 ], [ 7.580376522533507, 48.538065957809273 ], [ 7.579877686289056, 48.538350882925549 ], [ 7.57939956430061, 48.538789589487024 ], [ 7.578926621258546, 48.539537258664474 ], [ 7.578778333821416, 48.540170965618906 ] ] ] } },
{ "type": "Feature", "properties": { "Aire": "RRN C", "NomUsuel": "Aire de Loisy", "Nature": "S", "GVO": "SANEF", "Surface": 18783.55029, "Réseau": "NC", "Axe": "A31", "id_aire": "A001006" }, "geometry": { "type": "Polygon", "coordinates": [ [ [ 6.090812, 48.8598403 ], [ 6.0915572, 48.8618766 ], [ 6.0917523, 48.8620025 ], [ 6.0918484, 48.8619556 ], [ 6.0919917, 48.8618421 ], [ 6.0920159, 48.8617975 ], [ 6.092676, 48.8611278 ], [ 6.0924717, 48.8605544 ], [ 6.0923955, 48.8603403 ], [ 6.0923496, 48.8602926 ], [ 6.0922577, 48.8602353 ], [ 6.09204, 48.8601398 ], [ 6.0916193, 48.8599744 ], [ 6.0911768, 48.8597898 ], [ 6.0909932, 48.8598048 ], [ 6.090812, 48.8598403 ] ] ] } },
{ "type": "Feature", "properties": { "Aire": "RRN C", "NomUsuel": "Aire de l'Obrion", "Nature": "S", "GVO": "SANEF", "Surface": 17729.01569, "Réseau": "NC", "Axe": "A31", "id_aire": "A001007" }, "geometry": { "type": "Polygon", "coordinates": [ [ [ 6.0895521, 48.8573688 ], [ 6.0892229, 48.8560485 ], [ 6.0890472, 48.8547082 ], [ 6.0889938, 48.8547102 ], [ 6.0889524, 48.8550428 ], [ 6.0888867, 48.855154 ], [ 6.0888129, 48.8552255 ], [ 6.0886936, 48.8553005 ], [ 6.0885233, 48.8553596 ], [ 6.0879077, 48.8555458 ], [ 6.0878132, 48.8555978 ], [ 6.0877669, 48.855657 ], [ 6.0877414, 48.855743 ], [ 6.0878836, 48.8564935 ], [ 6.0879667, 48.8565649 ], [ 6.0880807, 48.8566108 ], [ 6.0888492, 48.8567732 ], [ 6.0889457, 48.8568129 ], [ 6.0890108, 48.856857 ], [ 6.0890671, 48.8569302 ], [ 6.0893087, 48.857394 ], [ 6.0895521, 48.8573688 ] ] ] } },
{ "type": "Feature", "properties": { "Aire": "RRN C", "NomUsuel": "AIRE DE SAINT-ELOI", "Nature": "S", "GVO": "SANEF", "Surface": 47722.635, "Réseau": "NC", "Axe": "A25", "id_aire": "A001008" }, "geometry": { "type": "Polygon", "coordinates": [ [ [ 2.5796425, 50.8315187 ], [ 2.5812661, 50.8297303 ], [ 2.5817428, 50.8292325 ], [ 2.5839113, 50.8268208 ], [ 2.5838712, 50.8265418 ], [ 2.5831574, 50.8271504 ], [ 2.5829512, 50.8272566 ], [ 2.5827527, 50.8273074 ], [ 2.5822216, 50.8273854 ], [ 2.581939, 50.8274593 ], [ 2.5817404, 50.8276537 ], [ 2.5811484, 50.8282359 ], [ 2.5804559, 50.8289877 ], [ 2.5798986, 50.8293529 ], [ 2.5789934, 50.8302471 ], [ 2.5793633, 50.8312279 ], [ 2.5796425, 50.8315187 ] ] ] } },
{ "type": "Feature", "properties": { "Aire": "RRN C", "NomUsuel": "AIRE DE SAINT-LAURENT", "Nature": "S", "GVO": "SANEF", "Surface": 50024.51537, "Réseau": "NC", "Axe": "A25", "id_aire": "A001009" }, "geometry": { "type": "Polygon", "coordinates": [ [ [ 2.5815843, 50.830121 ], [ 2.583167, 50.8292724 ], [ 2.5836889, 50.8291326 ], [ 2.5840914, 50.8285554 ], [ 2.5851363, 50.827762 ], [ 2.5852616, 50.8276139 ], [ 2.5860885, 50.82691 ], [ 2.5867173, 50.8261902 ], [ 2.5865168, 50.8258303 ], [ 2.5864222, 50.8256109 ], [ 2.5864086, 50.8252455 ], [ 2.5864304, 50.8251032 ], [ 2.5863039, 50.8251032 ], [ 2.5862637, 50.8249981 ], [ 2.5859985, 50.8249913 ], [ 2.5858146, 50.8252181 ], [ 2.5815112, 50.8300521 ], [ 2.5815843, 50.830121 ] ] ] } },
{ "type": "Feature", "properties": { "Aire": "RRN C", "NomUsuel": "AIRE DE LA SENTINELLE (Sud)", "Nature": "S", "GVO": "SANEF", "Surface": 32203.05433, "Réseau": "NC", "Axe": "A2", "id_aire": "A001010" }, "geometry": { "type": "Polygon", "coordinates": [ [ [ 3.466165, 50.3397259 ], [ 3.4672066, 50.339855 ], [ 3.4678494, 50.3399347 ], [ 3.4704244, 50.3402189 ], [ 3.471846, 50.3403491 ], [ 3.4721303, 50.3402549 ], [ 3.4717414, 50.3400084 ], [ 3.471382, 50.3397277 ], [ 3.4710467, 50.3394298 ], [ 3.4707141, 50.3390446 ], [ 3.4704968, 50.339036 ], [ 3.4699899, 50.3392021 ], [ 3.4692227, 50.3390753 ], [ 3.4684664, 50.3392569 ], [ 3.4676564, 50.3393956 ], [ 3.4669402, 50.3394846 ], [ 3.4661624, 50.3395342 ], [ 3.4661633, 50.3396394 ], [ 3.466165, 50.3397259 ] ] ] } },
{ "type": "Feature", "properties": { "Aire": "RRN C", "NomUsuel": "AIRE DE LA SENTINELLE (Nord)", "Nature": "S", "GVO": "SANEF", "Surface": 29403.22389, "Réseau": "NC", "Axe": "A2", "id_aire": "A001011" }, "geometry": { "type": "Polygon", "coordinates": [ [ [ 3.4647552, 50.3399424 ], [ 3.4647598, 50.339993 ], [ 3.464749, 50.3400495 ], [ 3.4647435, 50.3400786 ], [ 3.4649637, 50.3402081 ], [ 3.4654221, 50.3406401 ], [ 3.4656367, 50.340813 ], [ 3.4660444, 50.3409671 ], [ 3.4660724, 50.3409903 ], [ 3.4662853, 50.341167 ], [ 3.4664809, 50.3412237 ], [ 3.4666544, 50.3412866 ], [ 3.4669375, 50.3413129 ], [ 3.467243, 50.3413176 ], [ 3.4676484, 50.3412495 ], [ 3.4677853, 50.341189 ], [ 3.4689492, 50.3410578 ], [ 3.4691718, 50.3409688 ], [ 3.4696197, 50.3407839 ], [ 3.4699553, 50.3407097 ], [ 3.4699949, 50.3405526 ], [ 3.4674737, 50.3402975 ], [ 3.4647552, 50.3399424 ] ] ] } },
{ "type": "Feature", "properties": { "Aire": "RRN C", "NomUsuel": "Aire de S?r?zin", "Nature": "S", "GVO": "ASF", "Surface": 30671.38834, "Réseau": "NC", "Axe": "A7", "id_aire": "A001012" }, "geometry": { "type": "Polygon", "coordinates": [ [ [ 4.8183726, 45.6299882 ], [ 4.8180325, 45.629868 ], [ 4.8180239, 45.6300229 ], [ 4.8195662, 45.6324594 ], [ 4.8201723, 45.6333727 ], [ 4.8202985, 45.6333282 ], [ 4.8203547, 45.6332489 ], [ 4.8211031, 45.6325062 ], [ 4.8208012, 45.6321773 ], [ 4.8206538, 45.6320167 ], [ 4.8199149, 45.6311858 ], [ 4.8193972, 45.6306437 ], [ 4.8190324, 45.630278 ], [ 4.8183726, 45.6299882 ] ] ] } },
{ "type": "Feature", "properties": { "Aire": "RRN C", "NomUsuel": "AIRE DE PHALEMPIN - Est", "Nature": "S", "GVO": "SANEF", "Surface": 39992.96376, "Réseau": "NC", "Axe": "A1", "id_aire": "A001013" }, "geometry": { "type": "Polygon", "coordinates": [ [ [ 3.0477297, 50.5323473 ], [ 3.0475634, 50.5317438 ], [ 3.0477082, 50.5313346 ], [ 3.0479014, 50.5307617 ], [ 3.0476385, 50.5302673 ], [ 3.046925, 50.5292204 ], [ 3.0463671, 50.5285281 ], [ 3.0453747, 50.5283508 ], [ 3.0449617, 50.5281973 ], [ 3.0446764, 50.5283362 ], [ 3.0474669, 50.5323362 ], [ 3.0477297, 50.5323473 ] ] ] } },
{ "type": "Feature", "properties": { "Aire": "RRN C", "NomUsuel": "Aire de Saint-R?my", "Nature": "S", "GVO": "SANEF", "Surface": 21332.92316, "Réseau": "NC", "Axe": "A31", "id_aire": "A001014" }, "geometry": { "type": "Polygon", "coordinates": [ [ [ 6.1769584, 49.1811178 ], [ 6.1775967, 49.1787508 ], [ 6.177536, 49.1786934 ], [ 6.1774948, 49.1786544 ], [ 6.1774465, 49.1784142 ], [ 6.1767974, 49.1786789 ], [ 6.17643, 49.1788385 ], [ 6.1762342, 49.1790314 ], [ 6.1761696, 49.1791849 ], [ 6.1759398, 49.1800376 ], [ 6.1759262, 49.1801348 ], [ 6.1759871, 49.1802541 ], [ 6.176489, 49.1807067 ], [ 6.1767223, 49.1810599 ], [ 6.176812, 49.1810819 ], [ 6.1769584, 49.1811178 ] ] ] } },
{ "type": "Feature", "properties": { "Aire": "RRN C", "NomUsuel": "Aire de la Maxe", "Nature": "S", "GVO": "SANEF", "Surface": 18883.58369, "Réseau": "NC", "Axe": "A31", "id_aire": "A001015" }, "geometry": { "type": "Polygon", "coordinates": [ [ [ 6.1844552, 49.1488487 ], [ 6.1839803, 49.1510547 ], [ 6.184039, 49.1510744 ], [ 6.1848322, 49.1513394 ], [ 6.1849192, 49.1513259 ], [ 6.1850399, 49.1512557 ], [ 6.1851284, 49.1511539 ], [ 6.1852491, 49.1507066 ], [ 6.1853154, 49.1502977 ], [ 6.185373, 49.1502131 ], [ 6.1854096, 49.1501594 ], [ 6.1854327, 49.1498729 ], [ 6.1853416, 49.1497399 ], [ 6.1848324, 49.1490798 ], [ 6.1847046, 49.1488417 ], [ 6.1845983, 49.1488447 ], [ 6.1844552, 49.1488487 ] ] ] } },
{ "type": "Feature", "properties": { "Aire": "RRN C", "NomUsuel": "la Courneuve Ouest", "Nature": "S", "GVO": "SANEF", "Surface": 9329.76693, "Réseau": "NC", "Axe": "A1", "id_aire": "A001016" }, "geometry": { "type": "Polygon", "coordinates": [ [ [ 2.392628, 48.9342917 ], [ 2.3926884, 48.9344208 ], [ 2.3929253, 48.9348296 ], [ 2.3946912, 48.9349085 ], [ 2.3951702, 48.9345555 ], [ 2.395318, 48.9344395 ], [ 2.3940503, 48.9343698 ], [ 2.392628, 48.9342917 ] ] ] } },
{ "type": "Feature", "properties": { "Aire": "RRN C", "NomUsuel": "Aire des Chabauds", "Nature": "S", "GVO": "ASF", "Surface": 14254.65686, "Réseau": "NC", "Axe": "A51", "id_aire": "A001017" }, "geometry": { "type": "Polygon", "coordinates": [ [ [ 5.3943813, 43.4323532 ], [ 5.394271, 43.4324122 ], [ 5.394609, 43.4327521 ], [ 5.395183, 43.4336228 ], [ 5.3954566, 43.4341185 ], [ 5.3956684, 43.4346025 ], [ 5.3958254, 43.4345801 ], [ 5.3958924, 43.4344496 ], [ 5.39617, 43.4340561 ], [ 5.3961915, 43.4339587 ], [ 5.396174, 43.4338487 ], [ 5.3959764, 43.4334957 ], [ 5.3954391, 43.4326956 ], [ 5.3952849, 43.4326489 ], [ 5.3949778, 43.4325603 ], [ 5.3947404, 43.4324541 ], [ 5.3943813, 43.4323532 ] ] ] } },
{ "type": "Feature", "properties": { "Aire": "RRN C", "NomUsuel": "Aire de la Champouse", "Nature": "S", "GVO": "ASF", "Surface": 20184.16864, "Réseau": "NC", "Axe": "A51", "id_aire": "A001018" }, "geometry": { "type": "Polygon", "coordinates": [ [ [ 5.3959917, 43.4394881 ], [ 5.3958441, 43.4394754 ], [ 5.3956778, 43.4398776 ], [ 5.3955118, 43.4401177 ], [ 5.3953293, 43.4402747 ], [ 5.3950793, 43.4404366 ], [ 5.3949238, 43.4405495 ], [ 5.394863, 43.440682 ], [ 5.3947954, 43.4417665 ], [ 5.394863, 43.44185 ], [ 5.3953158, 43.4421248 ], [ 5.3955732, 43.4423198 ], [ 5.3957194, 43.4425223 ], [ 5.3958629, 43.4424892 ], [ 5.3959917, 43.4394881 ] ] ] } },
{ "type": "Feature", "properties": { "Aire": "RRN C", "NomUsuel": "AIRE DE PHALEMPIN - Ouest", "Nature": "S", "GVO": "SANEF", "Surface": 42186.08492, "Réseau": "NC", "Axe": "A1", "id_aire": "A001019" }, "geometry": { "type": "Polygon", "coordinates": [ [ [ 3.047495, 50.5331316 ], [ 3.0446827, 50.5290422 ], [ 3.0444495, 50.5291056 ], [ 3.0445808, 50.5295034 ], [ 3.044554, 50.5298649 ], [ 3.0442643, 50.5308572 ], [ 3.0448597, 50.5317779 ], [ 3.0455196, 50.5326747 ], [ 3.0458522, 50.5330565 ], [ 3.0472523, 50.533227 ], [ 3.047495, 50.5331316 ] ] ] } },
{ "type": "Feature", "properties": { "Aire": "RRN C", "NomUsuel": "la Courneuve Est", "Nature": "S", "GVO": "SANEF", "Surface": 7154.30608, "Réseau": "NC", "Axe": "A1", "id_aire": "A001020" }, "geometry": { "type": "Polygon", "coordinates": [ [ [ 2.390438, 48.933936 ], [ 2.3914446, 48.9339637 ], [ 2.3931769, 48.9340171 ], [ 2.3931769, 48.933863 ], [ 2.3931366, 48.9336965 ], [ 2.3926739, 48.9337361 ], [ 2.3924366, 48.9335634 ], [ 2.3923467, 48.9335405 ], [ 2.3903892, 48.9337554 ], [ 2.390438, 48.933936 ] ] ] } },
{ "type": "Feature", "properties": { "Aire": "RRN C", "NomUsuel": "Lisses", "Nature": "S", "GVO": "APRR", "Surface": 44850.67026, "Réseau": "C", "Axe": "A6", "id_aire": "A001021" }, "geometry": { "type": "Polygon", "coordinates": [ [ [ 2.4424865, 48.5926541 ], [ 2.4423297, 48.5927574 ], [ 2.4421834, 48.5929024 ], [ 2.4415022, 48.5939367 ], [ 2.4413654, 48.5942187 ], [ 2.4412793, 48.5944921 ], [ 2.4412418, 48.5947116 ], [ 2.4412661, 48.5967573 ], [ 2.4420923, 48.5956698 ], [ 2.4442809, 48.5924838 ], [ 2.4440315, 48.5923347 ], [ 2.4424865, 48.5926541 ] ] ] } },
{ "type": "Feature", "properties": { "Aire": "RRN C", "NomUsuel": "Villab?", "Nature": "S", "GVO": "APRR", "Surface": 35867.32609, "Réseau": "C", "Axe": "A6", "id_aire": "A001022" }, "geometry": { "type": "Polygon", "coordinates": [ [ [ 2.4428889, 48.5968619 ], [ 2.44412, 48.5953434 ], [ 2.4452224, 48.5938391 ], [ 2.4449408, 48.5937628 ], [ 2.4445707, 48.5936493 ], [ 2.444332, 48.593502 ], [ 2.4442461, 48.5931987 ], [ 2.4415344, 48.5972628 ], [ 2.4428889, 48.5968619 ] ] ] } },
{ "type": "Feature", "properties": { "Aire": "RRN C", "NomUsuel": "Aire de Toul-Dommartin", "Nature": "S", "GVO": "APRR", "Surface": 84864.53663, "Réseau": "C", "Axe": "A31", "id_aire": "A001023" }, "geometry": { "type": "Polygon", "coordinates": [ [ [ 5.9066481, 48.6585485 ], [ 5.9064338, 48.6584461 ], [ 5.9064221, 48.6584438 ], [ 5.9064153, 48.6584481 ], [ 5.9063496, 48.6584875 ], [ 5.9065047, 48.6586062 ], [ 5.9066566, 48.6587423 ], [ 5.9068269, 48.6589407 ], [ 5.9068717, 48.6589985 ], [ 5.9060438, 48.6598515 ], [ 5.9060294, 48.6599681 ], [ 5.9063055, 48.6603925 ], [ 5.9064488, 48.6605148 ], [ 5.9073746, 48.6612203 ], [ 5.9077437, 48.6614698 ], [ 5.9082974, 48.6618758 ], [ 5.9090068, 48.6623293 ], [ 5.9097865, 48.6628218 ], [ 5.9098871, 48.6628441 ], [ 5.9103067, 48.6629078 ], [ 5.9103581, 48.6629297 ], [ 5.9105417, 48.6629647 ], [ 5.9113741, 48.6630741 ], [ 5.9114877, 48.6630966 ], [ 5.9116179, 48.6631534 ], [ 5.9119194, 48.6630813 ], [ 5.9118919, 48.6630429 ], [ 5.9116057, 48.6626434 ], [ 5.9113218, 48.662259 ], [ 5.9109653, 48.6618161 ], [ 5.9107222, 48.6615408 ], [ 5.9105333, 48.6613431 ], [ 5.9101934, 48.6609868 ], [ 5.910073, 48.6608792 ], [ 5.9098018, 48.660637 ], [ 5.9094521, 48.6603393 ], [ 5.9090757, 48.660041 ], [ 5.9090211, 48.6599977 ], [ 5.9086976, 48.6597661 ], [ 5.9084329, 48.6595854 ], [ 5.9080181, 48.6593218 ], [ 5.9074797, 48.6589993 ], [ 5.9071302, 48.6588036 ], [ 5.9066481, 48.6585485 ] ] ] } },
{ "type": "Feature", "properties": { "Aire": "RRN C", "NomUsuel": "Aire de Latitude 45", "Nature": "S", "GVO": "ASF", "Surface": 84445.86153, "Réseau": "C", "Axe": "A7", "id_aire": "A001024" }, "geometry": { "type": "Polygon", "coordinates": [ [ [ 4.875948350486147, 45.018138416851478 ], [ 4.87555099055556, 45.020821011891435 ], [ 4.875274604838141, 45.023386381177936 ], [ 4.875194788836836, 45.025106682662198 ], [ 4.875297652371668, 45.02519355596818 ], [ 4.875498337356195, 45.025216756958713 ], [ 4.875848301106976, 45.024847575588879 ], [ 4.876256837438857, 45.024362218011305 ], [ 4.876257453869077, 45.024007783402382 ], [ 4.876392457746879, 45.023562477652035 ], [ 4.876941302481695, 45.023163358415196 ], [ 4.877212464205821, 45.022680313382843 ], [ 4.877521732697037, 45.020725764978508 ], [ 4.877439422372218, 45.01976134796017 ], [ 4.876936736506378, 45.019300213730723 ], [ 4.876223010869313, 45.0185059323613 ], [ 4.875948350486147, 45.018138416851478 ] ] ] } },
{ "type": "Feature", "properties": { "Aire": "RRN C", "NomUsuel": "Aire du Bourbonnais", "Nature": "S", "GVO": "ALIAE", "Surface": 87319.47137, "Réseau": "C", "Axe": "A79", "id_aire": "A001025" }, "geometry": { "type": "Polygon", "coordinates": [ [ [ 3.363116926993706, 46.495809423714036 ], [ 3.360494920586572, 46.495029279995208 ], [ 3.360239019512226, 46.495127534290617 ], [ 3.360228006325209, 46.495402194419334 ], [ 3.360118585989391, 46.496315004147732 ], [ 3.360176917545288, 46.497377886305756 ], [ 3.360155006545169, 46.497944923721938 ], [ 3.36013280255563, 46.498467667601126 ], [ 3.360262604764792, 46.498697589580679 ], [ 3.360596838418218, 46.498802842575664 ], [ 3.360905358425629, 46.498899316879502 ], [ 3.361740539790843, 46.499100431968166 ], [ 3.362561073108796, 46.499026962129811 ], [ 3.363227371236645, 46.498909682042587 ], [ 3.363239373221029, 46.498785619581788 ], [ 3.363094193704209, 46.498174817864083 ], [ 3.363001626155186, 46.49775874431127 ], [ 3.362935835839079, 46.497510904443203 ], [ 3.362832388046328, 46.497387208395743 ], [ 3.36279296166539, 46.497245591369968 ], [ 3.362824146924514, 46.497112609167516 ], [ 3.362867806031756, 46.496926434064704 ], [ 3.363116926993706, 46.495809423714036 ] ] ] } },
{ "type": "Feature", "properties": { "Aire": "RRN C", "NomUsuel": "Aire du Loiret", "Nature": "S", "GVO": "ARCOUR", "Surface": 209105.5878, "Réseau": "C", "Axe": "A19", "id_aire": "A001026" }, "geometry": { "type": "Polygon", "coordinates": [ [ [ 2.468943168746693, 48.08453294474576 ], [ 2.469070193886461, 48.084735020128988 ], [ 2.47510161755728, 48.085533777349625 ], [ 2.476546792047144, 48.085653661469813 ], [ 2.477338273474942, 48.08552480894479 ], [ 2.477495166486979, 48.085355320508924 ], [ 2.478018268764322, 48.08525363721624 ], [ 2.480383023347065, 48.082976054793065 ], [ 2.473837142074671, 48.082852462284194 ], [ 2.47284919484566, 48.082876411032629 ], [ 2.471762668958315, 48.082881000261217 ], [ 2.467473472004373, 48.083203246371944 ], [ 2.468365465583043, 48.084304018344142 ], [ 2.468943168746693, 48.08453294474576 ] ] ] } },
{ "type": "Feature", "properties": { "Aire": "RRN C", "NomUsuel": "Saint Arnoult Ouest", "Nature": "P", "GVO": "COFIROUTE", "Surface": 29078.26207, "Réseau": "C", "Axe": "A10", "id_aire": "A001027" }, "geometry": { "type": "Polygon", "coordinates": [ [ [ 1.936020773852427, 48.556075572397226 ], [ 1.934415843145559, 48.555478193392247 ], [ 1.933086496338088, 48.55504058517468 ], [ 1.932254582118497, 48.554820274099626 ], [ 1.931187437629531, 48.554514556011455 ], [ 1.930354973311456, 48.554321988963018 ], [ 1.930271313860875, 48.55500604460061 ], [ 1.931597807377251, 48.555582471197745 ], [ 1.935532576118074, 48.55608971252866 ], [ 1.936020773852427, 48.556075572397226 ] ] ] } },
{ "type": "Feature", "properties": { "Aire": "RRN C", "NomUsuel": "Aire de Paisy", "Nature": "S", "GVO": "APRR", "Surface": 22886.24378, "Réseau": "NC", "Axe": "M6", "id_aire": "A001028" }, "geometry": { "type": "Polygon", "coordinates": [ [ [ 4.768624137407924, 45.810224825541177 ], [ 4.768828564525769, 45.810111239862643 ], [ 4.770365778482391, 45.809720873590329 ], [ 4.770712389114832, 45.808671816920743 ], [ 4.769458040815123, 45.807813438661498 ], [ 4.768624137407924, 45.810224825541177 ] ] ] } },
{ "type": "Feature", "properties": { "Aire": "RRN C", "NomUsuel": "Aire de RÃ©gulation de Passy - Le Fayet", "Nature": "S", "GVO": "ATMB", "Surface": 40231.50143, "Réseau": "C", "Axe": "N205", "id_aire": "A001029" }, "geometry": { "type": "Polygon", "coordinates": [ [ [ 6.7175053, 45.9138793 ], [ 6.717641, 45.9139301 ], [ 6.7182645, 45.9141717 ], [ 6.7187277, 45.9143354 ], [ 6.7192053, 45.9144955 ], [ 6.7195927, 45.9146228 ], [ 6.7202025, 45.9148205 ], [ 6.7206211, 45.9149644 ], [ 6.7208869, 45.9150669 ], [ 6.7212088, 45.9152066 ], [ 6.721501, 45.9153417 ], [ 6.7217817, 45.9154921 ], [ 6.722076, 45.9156718 ], [ 6.7223342, 45.9158431 ], [ 6.7226401, 45.9160661 ], [ 6.7228818, 45.9163102 ], [ 6.7231104, 45.9162364 ], [ 6.7228583, 45.915693 ], [ 6.7225549, 45.915083 ], [ 6.7222516, 45.9144754 ], [ 6.7220082, 45.9143316 ], [ 6.7215949, 45.9141901 ], [ 6.7211015, 45.9140533 ], [ 6.7203014, 45.9140254 ], [ 6.7196214, 45.9138724 ], [ 6.7186313, 45.9134804 ], [ 6.7181116, 45.9136088 ], [ 6.717578, 45.9137406 ], [ 6.7175681, 45.913762 ], [ 6.7175281, 45.9138364 ], [ 6.7175053, 45.9138793 ] ] ] } },
{ "type": "Feature", "properties": { "Aire": "RRN C", "NomUsuel": "Chateauvillain - Orges", "Nature": "S", "GVO": "APRR", "Surface": 126432.6819, "Réseau": "C", "Axe": "A5", "id_aire": "A001030" }, "geometry": { "type": "Polygon", "coordinates": [ [ [ 4.9617078, 48.0548733 ], [ 4.961431, 48.0547024 ], [ 4.9594991, 48.0557057 ], [ 4.9572373, 48.0569095 ], [ 4.9548559, 48.0582733 ], [ 4.9550073, 48.0582986 ], [ 4.9551527, 48.0583229 ], [ 4.9557638, 48.0582159 ], [ 4.9563306, 48.0582035 ], [ 4.9568165, 48.0582775 ], [ 4.9575609, 48.0585206 ], [ 4.9584869, 48.0587962 ], [ 4.9588519, 48.0589001 ], [ 4.9591898, 48.0589001 ], [ 4.9594804, 48.0588413 ], [ 4.9598738, 48.0586565 ], [ 4.960553, 48.0583295 ], [ 4.9606077, 48.058304 ], [ 4.9625265, 48.0574105 ], [ 4.9626606, 48.057245 ], [ 4.9627328, 48.0569418 ], [ 4.9626797, 48.0568097 ], [ 4.9625901, 48.0567301 ], [ 4.9618921, 48.0560718 ], [ 4.961677, 48.0558689 ], [ 4.9617572, 48.0556842 ], [ 4.9616638, 48.0554713 ], [ 4.961818, 48.0550455 ], [ 4.9617078, 48.0548733 ] ] ] } },
{ "type": "Feature", "properties": { "Aire": "RRN C", "NomUsuel": "VILLAGE CATALAN OUEST", "Nature": "S", "GVO": "ASF", "Surface": 105214.3936, "Réseau": "C", "Axe": "A9", "id_aire": "A001031" }, "geometry": { "type": "Polygon", "coordinates": [ [ [ 2.844974, 42.5803163 ], [ 2.8447649, 42.5796922 ], [ 2.843807, 42.5801994 ], [ 2.8435602, 42.5805413 ], [ 2.8434485, 42.5809568 ], [ 2.8435073, 42.5821124 ], [ 2.8430958, 42.5822984 ], [ 2.8429313, 42.5826403 ], [ 2.8428372, 42.5831553 ], [ 2.8430194, 42.5833717 ], [ 2.8431958, 42.5835448 ], [ 2.8427607, 42.5840105 ], [ 2.843501, 42.5844647 ], [ 2.8430194, 42.5849167 ], [ 2.8436954, 42.5855399 ], [ 2.8445241, 42.5851028 ], [ 2.8456592, 42.5842592 ], [ 2.845691, 42.5840629 ], [ 2.845408, 42.5839404 ], [ 2.8455019, 42.5837844 ], [ 2.8457205, 42.5838594 ], [ 2.8461634, 42.5836476 ], [ 2.8455314, 42.5819329 ], [ 2.8453356, 42.5813957 ], [ 2.844974, 42.5803163 ] ] ] } },
{ "type": "Feature", "properties": { "Aire": "RRN C", "NomUsuel": "Chermignac Est", "Nature": "R", "GVO": "ASF", "Surface": 16117.34068, "Réseau": "C", "Axe": "A10", "id_aire": "A001032" }, "geometry": { "type": "Polygon", "coordinates": [ [ [ -0.6512082, 45.703319 ], [ -0.6520229, 45.7054269 ], [ -0.6518197, 45.7054544 ], [ -0.6511009, 45.705121 ], [ -0.6505913, 45.7048138 ], [ -0.650549, 45.7047566 ], [ -0.6504196, 45.7045815 ], [ -0.6504357, 45.7042706 ], [ -0.6504881, 45.704086 ], [ -0.6505484, 45.7038734 ], [ -0.6507468, 45.7034539 ], [ -0.6512082, 45.703319 ] ] ] } },
{ "type": "Feature", "properties": { "Aire": "RRN C", "NomUsuel": "PECH MONTAT Flux 2", "Nature": "S", "GVO": "ASF", "Surface": 102433.2532, "Réseau": "C", "Axe": "A20", "id_aire": "A001033" }, "geometry": { "type": "Polygon", "coordinates": [ [ [ 1.525648012490904, 45.034601506232107 ], [ 1.526142763468153, 45.033684019183397 ], [ 1.527099856735808, 45.03170316099181 ], [ 1.527528262594733, 45.030553782571232 ], [ 1.528375939770525, 45.030436651455297 ], [ 1.529467088919646, 45.030237171036696 ], [ 1.530086328573461, 45.029629324621247 ], [ 1.529171386477126, 45.028633315692595 ], [ 1.529143145622795, 45.028904591741473 ], [ 1.527081490746423, 45.029649505247384 ], [ 1.525661817169957, 45.029776370913382 ], [ 1.525130049670713, 45.030065302490151 ], [ 1.524709845360793, 45.033570928222154 ], [ 1.525648012490904, 45.034601506232107 ] ] ] } },
{ "type": "Feature", "properties": { "Aire": "RRN C", "NomUsuel": "BOIS DE DOURRE Flux 1", "Nature": "S", "GVO": "ASF", "Surface": 67734.78018, "Réseau": "C", "Axe": "A20", "id_aire": "A001034" }, "geometry": { "type": "Polygon", "coordinates": [ [ [ 1.530660866241337, 44.23060052721393 ], [ 1.532593595606604, 44.229463139709857 ], [ 1.531623540025001, 44.229715321600288 ], [ 1.5298381, 44.2303925 ], [ 1.5295377, 44.2306731 ], [ 1.5287564, 44.2312379 ], [ 1.5282662, 44.23159 ], [ 1.528181, 44.2315828 ], [ 1.5279805, 44.2317013 ], [ 1.5274466, 44.2322869 ], [ 1.5270533, 44.2324842 ], [ 1.5267325, 44.2324698 ], [ 1.5264619, 44.2326889 ], [ 1.526084109484743, 44.232724750881481 ], [ 1.525427229146388, 44.236765693883591 ], [ 1.526640475266666, 44.235858225423421 ], [ 1.526469463965333, 44.234153209218185 ], [ 1.527876916666281, 44.233137768392858 ], [ 1.528561048927695, 44.232445572169496 ], [ 1.529506375911771, 44.231543039440766 ], [ 1.530393512393392, 44.230819338331635 ], [ 1.530660866241337, 44.23060052721393 ] ] ] } },
{ "type": "Feature", "properties": { "Aire": "RRN C", "NomUsuel": "Aire des Haras sens 1", "Nature": "R", "GVO": "ALIS", "Surface": 27604.03476, "Réseau": "C", "Axe": "A28", "id_aire": "A001035" }, "geometry": { "type": "Polygon", "coordinates": [ [ [ 0.3736645, 48.8515771 ], [ 0.373480267993305, 48.85121119952835 ], [ 0.373073259694995, 48.85042232503767 ], [ 0.37176884153584, 48.848567473613834 ], [ 0.371296914065018, 48.848843828793179 ], [ 0.3711694, 48.8491304 ], [ 0.3710917, 48.8493686 ], [ 0.3711292, 48.8496175 ], [ 0.3712714, 48.8498417 ], [ 0.3721109, 48.8510718 ], [ 0.3722209, 48.8512272 ], [ 0.3727332, 48.8513242 ], [ 0.3728324, 48.8514743 ], [ 0.3736645, 48.8515771 ] ] ] } },
{ "type": "Feature", "properties": { "Aire": "RRN C", "NomUsuel": "Le Poulet de Bresse Est", "Nature": "R", "GVO": "APRR", "Surface": 83632.19659000001, "Réseau": "C", "Axe": "A39", "id_aire": "A001036" }, "geometry": { "type": "Polygon", "coordinates": [ [ [ 5.3165687, 46.4944392 ], [ 5.3162107, 46.4943138 ], [ 5.3156604, 46.4942033 ], [ 5.3153953, 46.4942027 ], [ 5.3144033, 46.4942463 ], [ 5.3142505, 46.494253 ], [ 5.3140944, 46.4942599 ], [ 5.314545, 46.4953808 ], [ 5.3144565, 46.4954195 ], [ 5.3143814, 46.4954731 ], [ 5.3143144, 46.4955672 ], [ 5.3143168, 46.4956135 ], [ 5.3143224, 46.4957187 ], [ 5.3143412, 46.4957981 ], [ 5.3144377, 46.4958848 ], [ 5.3145987, 46.4959679 ], [ 5.3144485, 46.496448 ], [ 5.3145987, 46.4964554 ], [ 5.3149635, 46.4962486 ], [ 5.3153872, 46.4971958 ], [ 5.3157091, 46.4980045 ], [ 5.3164574, 46.4977368 ], [ 5.316605, 46.4978328 ], [ 5.3167323, 46.4977804 ], [ 5.317363, 46.4973986 ], [ 5.3177358, 46.4969113 ], [ 5.3178495, 46.4966862 ], [ 5.3179273, 46.4963261 ], [ 5.3179246, 46.4959882 ], [ 5.317841, 46.4955997 ], [ 5.3176957, 46.495273 ], [ 5.3175297, 46.4950575 ], [ 5.3172939, 46.4948389 ], [ 5.3169359, 46.4946198 ], [ 5.3165687, 46.4944392 ] ] ] } },
{ "type": "Feature", "properties": { "Aire": "RRN C", "NomUsuel": "Le Jura Ouest", "Nature": "R", "GVO": "APRR", "Surface": 48635.41121, "Réseau": "C", "Axe": "A39", "id_aire": "A001037" }, "geometry": { "type": "Polygon", "coordinates": [ [ [ 5.5204368, 46.7771034 ], [ 5.5186798, 46.7752528 ], [ 5.518527, 46.7753564 ], [ 5.5181839, 46.7754286 ], [ 5.5170988, 46.775266 ], [ 5.5166213, 46.7759603 ], [ 5.51714460729405, 46.776492427347421 ], [ 5.5176459, 46.777158 ], [ 5.5185203, 46.7774923 ], [ 5.5186947, 46.7775378 ], [ 5.5188207, 46.7775837 ], [ 5.5192848, 46.7777931 ], [ 5.5195329, 46.7777646 ], [ 5.5197716, 46.7776526 ], [ 5.520013, 46.7775479 ], [ 5.5203053, 46.7774909 ], [ 5.5205092, 46.7774964 ], [ 5.5205011, 46.7772191 ], [ 5.5204368, 46.7771034 ] ] ] } },
{ "type": "Feature", "properties": { "Aire": "RRN C", "NomUsuel": "Aire du Pas d'Ouillier", "Nature": "R", "GVO": "ESCOTA", "Surface": 32457.97901, "Réseau": "C", "Axe": "A50", "id_aire": "A001038" }, "geometry": { "type": "Polygon", "coordinates": [ [ [ 5.590982, 43.2380218 ], [ 5.5905617, 43.237457 ], [ 5.590034, 43.2367153 ], [ 5.5895156, 43.2361267 ], [ 5.5882522, 43.2371594 ], [ 5.5878811, 43.2377496 ], [ 5.588194, 43.237981 ], [ 5.5882967, 43.238134 ], [ 5.5884041, 43.2382497 ], [ 5.5885816, 43.2383314 ], [ 5.5887404, 43.2383484 ], [ 5.5889599, 43.2383212 ], [ 5.5892634, 43.2382327 ], [ 5.5899032, 43.2379878 ], [ 5.5902068, 43.2379231 ], [ 5.590585, 43.2379367 ], [ 5.590982, 43.2380218 ] ] ] } },
{ "type": "Feature", "properties": { "Aire": "RRN C", "NomUsuel": "AUBIGNOSC OUEST", "Nature": "S", "GVO": "ESCOTA", "Surface": 31246.93921, "Réseau": "C", "Axe": "A51", "id_aire": "A001039" }, "geometry": { "type": "Polygon", "coordinates": [ [ [ 5.9774168, 44.1348307 ], [ 5.978035, 44.1343215 ], [ 5.9781933, 44.1341636 ], [ 5.9784722, 44.1339403 ], [ 5.9786922, 44.1337902 ], [ 5.979293, 44.1332617 ], [ 5.979475495011781, 44.133078773504252 ], [ 5.9797876, 44.1326807 ], [ 5.9797425, 44.1326346 ], [ 5.9794385, 44.1327696 ], [ 5.9792891, 44.1328195 ], [ 5.9791938, 44.1328047 ], [ 5.9791319, 44.1326198 ], [ 5.979021, 44.1323694 ], [ 5.978969, 44.1323112 ], [ 5.9788876, 44.1322752 ], [ 5.9787701, 44.1322506 ], [ 5.978608, 44.1322542 ], [ 5.9783602, 44.132294 ], [ 5.9781173, 44.132365 ], [ 5.9778948, 44.1324464 ], [ 5.9776612, 44.1325727 ], [ 5.9774886, 44.1326943 ], [ 5.9773355, 44.1328608 ], [ 5.9772263, 44.1330094 ], [ 5.9771546, 44.1331525 ], [ 5.9771236, 44.1332291 ], [ 5.977093, 44.1333863 ], [ 5.97709, 44.1336197 ], [ 5.9771369, 44.13381 ], [ 5.9772563, 44.1340144 ], [ 5.9773444, 44.13417 ], [ 5.9774096, 44.1343067 ], [ 5.9774022, 44.1344899 ], [ 5.9773685, 44.134638 ], [ 5.977295, 44.1347755 ], [ 5.9773587, 44.1348006 ], [ 5.9774168, 44.1348307 ] ] ] } },
{ "type": "Feature", "properties": { "Aire": "RRN C", "NomUsuel": "AGEN PORTE D'AQUITAINE SUD", "Nature": "R", "GVO": "ASF", "Surface": 48453.21017, "Réseau": "C", "Axe": "A62", "id_aire": "A001040" }, "geometry": { "type": "Polygon", "coordinates": [ [ [ 0.5039696, 44.1990542 ], [ 0.505319247936032, 44.198368368300549 ], [ 0.5062535, 44.1980167 ], [ 0.5072419, 44.1975677 ], [ 0.5066146, 44.1968441 ], [ 0.5048507, 44.1965033 ], [ 0.5044323, 44.1966206 ], [ 0.5041078, 44.1969129 ], [ 0.503684, 44.197861 ], [ 0.5033836, 44.1986398 ], [ 0.5039696, 44.1990542 ] ] ] } },
{ "type": "Feature", "properties": { "Aire": "RRN C", "NomUsuel": "ASF_A_456 Morlaas Nord", "Nature": "R", "GVO": "ASF", "Surface": 14350.57945, "Réseau": "C", "Axe": "A64", "id_aire": "A001041" }, "geometry": { "type": "Polygon", "coordinates": [ [ [ -0.2684623, 43.3143298 ], [ -0.2681512, 43.3143493 ], [ -0.2679956, 43.3146733 ], [ -0.2672231, 43.3145679 ], [ -0.2663434, 43.3144508 ], [ -0.2660698, 43.3143298 ], [ -0.2657586, 43.3139239 ], [ -0.265367, 43.3135648 ], [ -0.2685374, 43.3141737 ], [ -0.2684623, 43.3143298 ] ] ] } },
{ "type": "Feature", "properties": { "Aire": "RRN C", "NomUsuel": "ASF_A_460 lac Saint Martin", "Nature": "R", "GVO": "ASF", "Surface": 55273.35004, "Réseau": "C", "Axe": "A64", "id_aire": "A001042" }, "geometry": { "type": "Polygon", "coordinates": [ [ [ 0.353189421727795, 43.099343342733007 ], [ 0.3537284, 43.1005726 ], [ 0.3548871, 43.1014735 ], [ 0.3570651, 43.1001261 ], [ 0.3579757, 43.0996139 ], [ 0.358908378536206, 43.09952513552809 ], [ 0.357764222264747, 43.099414242246645 ], [ 0.356110078893886, 43.099332236936242 ], [ 0.354456570939983, 43.099236416134922 ], [ 0.353189421727795, 43.099343342733007 ] ] ] } },
{ "type": "Feature", "properties": { "Aire": "RRN C", "NomUsuel": "PIC DU MIDI SUD", "Nature": "S", "GVO": "ASF", "Surface": 89177.38719, "Réseau": "C", "Axe": "A64", "id_aire": "A001043" }, "geometry": { "type": "Polygon", "coordinates": [ [ [ 0.4700035, 43.1028913 ], [ 0.467513489399359, 43.105983780925051 ], [ 0.472169433408659, 43.104482888957286 ], [ 0.476201739066808, 43.103262563243234 ], [ 0.4700035, 43.1028913 ] ] ] } },
{ "type": "Feature", "properties": { "Aire": "RRN C", "NomUsuel": "Le Centre de la France (Bruere-Allichamps)", "Nature": "R", "GVO": "APRR", "Surface": 106559.0793, "Réseau": "C", "Axe": "A71", "id_aire": "A001044" }, "geometry": { "type": "Polygon", "coordinates": [ [ [ 2.4222144, 46.7503113 ], [ 2.4214232, 46.7499437 ], [ 2.419889, 46.7510611 ], [ 2.4185532, 46.7518808 ], [ 2.4178505, 46.7522263 ], [ 2.4155062, 46.7536045 ], [ 2.4146962, 46.7541448 ], [ 2.413677, 46.7549093 ], [ 2.4130976, 46.7553797 ], [ 2.4134717, 46.755545 ], [ 2.4147884, 46.7548284 ], [ 2.4159381, 46.7544848 ], [ 2.4161473, 46.7546759 ], [ 2.4169305, 46.7543414 ], [ 2.4189611, 46.753536 ], [ 2.4208219, 46.7524187 ], [ 2.4215101, 46.7519744 ], [ 2.4217752, 46.7508437 ], [ 2.4222144, 46.7503113 ] ] ] } },
{ "type": "Feature", "properties": { "Aire": "RRN C", "NomUsuel": "Les Volcans d'Auvergne Est", "Nature": "S", "GVO": "APRR", "Surface": 88754.80795, "Réseau": "C", "Axe": "A71", "id_aire": "A001045" }, "geometry": { "type": "Polygon", "coordinates": [ [ [ 3.112922693264996, 46.053327322883113 ], [ 3.115059313028303, 46.060860356965399 ], [ 3.1150301, 46.0600743 ], [ 3.114969, 46.0596471 ], [ 3.114946, 46.059426 ], [ 3.1150468, 46.0589696 ], [ 3.1155531, 46.0581723 ], [ 3.1155789, 46.0581193 ], [ 3.1155896, 46.058069 ], [ 3.1155775, 46.0579815 ], [ 3.115477, 46.0574669 ], [ 3.1155454, 46.0574799 ], [ 3.1156151, 46.0575106 ], [ 3.115717, 46.0575972 ], [ 3.1157787, 46.0576986 ], [ 3.115831, 46.057814 ], [ 3.1158659, 46.0579666 ], [ 3.115882, 46.0581202 ], [ 3.1158967, 46.058471 ], [ 3.1159115, 46.0585743 ], [ 3.1159812, 46.0586618 ], [ 3.1161046, 46.0587744 ], [ 3.1166906, 46.0590769 ], [ 3.1167698, 46.0591039 ], [ 3.1169173, 46.0591094 ], [ 3.1170394, 46.0590838 ], [ 3.1171849, 46.0590345 ], [ 3.1173384, 46.0589815 ], [ 3.1174484, 46.058961 ], [ 3.1175604, 46.058975 ], [ 3.1176703, 46.0590131 ], [ 3.117781, 46.0590485 ], [ 3.1179017, 46.0583984 ], [ 3.1178963, 46.0582803 ], [ 3.1178561, 46.0581425 ], [ 3.1178668, 46.0580876 ], [ 3.1179176, 46.0580966 ], [ 3.1179596, 46.0581035 ], [ 3.118481, 46.0581928 ], [ 3.1185333, 46.0580253 ], [ 3.1179942, 46.0579285 ], [ 3.1179392, 46.0579089 ], [ 3.1177696, 46.0577935 ], [ 3.1177602, 46.0577763 ], [ 3.1177602, 46.0577582 ], [ 3.1177635, 46.0577209 ], [ 3.1177609, 46.057693 ], [ 3.1177515, 46.0576614 ], [ 3.1177045, 46.0575846 ], [ 3.1176764, 46.057546 ], [ 3.117447, 46.0573533 ], [ 3.1173123, 46.0572542 ], [ 3.1171681, 46.0571798 ], [ 3.1170917, 46.0571486 ], [ 3.1170159, 46.0571309 ], [ 3.1169046, 46.0571221 ], [ 3.1167906, 46.0571318 ], [ 3.1164117, 46.0571868 ], [ 3.1163353, 46.0571933 ], [ 3.1162696, 46.0571886 ], [ 3.116008, 46.0571626 ], [ 3.1158257, 46.0571458 ], [ 3.1156781, 46.0571123 ], [ 3.115536, 46.0570425 ], [ 3.1154475, 46.0569681 ], [ 3.1154153, 46.0568973 ], [ 3.1153938, 46.0568219 ], [ 3.1151816, 46.0557851 ], [ 3.1150277, 46.0556298 ], [ 3.113956, 46.0545477 ], [ 3.1135418, 46.0539746 ], [ 3.1133774, 46.053233 ], [ 3.1130548, 46.0532801 ], [ 3.112922693264996, 46.053327322883113 ] ] ] } },
{ "type": "Feature", "properties": { "Aire": "RRN C", "NomUsuel": "Ecot Sud", "Nature": "S", "GVO": "APRR", "Surface": 81163.55841, "Réseau": "C", "Axe": "A36", "id_aire": "A001046" }, "geometry": { "type": "Polygon", "coordinates": [ [ [ 6.7269629, 47.4399622 ], [ 6.7275841, 47.4408944 ], [ 6.728704, 47.441725 ], [ 6.7297427, 47.4423617 ], [ 6.7304946, 47.4427093 ], [ 6.7314597, 47.4430942 ], [ 6.7327342, 47.4435609 ], [ 6.733014, 47.4436048 ], [ 6.7333715, 47.4437654 ], [ 6.733466, 47.4435762 ], [ 6.7337924, 47.4431408 ], [ 6.7338176, 47.4431292 ], [ 6.7339174, 47.4430833 ], [ 6.7339825, 47.4427492 ], [ 6.7338235, 47.4424901 ], [ 6.7333174, 47.4424642 ], [ 6.7319513, 47.4417857 ], [ 6.7287571, 47.4400264 ], [ 6.7284341, 47.4399484 ], [ 6.727681, 47.4400235 ], [ 6.727273, 47.4400414 ], [ 6.7269629, 47.4399622 ] ] ] } },
{ "type": "Feature", "properties": { "Aire": "RRN C", "NomUsuel": "Aire de Toul-Chaudeney", "Nature": "R", "GVO": "APRR", "Surface": 70424.19296, "Réseau": "C", "Axe": "A31", "id_aire": "A001047" }, "geometry": { "type": "Polygon", "coordinates": [ [ [ 5.9082116, 48.659122 ], [ 5.9087642, 48.6594877 ], [ 5.9094232, 48.6599614 ], [ 5.9098933, 48.6603414 ], [ 5.9102797, 48.6606817 ], [ 5.9107395, 48.661111 ], [ 5.9111764, 48.6615903 ], [ 5.9117727, 48.662352 ], [ 5.9118614, 48.6623564 ], [ 5.9119469, 48.6624906 ], [ 5.9124127, 48.6631373 ], [ 5.9126045, 48.6630847 ], [ 5.9122188, 48.6625091 ], [ 5.9120897, 48.6621896 ], [ 5.9123107, 48.6618153 ], [ 5.9124453, 48.6616542 ], [ 5.9128393, 48.6612726 ], [ 5.9118628, 48.6599677 ], [ 5.911562, 48.6595868 ], [ 5.9112018, 48.6592842 ], [ 5.910711, 48.6588732 ], [ 5.9103107, 48.6585478 ], [ 5.9090931, 48.6581615 ], [ 5.9090834, 48.6583644 ], [ 5.9082998, 48.6583779 ], [ 5.9081273, 48.6583782 ], [ 5.9080609, 48.6584024 ], [ 5.9079895, 48.6584363 ], [ 5.907903, 48.6585107 ], [ 5.9078808, 48.6585572 ], [ 5.9077722, 48.6585798 ], [ 5.9077038, 48.6585173 ], [ 5.907532, 48.6584455 ], [ 5.9067183, 48.6582098 ], [ 5.9066764, 48.6582728 ], [ 5.9069338, 48.6584006 ], [ 5.9074632, 48.6586818 ], [ 5.9082116, 48.659122 ] ] ] } },
{ "type": "Feature", "properties": { "Aire": "RRN C", "NomUsuel": "Aire de service des Houches S1 13VL\n", "Nature": "R", "GVO": "ATMB", "Surface": 8368.58146, "Réseau": "C", "Axe": "N205", "id_aire": "A001048" }, "geometry": { "type": "Polygon", "coordinates": [ [ [ 6.809332895372836, 45.897463330010808 ], [ 6.809906560826534, 45.897606574992388 ], [ 6.810548955043173, 45.897768892341475 ], [ 6.811090582303174, 45.897891819142792 ], [ 6.811575417405146, 45.897990987732705 ], [ 6.811965300850975, 45.898046293307871 ], [ 6.812599877663243, 45.898095481566706 ], [ 6.813039069624777, 45.898110612963201 ], [ 6.812786252631494, 45.897999343921448 ], [ 6.812683367518652, 45.897885155145843 ], [ 6.812540892232406, 45.897774441264268 ], [ 6.812040330297976, 45.89766938952345 ], [ 6.811668790156159, 45.897613465570103 ], [ 6.811071152596716, 45.897522380362282 ], [ 6.810803397279935, 45.897460814156588 ], [ 6.810490572406472, 45.897456388143631 ], [ 6.810187360762952, 45.897458054947613 ], [ 6.810021747184436, 45.897500006469414 ], [ 6.809332895372836, 45.897463330010808 ] ] ] } },
{ "type": "Feature", "properties": { "Aire": "RRN C", "NomUsuel": "Aire de repos de La Fontaine S1", "Nature": "R", "GVO": "ATMB", "Surface": 16335.63277, "Réseau": "C", "Axe": "N205", "id_aire": "A001049" }, "geometry": { "type": "Polygon", "coordinates": [ [ [ 6.772367443846951, 45.913353901644079 ], [ 6.771421593429555, 45.914052744426073 ], [ 6.770797757899652, 45.914402806705844 ], [ 6.770428450852168, 45.914520485580908 ], [ 6.770065417317205, 45.914637953968075 ], [ 6.769714033028469, 45.914741862645236 ], [ 6.769475599492369, 45.914842003790397 ], [ 6.769475040718369, 45.915017622576613 ], [ 6.76947210403081, 45.915250390706085 ], [ 6.769604781808545, 45.915259136407371 ], [ 6.770307855922449, 45.915055698644593 ], [ 6.770579163863287, 45.91497640921591 ], [ 6.771078151573716, 45.914823673789151 ], [ 6.771259806338613, 45.91472103341745 ], [ 6.771785065761813, 45.914492788084566 ], [ 6.772871695278991, 45.913920944090329 ], [ 6.772367443846951, 45.913353901644079 ] ] ] } },
{ "type": "Feature", "properties": { "Aire": "RRN C", "NomUsuel": "Cressange", "Nature": "R", "GVO": "ALIAE", "Surface": 18142.19692, "Réseau": "C", "Axe": "A79", "id_aire": "A001050" }, "geometry": { "type": "Polygon", "coordinates": [ [ [ 3.160836822916654, 46.44044147396113 ], [ 3.161535474489227, 46.440607973661415 ], [ 3.162951449567591, 46.440646483079384 ], [ 3.162881640842942, 46.439950526754515 ], [ 3.162372396473021, 46.439964758727733 ], [ 3.162348925364935, 46.439518163697862 ], [ 3.16095271935872, 46.439548053985504 ], [ 3.160545444683107, 46.43968819854387 ], [ 3.160622301881689, 46.440133818389867 ], [ 3.160836822916654, 46.44044147396113 ] ] ] } },
{ "type": "Feature", "properties": { "Aire": "RRN C", "NomUsuel": "Pierrefitte-sur-Loire", "Nature": "R", "GVO": "ALIAE", "Surface": 67287.47645, "Réseau": "C", "Axe": "A79", "id_aire": "A001051" }, "geometry": { "type": "Polygon", "coordinates": [ [ [ 3.777911192511179, 46.504982772570635 ], [ 3.779827930830532, 46.504320462050991 ], [ 3.784377276926, 46.502274942566338 ], [ 3.784274969264224, 46.502143271699687 ], [ 3.783416372655746, 46.502288733872952 ], [ 3.782761000051178, 46.502056392202476 ], [ 3.782441156648454, 46.501759617300749 ], [ 3.781853598804131, 46.501526806422206 ], [ 3.779213924900123, 46.50251195487391 ], [ 3.7789184931357, 46.504287939170858 ], [ 3.777797326299912, 46.504862881076647 ], [ 3.777911192511179, 46.504982772570635 ] ] ] } },
{ "type": "Feature", "properties": { "Aire": "RRN C", "NomUsuel": "Pierrefitte-sur-Loire Nord", "Nature": "R", "GVO": "ALIAE", "Surface": 57537.96307, "Réseau": "C", "Axe": "A79", "id_aire": "A001052" }, "geometry": { "type": "Polygon", "coordinates": [ [ [ 3.778776451284118, 46.504934560050614 ], [ 3.779420661743504, 46.504841022194022 ], [ 3.781895720078554, 46.505464376325314 ], [ 3.783834267975205, 46.504688387189091 ], [ 3.783799268278919, 46.503342389158391 ], [ 3.784071395935765, 46.502677760141275 ], [ 3.784534130664374, 46.50239093072129 ], [ 3.78435608132229, 46.502342625001567 ], [ 3.780098978595689, 46.504396956214059 ], [ 3.778726608215002, 46.504823238364871 ], [ 3.778776451284118, 46.504934560050614 ] ] ] } },
{ "type": "Feature", "properties": { "Aire": "RRN C", "NomUsuel": "GARONNE", "Nature": "S", "GVO": "ASF", "Surface": 87693.72179, "Réseau": "C", "Axe": "A62", "id_aire": "A001053" }, "geometry": { "type": "Polygon", "coordinates": [ [ [ 1.00462283070837, 44.040613173546824 ], [ 1.003583782701055, 44.041715088888886 ], [ 1.00325259245691, 44.042054519110913 ], [ 0.999970010562798, 44.043395664496984 ], [ 1.002832952360252, 44.042791546917464 ], [ 1.003749353310011, 44.042608659428765 ], [ 1.008646062054777, 44.041822669694412 ], [ 1.010131463249232, 44.041650081135437 ], [ 1.0089585, 44.0415395 ], [ 1.008570018198975, 44.040953768819726 ], [ 1.0081847, 44.0407075 ], [ 1.0079880880255, 44.040551644112043 ], [ 1.007623077284988, 44.040337716885922 ], [ 1.007543627108161, 44.040175050500395 ], [ 1.007137315959354, 44.040229069657514 ], [ 1.006311369464017, 44.040413632214587 ], [ 1.005884858219064, 44.040436570211462 ], [ 1.005585440313979, 44.040477177021302 ], [ 1.004946478514492, 44.040488562405656 ], [ 1.00462283070837, 44.040613173546824 ] ] ] } },
{ "type": "Feature", "properties": { "Aire": "RRN C", "NomUsuel": "Comminges", "Nature": "S", "GVO": "ASF", "Surface": 80049.66803, "Réseau": "C", "Axe": "A64", "id_aire": "A001054" }, "geometry": { "type": "Polygon", "coordinates": [ [ [ 0.620830974777403, 43.110678324127868 ], [ 0.620097658652531, 43.110452362144365 ], [ 0.619660995316418, 43.110409939873747 ], [ 0.619218131835739, 43.110518148494805 ], [ 0.618688613279413, 43.110775209881936 ], [ 0.618405030173627, 43.110926266800369 ], [ 0.618005275056753, 43.111291076699359 ], [ 0.617658304260478, 43.111460396064878 ], [ 0.617259315342468, 43.111589232739512 ], [ 0.616765771951692, 43.111624203526603 ], [ 0.61630798467119, 43.111659963126378 ], [ 0.615780033353922, 43.111661392102789 ], [ 0.614923493358283, 43.111603103452019 ], [ 0.614613864194682, 43.111517586266075 ], [ 0.614272802034245, 43.111326488640259 ], [ 0.613977248154855, 43.111116732063579 ], [ 0.613821997091711, 43.110759311994798 ], [ 0.613823055903865, 43.11051679237908 ], [ 0.613995035609798, 43.110251837223082 ], [ 0.614207925989739, 43.110079560798511 ], [ 0.614382628202524, 43.109965435362028 ], [ 0.614529432541222, 43.109876912840413 ], [ 0.614560571216416, 43.109772718881686 ], [ 0.614583041036996, 43.109661777783892 ], [ 0.614641266152472, 43.109551628315018 ], [ 0.614839541313294, 43.109516686650458 ], [ 0.615046485003127, 43.109488491723646 ], [ 0.615290534023936, 43.109428341654485 ], [ 0.615417837831324, 43.109378717641498 ], [ 0.614122203416997, 43.10890427978768 ], [ 0.612256678789762, 43.108364755787377 ], [ 0.609393313085633, 43.107508077729463 ], [ 0.610149306520686, 43.107832944957529 ], [ 0.610990366294156, 43.108264576485922 ], [ 0.611498529559451, 43.10852494143581 ], [ 0.611968238400425, 43.108850003739569 ], [ 0.61222017719378, 43.109248900443291 ], [ 0.612365393975319, 43.109632321176321 ], [ 0.612381666102115, 43.109888335236427 ], [ 0.612144133188485, 43.110223942473269 ], [ 0.612026319804386, 43.110476984955007 ], [ 0.612155839316177, 43.111023939007396 ], [ 0.612299151077105, 43.11123688222208 ], [ 0.612425667124235, 43.11142323217058 ], [ 0.612596339058749, 43.11162367085165 ], [ 0.612937667750466, 43.111808224591954 ], [ 0.613213431185866, 43.111847109855262 ], [ 0.613632762711573, 43.111876063844299 ], [ 0.614213810912234, 43.11188893152304 ], [ 0.614919738210928, 43.11191111572802 ], [ 0.615572570790204, 43.111919009867812 ], [ 0.616055288455359, 43.111929691471914 ], [ 0.616639576516357, 43.111863955120604 ], [ 0.617279117411865, 43.111760106244304 ], [ 0.617847951840289, 43.111635024747869 ], [ 0.618242046330788, 43.111407749546522 ], [ 0.618491493848798, 43.111216607169581 ], [ 0.618722252568686, 43.111044716859098 ], [ 0.61900664430402, 43.110874011347398 ], [ 0.619362816261357, 43.110698335989014 ], [ 0.619670517308524, 43.110613361523221 ], [ 0.620155380790844, 43.110571630767886 ], [ 0.620830974777403, 43.110678324127868 ] ] ] } },
{ "type": "Feature", "properties": { "Aire": "RRN C", "NomUsuel": "Hastingues Nord", "Nature": "S", "GVO": "ASF", "Surface": 32945.26758, "Réseau": "C", "Axe": "A64", "id_aire": "A001055" }, "geometry": { "type": "Polygon", "coordinates": [ [ [ -1.147714425427625, 43.527192489012954 ], [ -1.148733763009058, 43.527549251274529 ], [ -1.149305856984733, 43.527838691922071 ], [ -1.149474065094945, 43.528660717319966 ], [ -1.149806366521318, 43.528843242394764 ], [ -1.151239515300557, 43.529405771868142 ], [ -1.152330478242713, 43.529849467394648 ], [ -1.152762909097324, 43.530012319021878 ], [ -1.153102840338743, 43.530099559305853 ], [ -1.153321339990152, 43.530112297281065 ], [ -1.153803633014274, 43.52996190053917 ], [ -1.154014134730867, 43.529864129544514 ], [ -1.154393649429352, 43.529796820468675 ], [ -1.154653638799186, 43.529781581744906 ], [ -1.154981542391576, 43.529875867090595 ], [ -1.155969599706931, 43.530126913851099 ], [ -1.155228445985258, 43.530007567341151 ], [ -1.154510516427057, 43.529908433464463 ], [ -1.153862258010481, 43.530070468572504 ], [ -1.153470941284705, 43.530175165783653 ], [ -1.153130631918675, 43.530283184654415 ], [ -1.152858078380537, 43.530325285112689 ], [ -1.152298885229056, 43.530315040054354 ], [ -1.151888912045522, 43.53026214038583 ], [ -1.151388342741583, 43.530159939440431 ], [ -1.150842477134553, 43.530033086093717 ], [ -1.150383784941845, 43.529908170148474 ], [ -1.149781969976892, 43.529709577537567 ], [ -1.149443952778447, 43.529548378178511 ], [ -1.149113935917401, 43.529297165503856 ], [ -1.148981490885919, 43.528869533252802 ], [ -1.148880639777514, 43.528477629924602 ], [ -1.148796156415597, 43.528111484509935 ], [ -1.148694541311096, 43.527809316635022 ], [ -1.148414783197412, 43.527550902712939 ], [ -1.147714425427625, 43.527192489012954 ] ] ] } },
{ "type": "Feature", "properties": { "Aire": "RRN C", "NomUsuel": "PYRENNEES SUD", "Nature": "S", "GVO": "ASF", "Surface": 57656.31368, "Réseau": "C", "Axe": "A64", "id_aire": "A001056" }, "geometry": { "type": "Polygon", "coordinates": [ [ [ -0.081430968048776, 43.232813526945904 ], [ -0.078251239047143, 43.23104285599257 ], [ -0.075570298936573, 43.229746407189445 ], [ -0.074590181950332, 43.229318972583727 ], [ -0.074726857843271, 43.229267504298456 ], [ -0.075069270444634, 43.229414066441258 ], [ -0.075403728787894, 43.229411333346903 ], [ -0.075822311285955, 43.229243088214382 ], [ -0.076088425991475, 43.229004426479541 ], [ -0.076531950528631, 43.228781096421486 ], [ -0.07677745504403, 43.228678948475469 ], [ -0.077584377949481, 43.228995762865452 ], [ -0.078258125892811, 43.229255202139925 ], [ -0.078922008148496, 43.229678032839566 ], [ -0.079230247689813, 43.230403252668303 ], [ -0.079400826153599, 43.230812967886109 ], [ -0.079592503482066, 43.231269656034726 ], [ -0.079993545458319, 43.231730564649681 ], [ -0.081189768403299, 43.232461022456846 ], [ -0.081430968048776, 43.232813526945904 ] ] ] } },
{ "type": "Feature", "properties": { "Aire": "RRN C", "NomUsuel": "Pays de Brive Nord", "Nature": "S", "GVO": "ASF", "Surface": 68322.23139, "Réseau": "C", "Axe": "A89", "id_aire": "A001057" }, "geometry": { "type": "Polygon", "coordinates": [ [ [ 1.437527200353463, 45.161664332606023 ], [ 1.441363458510826, 45.162686123624951 ], [ 1.443602988412241, 45.163267945303822 ], [ 1.443210997669827, 45.163033740197406 ], [ 1.442973929933118, 45.162636791349321 ], [ 1.442904636499416, 45.161885777843878 ], [ 1.442767508196761, 45.161410430762672 ], [ 1.441920271896292, 45.161324132450801 ], [ 1.440515228717972, 45.160884267799545 ], [ 1.439716515879254, 45.160676282584937 ], [ 1.439248552612278, 45.160605904946777 ], [ 1.438815406651589, 45.160432644942503 ], [ 1.438439567645799, 45.160509321894374 ], [ 1.438119676633451, 45.160643305869833 ], [ 1.437527200353463, 45.161664332606023 ] ] ] } },
{ "type": "Feature", "properties": { "Aire": "RRN C", "NomUsuel": "Aire du Freney", "Nature": "S", "GVO": "SFTRF", "Surface": 34738.28736, "Réseau": "C", "Axe": "A43", "id_aire": "A001058" }, "geometry": { "type": "Polygon", "coordinates": [ [ [ 6.621449853044684, 45.196550135157743 ], [ 6.622930842262965, 45.197176559860175 ], [ 6.623376672385735, 45.197320790278887 ], [ 6.623823933567709, 45.197487014762693 ], [ 6.624063516650141, 45.197527728106415 ], [ 6.624319480065883, 45.197532641421574 ], [ 6.624551984175452, 45.197560358277485 ], [ 6.624801725682699, 45.197565472560662 ], [ 6.625048608753978, 45.197526594635562 ], [ 6.625487232740724, 45.197463853783631 ], [ 6.625406211241875, 45.197272513932546 ], [ 6.625281064252684, 45.197073790509677 ], [ 6.624931858946391, 45.196785358868041 ], [ 6.624783475605547, 45.196516854561096 ], [ 6.624712835137788, 45.196197332219811 ], [ 6.624882277637243, 45.195830336062947 ], [ 6.62485189314037, 45.195650576624246 ], [ 6.624174629481501, 45.195782783567331 ], [ 6.623482411161028, 45.195972781625976 ], [ 6.622799838046381, 45.196215363459785 ], [ 6.622127418076468, 45.19642234388764 ], [ 6.621449853044684, 45.196550135157743 ] ] ] } },
{ "type": "Feature", "properties": { "Aire": "RRN C", "NomUsuel": "Fresnes Ouest", "Nature": "P", "GVO": "SANEF", "Surface": 55933.31755, "Réseau": "C", "Axe": "A1", "id_aire": "A001059" }, "geometry": { "type": "Polygon", "coordinates": [ [ [ 2.909177236855719, 50.323089612342621 ], [ 2.908976561572859, 50.32316398385224 ], [ 2.908900963705134, 50.323091204242495 ], [ 2.908486325222854, 50.324381968041195 ], [ 2.910329921761238, 50.326295682747627 ], [ 2.910686586314279, 50.325255366580841 ], [ 2.911098352644534, 50.325569901679913 ], [ 2.91243057329175, 50.326444434563463 ], [ 2.913774331135476, 50.327160045988222 ], [ 2.914256321514181, 50.327436910358458 ], [ 2.914767483838238, 50.327883480649341 ], [ 2.91497635941925, 50.327942880831991 ], [ 2.915286519497985, 50.327821888707795 ], [ 2.909177236855719, 50.323089612342621 ] ] ] } },
{ "type": "Feature", "properties": { "Aire": "RRN C", "NomUsuel": "Fresnes Est", "Nature": "P", "GVO": "SANEF", "Surface": 11183.6601, "Réseau": "C", "Axe": "A1", "id_aire": "A001060" }, "geometry": { "type": "Polygon", "coordinates": [ [ [ 2.914313438411519, 50.326837206543786 ], [ 2.9145359469642, 50.327125561072386 ], [ 2.914954641146964, 50.327513708435141 ], [ 2.914506504225003, 50.326290567933597 ], [ 2.913894782213761, 50.325609594036116 ], [ 2.913660699447254, 50.325534911214618 ], [ 2.913422676040743, 50.325304902004227 ], [ 2.913488646359996, 50.325272626703637 ], [ 2.913085305357336, 50.324944638066874 ], [ 2.912871956990729, 50.325047737106509 ], [ 2.912037227757073, 50.324400712349487 ], [ 2.911639184788625, 50.324260367430888 ], [ 2.911769462352122, 50.324344856068123 ], [ 2.9126545633159, 50.325056561572865 ], [ 2.914170686331913, 50.326659338915128 ], [ 2.914313438411519, 50.326837206543786 ] ] ] } },
{ "type": "Feature", "properties": { "Aire": "RRN C", "NomUsuel": "Fleury Est", "Nature": "P", "GVO": "APRR", "Surface": 4259.07088, "Réseau": "C", "Axe": "A6", "id_aire": "A001061" }, "geometry": { "type": "Polygon", "coordinates": [ [ [ 2.539465975715988, 48.429777898884232 ], [ 2.53968146945213, 48.429721501652267 ], [ 2.540069757737996, 48.429574200413668 ], [ 2.540364699278903, 48.429283452596053 ], [ 2.540504294857278, 48.429055059322629 ], [ 2.540549944761602, 48.428751898525249 ], [ 2.54036275745317, 48.428522239434471 ], [ 2.540310359489926, 48.428613610066435 ], [ 2.53997157192713, 48.429001484849302 ], [ 2.539465975715988, 48.429777898884232 ] ] ] } },
{ "type": "Feature", "properties": { "Aire": "RRN C", "NomUsuel": "Fontaine Nord", "Nature": "P", "GVO": "APRR", "Surface": 4733.852, "Réseau": "C", "Axe": "A36", "id_aire": "A001062" }, "geometry": { "type": "Polygon", "coordinates": [ [ [ 6.978653878615829, 47.675227325908864 ], [ 6.978847033387085, 47.675600334078915 ], [ 6.978974093957791, 47.675752306768622 ], [ 6.979393030100749, 47.675938994162912 ], [ 6.979797486821422, 47.676042440969006 ], [ 6.980203534737281, 47.676056517557768 ], [ 6.980665212830751, 47.676040786257836 ], [ 6.979837656533605, 47.675694978198678 ], [ 6.978653878615829, 47.675227325908864 ] ] ] } },
{ "type": "Feature", "properties": { "Aire": "RRN C", "NomUsuel": "Saint-Maurice Nord", "Nature": "P", "GVO": "APRR", "Surface": 2243.71023, "Réseau": "C", "Axe": "A36", "id_aire": "A001063" }, "geometry": { "type": "Polygon", "coordinates": [ [ [ 6.670650902837814, 47.425918003501508 ], [ 6.670413450500945, 47.426027075906617 ], [ 6.670204942041954, 47.42609521923228 ], [ 6.670018641758666, 47.426156505047082 ], [ 6.66974098007907, 47.426208361806573 ], [ 6.669424268071363, 47.426286074833143 ], [ 6.669385428715772, 47.426315003178381 ], [ 6.669462053602381, 47.42637414639497 ], [ 6.669831603578801, 47.426405576155737 ], [ 6.670129685706076, 47.426386933432298 ], [ 6.670401558789862, 47.42631679006557 ], [ 6.670539652140054, 47.426213932460463 ], [ 6.670644800125245, 47.426093646304011 ], [ 6.670657534201729, 47.425948574880223 ], [ 6.670650902837814, 47.425918003501508 ] ] ] } },
{ "type": "Feature", "properties": { "Aire": "RRN C", "NomUsuel": "Saint-Maurice Sud", "Nature": "P", "GVO": "APRR", "Surface": 3126.53167, "Réseau": "C", "Axe": "A36", "id_aire": "A001064" }, "geometry": { "type": "Polygon", "coordinates": [ [ [ 6.671484168019008, 47.424774353425136 ], [ 6.671732559660389, 47.424692635758994 ], [ 6.671894960182955, 47.424613633257209 ], [ 6.672013787141194, 47.424560631282013 ], [ 6.672191238624488, 47.424502699536717 ], [ 6.672482779408147, 47.424388836584107 ], [ 6.672713064617152, 47.42430768861977 ], [ 6.672931035815945, 47.424245397653166 ], [ 6.673170581945788, 47.424167034261799 ], [ 6.673307088325177, 47.424107316188071 ], [ 6.673540843320861, 47.424010666470849 ], [ 6.673571048668427, 47.423988165545715 ], [ 6.673385914225866, 47.424000171041058 ], [ 6.67325203779538, 47.424032103412159 ], [ 6.673084163455757, 47.424031250799658 ], [ 6.672971019539248, 47.42403482514662 ], [ 6.672757364348861, 47.424093901806025 ], [ 6.672441090491495, 47.424177765967713 ], [ 6.672201964499262, 47.424262270707935 ], [ 6.67204156387178, 47.424304273606353 ], [ 6.671936525481678, 47.424359918248484 ], [ 6.67181885943033, 47.424495991577388 ], [ 6.671744448054843, 47.424535278420244 ], [ 6.671535315325006, 47.424594209898231 ], [ 6.671439116882906, 47.424646496825879 ], [ 6.671425225295508, 47.424708497000054 ], [ 6.671484168019008, 47.424774353425136 ] ] ] } },
{ "type": "Feature", "properties": { "Aire": "RRN C", "NomUsuel": "Chambéry Nord", "Nature": "P", "GVO": "AREA", "Surface": 2060.26332, "Réseau": "C", "Axe": "A43", "id_aire": "A001065" }, "geometry": { "type": "Polygon", "coordinates": [ [ [ 5.886676631584899, 45.601854237239742 ], [ 5.887156727598557, 45.601660936981858 ], [ 5.887381753241331, 45.601581428649013 ], [ 5.887647402837511, 45.601487471097272 ], [ 5.888040429621594, 45.601394709733285 ], [ 5.888230333587891, 45.601374192115195 ], [ 5.888200097439736, 45.601343689361798 ], [ 5.888135129000585, 45.60131854723641 ], [ 5.888046630792876, 45.601269432759743 ], [ 5.887909949711981, 45.601272943389219 ], [ 5.887771834467961, 45.601310004349521 ], [ 5.887547895900361, 45.601349269193484 ], [ 5.887394468457877, 45.601397894129605 ], [ 5.887184406586391, 45.601459144322916 ], [ 5.88701849648008, 45.601512557742517 ], [ 5.886914840612236, 45.601600120430199 ], [ 5.88672807434225, 45.601680879807539 ], [ 5.886676631584899, 45.601854237239742 ] ] ] } },
{ "type": "Feature", "properties": { "Aire": "RRN C", "NomUsuel": "Chatuzange Barrière Sud", "Nature": "P", "GVO": "AREA", "Surface": 5593.02746, "Réseau": "C", "Axe": "A49", "id_aire": "A001066" }, "geometry": { "type": "Polygon", "coordinates": [ [ [ 5.097674863936745, 45.025739159281621 ], [ 5.098652598969456, 45.025920946354674 ], [ 5.099159861019628, 45.026043231365762 ], [ 5.099887871155804, 45.026176000164732 ], [ 5.099787142375507, 45.026060700768468 ], [ 5.099557612604971, 45.025815981272814 ], [ 5.099381193131519, 45.025702109103996 ], [ 5.099075863504408, 45.025639500625857 ], [ 5.098492730586243, 45.025513762296988 ], [ 5.098203176874886, 45.025504570448874 ], [ 5.097674863936745, 45.025739159281621 ] ] ] } },
{ "type": "Feature", "properties": { "Aire": "RRN C", "NomUsuel": "Crolles - Brignoud", "Nature": "P", "GVO": "AREA", "Surface": 4072.27844, "Réseau": "C", "Axe": "A41", "id_aire": "A001067" }, "geometry": { "type": "Polygon", "coordinates": [ [ [ 5.900486128969825, 45.271061788231087 ], [ 5.900739883906412, 45.271284805956732 ], [ 5.900878014719193, 45.271413120648916 ], [ 5.901073197571161, 45.271574150637434 ], [ 5.901246891921434, 45.271721082567687 ], [ 5.901329497004228, 45.271845952765432 ], [ 5.901455589989403, 45.272008775426798 ], [ 5.901582191721951, 45.272181355093174 ], [ 5.901731452671203, 45.271991844241903 ], [ 5.901741765706237, 45.271791284778992 ], [ 5.901635638017583, 45.271613288677187 ], [ 5.901467328227102, 45.271436906587716 ], [ 5.901165713419092, 45.271224902930591 ], [ 5.900874819126228, 45.271085897734714 ], [ 5.900677553911121, 45.271017739574894 ], [ 5.900486128969825, 45.271061788231087 ] ] ] } },
{ "type": "Feature", "properties": { "Aire": "RRN C", "NomUsuel": "Saint-Quentin Fallavier Nord", "Nature": "P", "GVO": "AREA", "Surface": 3725.651, "Réseau": "C", "Axe": "A43", "id_aire": "A001068" }, "geometry": { "type": "Polygon", "coordinates": [ [ [ 5.116877259016838, 45.649540461991414 ], [ 5.117082180374738, 45.649634363742173 ], [ 5.117369087149418, 45.649712240589757 ], [ 5.117484237518187, 45.649753521478914 ], [ 5.117726970235243, 45.649756196100853 ], [ 5.118019628500227, 45.649714483723947 ], [ 5.118353001650848, 45.649657521989781 ], [ 5.118628383291061, 45.649569065506775 ], [ 5.118742601088035, 45.649451056788472 ], [ 5.118944514528183, 45.649331397098493 ], [ 5.116877259016838, 45.649540461991414 ] ] ] } },
{ "type": "Feature", "properties": { "Aire": "RRN C", "NomUsuel": "Saint-Quentin Fallavier Sud", "Nature": "P", "GVO": "AREA", "Surface": 4209.71793, "Réseau": "C", "Axe": "A43", "id_aire": "A001069" }, "geometry": { "type": "Polygon", "coordinates": [ [ [ 5.12067931663331, 45.647586186603689 ], [ 5.121302932093821, 45.647559952882808 ], [ 5.121767606342917, 45.647562056122936 ], [ 5.122278013071489, 45.647545192192553 ], [ 5.122604935486953, 45.647589715769179 ], [ 5.122718282172675, 45.647583957598442 ], [ 5.122750784759782, 45.647489209210924 ], [ 5.122770170052058, 45.647456258277082 ], [ 5.122670495752002, 45.647414690957717 ], [ 5.122513663049278, 45.647363339656501 ], [ 5.122094722778553, 45.647342274317879 ], [ 5.121712723486534, 45.647342234627118 ], [ 5.121282912427296, 45.647306888831828 ], [ 5.12105663565666, 45.647329256104719 ], [ 5.120653725690415, 45.647322365693441 ], [ 5.120566725613884, 45.647342107777853 ], [ 5.120573376720493, 45.647515770784153 ], [ 5.12067931663331, 45.647586186603689 ] ] ] } },
{ "type": "Feature", "properties": { "Aire": "RRN C", "NomUsuel": "Voreppe Barrière", "Nature": "P", "GVO": "AREA", "Surface": 5070.94836, "Réseau": "C", "Axe": "A48", "id_aire": "A001070" }, "geometry": { "type": "Polygon", "coordinates": [ [ [ 5.621259245989963, 45.28526051341148 ], [ 5.621526408109236, 45.285051468771101 ], [ 5.621700298838134, 45.284931516692609 ], [ 5.622057815169457, 45.284680520110705 ], [ 5.622168021926545, 45.284406353528453 ], [ 5.622401045992475, 45.284017052449506 ], [ 5.622189660261318, 45.283667142641114 ], [ 5.622219058522494, 45.283528851587633 ], [ 5.622083763011824, 45.283705837007254 ], [ 5.621874144591452, 45.284047514318409 ], [ 5.621633932252259, 45.284502162457564 ], [ 5.621259245989963, 45.28526051341148 ] ] ] } },
{ "type": "Feature", "properties": { "Aire": "RRN C", "NomUsuel": "Bolleville Nord", "Nature": "S", "GVO": "SAPN", "Surface": 85053.83723, "Réseau": "C", "Axe": "A29", "id_aire": "A001071" }, "geometry": { "type": "Polygon", "coordinates": [ [ [ 0.54505, 49.6123809 ], [ 0.543536323622681, 49.612238861034882 ], [ 0.542817322652013, 49.612732271886699 ], [ 0.541088748234367, 49.614612450803307 ], [ 0.54455057770034, 49.614834005540409 ], [ 0.545127376523677, 49.614795457820563 ], [ 0.545870004324464, 49.614568299498004 ], [ 0.546322571934014, 49.614086287069064 ], [ 0.5469327, 49.6124161 ], [ 0.546140895873569, 49.612753676751474 ], [ 0.5472393, 49.6120324 ], [ 0.546279837953893, 49.612319408929373 ], [ 0.545510216031275, 49.612256610057017 ], [ 0.54505, 49.6123809 ] ] ] } },
{ "type": "Feature", "properties": { "Aire": "RRN C", "NomUsuel": "Aire de Dijon-Brognon", "Nature": "S", "GVO": "APRR", "Surface": 152844.7926, "Réseau": "C", "Axe": "A31", "id_aire": "A001072" }, "geometry": { "type": "Polygon", "coordinates": [ [ [ 5.1733546, 47.4207898 ], [ 5.1729551, 47.4207094 ], [ 5.1724804, 47.4204264 ], [ 5.172515, 47.4198165 ], [ 5.1724297, 47.4194935 ], [ 5.1715335, 47.4188984 ], [ 5.1710342, 47.4189022 ], [ 5.170692, 47.418831 ], [ 5.1695718, 47.4190249 ], [ 5.1691059, 47.4214377 ], [ 5.168267, 47.4222028 ], [ 5.1675502, 47.4224163 ], [ 5.1675502, 47.4224163 ], [ 5.167513052186971, 47.4236433125416 ], [ 5.170031, 47.4261502 ], [ 5.170768152425636, 47.424763799475095 ], [ 5.169307682338446, 47.423492250472464 ], [ 5.17142261992848, 47.421949458200992 ], [ 5.172446506313774, 47.421930339721989 ], [ 5.1733546, 47.4207898 ] ] ] } }
]
}
