objetID,dateRefere,route,pr,depPr,concession,abs,cumul,x,y,z,cote,voie,accrochage,dateMES,nom,No,nbBretelle,nature,nature_lib,forme,forme_lib,fonction,commentair,sectionnem,sectionn_1
EchA0001Pr19,2025-01-01,A0001,19,95,C,548.0,19423.0,665656.24,6879405.05,0.0,I,0,ACCROCHE,1964-12-01,Roissy (6),6,4,DIFFUSEUR,Diffuseur,AUTRE,Autres formes,F,212,95,SANEF
EchA0001Pr21,2025-01-01,A0001,21,95,C,901.0,21776.0,666398.0,6881648.84,0.0,I,0,ACCROCHE,1964-12-01,A1/N104,,4,BIFURCATION,N?ud autoroutier (Bifurcation),AUTRE,Autres formes,T,213,95,SANEF
EchA0001Pr27,2025-01-01,A0001,27,95,C,875.0,27750.0,667208.65,6887491.88,0.0,I,0,ACCROCHE,1964-12-01,Survilliers (7),7,4,DIFFUSEUR,Diffuseur,LOSANGE,Losange,T,138,95,SANEF
EchA0001Pr33,2025-01-01,A0001,33,60,C,260.0,33135.0,668055.24,6892724.74,0.0,I,0,ACCROCHE,1964-12-01,Parc Asterix,,4,DIFFUSEUR,Diffuseur,TROMPETTE,Trompette,T,139,60,SANEF
EchA0001Pr42,2025-01-01,A0001,42,60,C,425.0,42300.0,671659.19,6900723.99,0.0,I,0,ACCROCHE,1964-12-01,Senlis Bonsecours (8),8,2,DIFFUSEUR,Diffuseur,AUTRE,Autres formes,F,32,60,SANEF
EchA0001Pr44,2025-01-01,A0001,44,60,C,119.0,43994.0,672894.66,6901826.91,0.0,I,0,ACCROCHE,1965-11-01,Senlis Chamant (8),8,2,DIFFUSEUR,Diffuseur,AUTRE,Autres formes,F,140,60,SANEF
EchA0001Pr57,2025-01-01,A0001,57,60,C,720.0,57595.0,677264.52,6913445.46,0.0,I,0,ACCROCHE,1965-11-01,Pont-Ste-Maxence (9),9,4,DIFFUSEUR,Diffuseur,TROMPETTE,Trompette,T,141,60,SANEF
EchA0001Pr66,2025-01-01,A0001,66,60,C,436.0,66311.0,678039.2,6921950.43,0.0,I,0,ACCROCHE,1965-11-01,Compiegne Ouest (10),10,4,DIFFUSEUR,Diffuseur,TROMPETTE,Trompette,T,142,60,SANEF
EchA0001Pr80,2025-01-01,A0001,80,60,C,567.0,80442.0,679803.35,6935828.63,0.0,I,0,ACCROCHE,1965-11-01,Ressons (11),11,4,DIFFUSEUR,Diffuseur,TROMPETTE,Trompette,T,206,60,SANEF
EchA0001Pr101,2025-01-01,A0001,101,80,C,301.0,101176.0,683521.05,6956094.56,0.0,I,0,ACCROCHE,1965-11-01,Roye (12),12,4,DIFFUSEUR,Diffuseur,TROMPETTE,Trompette,T,155,80,SANEF
EchA0001Pr118,2025-01-01,A0001,118,80,C,500.0,118375.0,687950.12,6972629.37,0.0,I,0,ACCROCHE,1966-12-04,A1/A29,,4,BIFURCATION,N?ud autoroutier (Bifurcation),TROMPETTE,Trompette,T,173,80,SANEF
EchA0001Pr121,2025-01-01,A0001,121,80,C,477.0,121352.0,688278.76,6975578.76,0.0,I,0,ACCROCHE,1966-12-01,N29 (13),13,4,DIFFUSEUR,Diffuseur,TROMPETTE,Trompette,T,229,80,SANEF
EchA0001Pr131,2025-01-01,A0001,131,80,C,797.0,131672.0,690043.68,6985628.72,0.0,I,0,ACCROCHE,1966-12-01,Albert (13.1),13.1,4,DIFFUSEUR,Diffuseur,TROMPETTE,Trompette,T,14,80,SANEF
EchA0001Pr136,2025-01-01,A0001,136,80,C,771.0,136646.0,691300.65,6990418.96,0.0,I,0,ACCROCHE,1991-12-05,A1/A2,,0,BIFURCATION,N?ud autoroutier (Bifurcation),AUTRE,Autres formes,F,143,80,SANEF
EchA0001Pr146,2025-01-01,A0001,146,62,C,878.0,146753.0,690810.71,7000345.35,0.0,I,0,ACCROCHE,1966-12-01,Bapaume (14),14,4,DIFFUSEUR,Diffuseur,TROMPETTE,Trompette,T,144,62,SANEF
EchA0001Pr165,2025-01-01,A0001,165,62,C,979.0,165854.0,690641.66,7019119.86,0.0,I,0,ACCROCHE,1967-12-01,Arras (15),15,4,DIFFUSEUR,Diffuseur,TROMPETTE,Trompette,T,15,62,SANEF
EchA0001Pr171,2025-01-01,A0001,171,62,C,453.0,171328.0,692888.61,7024114.48,0.0,I,0,ACCROCHE,1967-12-01,A1/A26,,8,BIFURCATION,N?ud autoroutier (Bifurcation),AUTRE,Autres formes,T,25,62,SANEF
EchA0001Pr174,2025-01-01,A0001,174,62,C,61.0,173936.0,694411.64,7026214.82,0.0,I,0,ACCROCHE,1967-11-01,Biache Saint Vaast (16),16,4,DIFFUSEUR,Diffuseur,LOSANGE,Losange,T,216,62,SANEF
EchA0001Pr182,2025-01-01,A0001,182,62,C,247.0,182122.0,698758.16,7032932.33,0.0,I,0,ACCROCHE,1958-01-01,Drocourt (16.1),16.1,4,DIFFUSEUR,Diffuseur,LOSANGE,Losange,T,145,62,SANEF
EchA0001Pr184,2025-01-01,A0001,184,62,C,551.0,184426.0,698940.42,7035227.45,0.0,I,0,ACCROCHE,1958-01-01,Henin-Beaumont (17),17,4,DIFFUSEUR,Diffuseur,LOSANGE,Losange,T,33,62,SANEF
EchA0001Pr186,2025-01-01,A0001,186,62,C,587.0,186462.0,698514.17,7037224.81,0.0,I,0,ACCROCHE,1958-01-01,A1/A21,,8,BIFURCATION,N?ud autoroutier (Bifurcation),AUTRE,Autres formes,T,16,62,SANEF
EchA0002Pr0,2025-01-01,A0002,0,80,C,561.0,561.0,691569.97,6991116.95,0.0,I,0,ACCROCHE,1972-01-01,A2/A1,,0,BIFURCATION,N?ud autoroutier (Bifurcation),AUTRE,Autres formes,F,223,80,SANEF
EchA0002Pr23,2025-01-01,A0002,23,62,C,580.0,23580.0,709082.46,7005118.28,0.0,I,0,ACCROCHE,1972-12-01,A2/A26,,7,BIFURCATION,N?ud autoroutier (Bifurcation),AUTRE,Autres formes,F,18,62,SANEF
EchA0002Pr29,2025-01-01,A0002,29,59,C,315.0,29315.0,713262.08,7008866.39,0.0,I,0,ACCROCHE,1972-12-01,Cambrai (14),14,4,DIFFUSEUR,Diffuseur,TROMPETTE,Trompette,T,3,59,SANEF
EchA0002Pr42,2025-01-01,A0002,42,59,C,332.0,42332.0,722885.72,7017248.7,0.0,I,0,ACCROCHE,1972-12-01,Hordain (15),15,4,DIFFUSEUR,Diffuseur,LOSANGE,Losange,T,183,59,SANEF
EchA0004Pr12,2025-01-01,A0004,12,94,N,800.0,12906.0,666911.79,6859688.72,0.0,I,0,ACCROCHE,1976-01-01,Noisy le Grand - Ouest (8),8,6,DIFFUSEUR,Diffuseur,AUTRE,Autres formes,T,106,93,SANEF
EchA0004Pr13,2025-01-01,A0004,13,93,C,840.0,13946.0,667933.39,6859601.9,0.0,I,0,ACCROCHE,1976-01-01,Noisy le Grand - Est (9),9,2,DIFFUSEUR,Diffuseur,AUTRE,Autres formes,F,214,93,SANEF
EchA0004Pr15,2025-01-01,A0004,15,93,C,325.0,15431.0,669399.06,6859476.51,0.0,I,0,ACCROCHE,1976-01-01,Champs sur Marne (10),10,4,DIFFUSEUR,Diffuseur,LOSANGE,Losange,T,53,93,SANEF
EchA0004Pr18,2025-01-01,A0004,18,77,C,43.0,18149.0,672042.37,6858928.38,0.0,I,0,ACCROCHE,1976-01-01,A4/N104,,8,BIFURCATION,N?ud autoroutier (Bifurcation),AUTRE,Autres formes,T,68,77,SANEF
EchA0004Pr19,2025-01-01,A0004,19,77,C,783.0,19889.0,673775.19,6859085.67,0.0,I,0,ACCROCHE,1976-01-01,Val Maubuee - Croissy (10.1),10.1,4,DIFFUSEUR,Diffuseur,LOSANGE,Losange,T,29,77,SANEF
EchA0004Pr21,2025-01-01,A0004,21,77,C,504.0,21610.0,675485.2,6859180.82,0.0,I,0,ACCROCHE,1976-07-01,A4/A104,,6,BIFURCATION,N?ud autoroutier (Bifurcation),AUTRE,Autres formes,F,107,77,SANEF
EchA0004Pr24,2025-01-01,A0004,24,77,C,457.0,24563.0,678426.02,6858907.01,0.0,I,0,ACCROCHE,1976-07-01,Ferrieres en Brie (12),12,4,DIFFUSEUR,Diffuseur,LOSANGE,Losange,T,176,77,SANEF
EchA0004Pr29,2025-01-01,A0004,29,77,C,604.0,29710.0,683550.51,6859117.72,0.0,I,0,ACCROCHE,1976-07-01,Val d'Europe (12.1),12.1,2,DIFFUSEUR,Diffuseur,AUTRE,Autres formes,F,20,77,SANEF
EchA0004Pr30,2025-01-01,A0004,30,77,C,823.0,30929.0,684763.14,6859253.49,0.0,I,0,ACCROCHE,1976-07-01,Serris (13),13,4,DIFFUSEUR,Diffuseur,LOSANGE,Losange,T,235,77,SANEF
EchA0004Pr32,2025-01-01,A0004,32,77,C,958.0,33064.0,686758.42,6859970.2,0.0,I,0,ACCROCHE,1976-07-01,Bailly Romainvilliers (14),14,6,DIFFUSEUR,Diffuseur,AUTRE,Autres formes,F,108,77,SANEF
EchA0004Pr35,2025-01-01,A0004,35,77,C,948.0,36054.0,688593.38,6862282.99,0.0,I,0,ACCROCHE,1976-10-01,Coutevroult (15),15,2,DIFFUSEUR,Diffuseur,AUTRE,Autres formes,F,228,77,SANEF
EchA0004Pr38,2025-01-01,A0004,38,77,C,437.0,38543.0,690505.19,6863817.07,0.0,I,0,ACCROCHE,1976-07-01,Crecy (16),16,2,DIFFUSEUR,Diffuseur,AUTRE,Autres formes,F,21,77,SANEF
EchA0004Pr40,2025-01-01,A0004,40,77,C,715.0,40821.0,692348.37,6865115.54,0.0,I,0,ACCROCHE,1976-07-01,A4/A140,,2,BIFURCATION,N?ud autoroutier (Bifurcation),AUTRE,Autres formes,T,109,77,SANEF
EchA0004Pr54,2025-01-01,A0004,54,77,C,194.0,54300.0,703134.62,6872397.0,0.0,I,0,ACCROCHE,1976-07-01,Saint Jean les Deux Jumeaux (18),18,4,DIFFUSEUR,Diffuseur,AUTRE,Autres formes,T,39,77,SANEF
EchA0004Pr64,2025-01-01,A0004,64,77,C,796.0,64902.0,711011.58,6879173.61,0.0,I,0,ACCROCHE,1976-07-01,Montreuil aux Lions (19),19,4,DIFFUSEUR,Diffuseur,TROMPETTE,Trompette,T,52,77,SANEF
EchA0004Pr85,2025-01-01,A0004,85,02,C,800.0,85906.0,729388.69,6886833.57,0.0,I,0,ACCROCHE,2010-12-01,Ch?teau-Thierry (20),20,4,DIFFUSEUR,Diffuseur,TROMPETTE,Trompette,T,236,02,SANEF
EchA0004Pr110,2025-01-01,A0004,110,02,C,946.0,111052.0,752438.48,6895454.6,0.0,I,0,ACCROCHE,1976-10-01,Dormans (21),21,4,DIFFUSEUR,Diffuseur,TROMPETTE,Trompette,T,110,02,SANEF
EchA0004Pr132,2025-01-01,A0004,132,51,C,81.0,132187.0,769266.32,6905735.44,0.0,I,0,ACCROCHE,1976-01-01,Reims Centre - Tinqueux (22),22,4,BIFURCATION,N?ud autoroutier (Bifurcation),TROMPETTE,Trompette,T,163,51,SANEF
EchA0004Pr133,2025-01-01,A0004,133,51,C,130.0,133236.0,770220.85,6905303.48,0.0,I,0,ACCROCHE,2010-12-01,A4/A26 nord,,3,BIFURCATION,N?ud autoroutier (Bifurcation),AUTRE,Autres formes,F,136,51,SANEF
EchA0004Pr138,2025-01-01,A0004,138,51,C,731.0,138837.0,773549.64,6901330.7,0.0,I,0,ACCROCHE,2010-12-01,Epernay - Reims Sud (23),23,4,DIFFUSEUR,Diffuseur,TROMPETTE,Trompette,T,188,51,SANEF
EchA0004Pr144,2025-01-01,A0004,144,51,C,600.0,144706.0,779225.39,6901209.41,0.0,I,0,ACCROCHE,2010-12-01,A4/A34 - Reims Est,,4,BIFURCATION,N?ud autoroutier (Bifurcation),AUTRE,Autres formes,T,63,51,SANEF
EchA0004Pr167,2025-01-01,A0004,167,51,C,855.0,167961.0,794089.75,6884683.78,0.0,I,0,ACCROCHE,1976-07-01,A4/A26 sud,,4,BIFURCATION,N?ud autoroutier (Bifurcation),AUTRE,Autres formes,T,137,51,SANEF
EchA0004Pr170,2025-01-01,A0004,170,51,C,721.0,170827.0,796615.29,6883383.36,0.0,I,0,ACCROCHE,1976-07-01,La Veuve (24),24,4,DIFFUSEUR,Diffuseur,AUTRE,Autres formes,T,24,51,SANEF
EchA0004Pr179,2025-01-01,A0004,179,51,C,450.0,179556.0,805142.89,6882619.92,0.0,I,0,ACCROCHE,1976-09-01,Saint Etienne au Temple (25),25,4,DIFFUSEUR,Diffuseur,TROMPETTE,Trompette,T,184,51,SANEF
EchA0004Pr212,2025-01-01,A0004,212,51,C,795.0,212901.0,837191.11,6887489.01,0.0,I,0,ACCROCHE,1976-09-01,Sainte Menehould (26),26,4,DIFFUSEUR,Diffuseur,TROMPETTE,Trompette,T,111,51,SANEF
EchA0004Pr230,2025-01-01,A0004,230,55,C,121.0,230227.0,853400.27,6890009.16,0.0,I,0,ACCROCHE,2006-10-01,Clermont en Argonne (27),27,4,DIFFUSEUR,Diffuseur,TROMPETTE,Trompette,T,187,55,SANEF
EchA0004Pr243,2025-01-01,A0004,243,55,C,255.0,243361.0,866203.24,6890873.07,0.0,I,0,ACCROCHE,1976-09-01,Voie Sacree (28),28,4,DIFFUSEUR,Diffuseur,TROMPETTE,Trompette,T,54,55,SANEF
EchA0004Pr254,2025-01-01,A0004,254,55,C,300.0,254406.0,876295.74,6892624.0,0.0,I,0,ACCROCHE,1975-06-01,Verdun (29),29,2,DIFFUSEUR,Diffuseur,AUTRE,Autres formes,F,112,55,SANEF
EchA0004Pr270,2025-01-01,A0004,270,55,C,375.0,270481.0,890986.41,6895031.44,0.0,I,0,ACCROCHE,1975-06-01,Fresnes en Wo?vre (30),30,4,DIFFUSEUR,Diffuseur,TROMPETTE,Trompette,T,169,55,SANEF
EchA0004Pr292,2025-01-01,A0004,292,54,C,845.0,292951.0,911063.52,6903696.98,0.0,I,0,ACCROCHE,1975-06-01,Jarny (31),31,4,DIFFUSEUR,Diffuseur,TROMPETTE,Trompette,T,55,54,SANEF
EchA0004Pr299,2025-01-01,A0004,299,54,C,776.0,299882.0,917711.14,6903703.82,0.0,I,0,ACCROCHE,1975-06-01,Sainte Marie aux Chenes (32),32,5,DIFFUSEUR,Diffuseur,AUTRE,Autres formes,T,113,57,SANEF
EchA0004Pr311,2025-01-01,A0004,311,57,C,735.0,311841.0,927879.07,6905339.88,0.0,I,0,ACCROCHE,1975-06-01,Marange - Silvange (33),33,4,DIFFUSEUR,Diffuseur,AUTRE,Autres formes,T,204,57,SANEF
EchA0004Pr313,2025-01-01,A0004,313,57,C,230.0,313336.0,929031.11,6904539.69,0.0,I,0,ACCROCHE,1975-06-01,Semecourt (34),34,4,DIFFUSEUR,Diffuseur,AUTRE,Autres formes,T,114,57,SANEF
EchA0004Pr315,2025-01-01,A0004,315,57,C,815.0,315921.0,931356.62,6904789.94,0.0,I,0,ACCROCHE,1975-06-01,A4/A31,,8,BIFURCATION,N?ud autoroutier (Bifurcation),TREFLE,Tr?fle,T,194,57,SANEF
EchA0004Pr318,2025-01-01,A0004,318,57,C,312.0,318418.0,933815.95,6904489.12,0.0,I,0,ACCROCHE,1975-06-01,Argancy (35),35,4,DIFFUSEUR,Diffuseur,LOSANGE,Losange,T,195,57,SANEF
EchA0004Pr326,2025-01-01,A0004,326,57,C,468.0,326574.0,936836.97,6898113.9,0.0,I,0,ACCROCHE,1975-06-01,A4/A315,,0,BIFURCATION,N?ud autoroutier (Bifurcation),AUTRE,Autres formes,F,115,57,SANEF
EchA0004Pr328,2025-01-01,A0004,328,57,C,565.0,328671.0,938300.56,6896985.7,0.0,I,0,ACCROCHE,1975-06-01,A4/A314,,0,BIFURCATION,N?ud autoroutier (Bifurcation),AUTRE,Autres formes,F,40,57,SANEF
EchA0004Pr343,2025-01-01,A0004,343,57,C,665.0,343771.0,952871.49,6898985.35,0.0,I,0,ACCROCHE,1971-06-01,Boulay (36),36,4,DIFFUSEUR,Diffuseur,LOSANGE,Losange,T,126,57,SANEF
EchA0004Pr361,2025-01-01,A0004,361,57,C,795.0,361901.0,970409.03,6899249.8,0.0,I,0,ACCROCHE,1971-06-01,Saint-Avold (37),37,8,DIFFUSEUR,Diffuseur,TREFLE,Tr?fle,T,203,57,SANEF
EchA0004Pr369,2025-01-01,A0004,369,57,C,530.0,369636.0,977774.15,6899985.03,0.0,I,0,ACCROCHE,1971-06-01,Freyming (38),38,8,DIFFUSEUR,Diffuseur,AUTRE,Autres formes,T,233,57,SANEF
EchA0004Pr374,2025-01-01,A0004,374,57,C,637.0,374743.0,981300.95,6896796.43,0.0,I,0,ACCROCHE,1976-11-01,Farebersviller (39),39,4,DIFFUSEUR,Diffuseur,AUTRE,Autres formes,T,116,57,SANEF
EchA0004Pr381,2025-01-01,A0004,381,57,C,446.0,381552.0,986182.3,6892591.34,0.0,I,0,ACCROCHE,1976-11-01,Puttelange (40),40,2,DIFFUSEUR,Diffuseur,AUTRE,Autres formes,F,30,57,SANEF
EchA0004Pr390,2025-01-01,A0004,390,57,C,50.0,390156.0,994023.28,6889942.36,0.0,I,0,ACCROCHE,1976-11-01,Sarreguemines (41),41,4,DIFFUSEUR,Diffuseur,TROMPETTE,Trompette,T,117,57,SANEF
EchA0004Pr408,2025-01-01,A0004,408,67,C,184.0,408290.0,1001893.61,6876317.01,0.0,I,0,ACCROCHE,1976-11-01,Sarre-Union (42),42,4,DIFFUSEUR,Diffuseur,TROMPETTE,Trompette,T,170,67,SANEF
EchA0004Pr428,2025-01-01,A0004,428,57,C,42.0,428148.0,1011484.84,6861197.34,0.0,I,0,ACCROCHE,1976-11-01,Phalsbourg (43),43,4,DIFFUSEUR,Diffuseur,TROMPETTE,Trompette,T,118,57,SANEF
EchA0004Pr439,2025-01-01,A0004,439,67,C,424.0,439530.0,1021877.44,6861061.75,0.0,I,0,ACCROCHE,1976-11-01,Saverne (44),44,4,DIFFUSEUR,Diffuseur,TROMPETTE,Trompette,T,119,67,SANEF
EchA0004Pr455,2025-01-01,A0004,455,67,C,850.0,455956.0,1037837.01,6861977.12,0.0,I,0,ACCROCHE,1976-11-26,Hochfelden (46),46,4,DIFFUSEUR,Diffuseur,LOSANGE,Losange,T,139,67,SANEF
EchA0004Pr456,2025-01-01,A0004,456,67,C,74.0,456180.0,1038058.46,6862012.88,0.0,I,0,ACCROCHE,1976-11-01,Hochfelden (45),45,4,DIFFUSEUR,Diffuseur,AUTRE,Autres formes,T,120,67,SANEF
EchA0004Pr462,2025-01-01,A0004,462,67,C,962.0,463068.0,1044192.04,6860023.53,0.0,I,0,ACCROCHE,1976-11-01,Brumath ZI (46),46,7,DIFFUSEUR,Diffuseur,AUTRE,Autres formes,F,171,67,SANEF
EchA0004Pr468,2025-01-01,A0004,468,67,C,334.0,468440.0,1046426.62,6855279.28,0.0,I,0,ACCROCHE,1976-11-01,Brumath Sud (47),47,4,DIFFUSEUR,Diffuseur,AUTRE,Autres formes,T,1,67,SANEF
EchA0004Pr470,2025-01-01,A0004,470,67,C,655.0,470761.0,1047861.12,6853486.91,0.0,I,0,ACCROCHE,1976-11-01,A4/A355,,6,BIFURCATION,N?ud autoroutier (Bifurcation),AUTRE,Autres formes,T,230,67,SANEF
EchA0004Pr472,2025-01-01,A0004,472,67,C,387.0,472523.0,1048512.36,6851892.47,0.0,I,0,ACCROCHE,1976-11-01,A4/A35,,6,BIFURCATION,N?ud autoroutier (Bifurcation),AUTRE,Autres formes,T,69,67,SANEF
EchA0005Pr0,2025-01-01,A0005,0,77,C,0.0,0.0,673326.69,6832720.47,0.0,I,0,ACCROCHE,1993-01-01,Noeud des Eprunes,,4,BIFURCATION,N?ud autoroutier (Bifurcation),,,F,,77,APRR
EchA0005Pr6,2025-01-01,A0005,6,77,C,940.0,6940.0,680035.46,6831607.33,0.0,I,0,ACCROCHE,1993-01-01,St.Germain-Laxis,15,4,DIFFUSEUR,Diffuseur,,,T,,77,APRR
EchA0005Pr14,2025-01-01,A0005,14,77,C,200.0,14200.0,685043.57,6826434.81,0.0,I,0,ACCROCHE,1993-01-01,Chatillon-La-Borde,16,4,DIFFUSEUR,Diffuseur,,,T,,77,APRR
EchA0005Pr31,2025-01-01,A0005,31,77,C,470.0,31470.0,695809.07,6813079.16,0.0,I,0,ACCROCHE,1993-01-01,Forges,17,4,DIFFUSEUR,Diffuseur,,,T,,77,APRR
EchA0005Pr38,2025-01-01,A0005,38,77,C,990.0,38990.0,701585.89,6808463.63,0.0,I,0,ACCROCHE,1993-01-01,Marolles-sur-Seine,18,4,DIFFUSEUR,Diffuseur,,,T,,77,APRR
EchA0005Pr64,2025-01-01,A0005,64,89,C,110.0,64110.0,721876.32,6796492.44,0.0,I,0,ACCROCHE,1993-01-01,Noeud de La Chapelle-sur-Oreuse,,2,BIFURCATION,N?ud autoroutier (Bifurcation),,,F,,89,APRR
EchA0005Pr88,2025-01-01,A0005,88,89,C,80.0,88080.0,744438.97,6793544.97,0.0,I,0,ACCROCHE,1994-01-01,Vulaines,19,4,DIFFUSEUR,Diffuseur,,,T,,89,APRR
EchA0005Pr115,2025-01-01,A0005,115,10,C,120.0,115120.0,770175.41,6797225.77,0.0,I,0,ACCROCHE,1994-01-01,Torvilliers,20,4,DIFFUSEUR,Diffuseur,,,T,,10,APRR
EchA0005Pr131,2025-01-01,A0005,131,10,C,200.0,131200.0,783822.69,6791799.5,0.0,I,0,ACCROCHE,1983-01-01,St.Thibault,21,4,DIFFUSEUR,Diffuseur,,,T,,10,APRR
EchA0005Pr135,2025-01-01,A0005,135,10,C,290.0,135290.0,787616.22,6792749.96,0.0,I,0,ACCROCHE,1983-01-01,Noeud de Clerey,,2,BIFURCATION,N?ud autoroutier (Bifurcation),,,F,,10,APRR
EchA0005Pr157,2025-01-01,A0005,157,10,C,430.0,157430.0,807260.05,6787210.2,0.0,I,0,ACCROCHE,1983-01-01,Magnant,22,4,DIFFUSEUR,Diffuseur,,,T,,10,APRR
EchA0005Pr185,2025-01-01,A0005,185,10,C,100.0,185100.0,832767.86,6780583.81,0.0,I,0,ACCROCHE,1983-01-01,Ville-sous-La-Ferte,23,4,DIFFUSEUR,Diffuseur,,,T,,10,APRR
EchA0005Pr208,2025-01-01,A0005,208,52,C,270.0,208270.0,853556.08,6773041.86,0.0,I,0,ACCROCHE,1983-01-01,Chaumont-Semoutiers,24,4,DIFFUSEUR,Diffuseur,,,T,,52,APRR
EchA0005Pr228,2025-01-01,A0005,228,52,C,100.0,228100.0,866053.82,6758632.41,0.0,I,0,ACCROCHE,1983-01-01,Noeud de Beauchemin,,2,BIFURCATION,N?ud autoroutier (Bifurcation),,,T,,52,APRR
EchA005APr0,2025-01-01,A0005A,0,91,C,0.0,0.0,665756.59,6837277.51,0.0,I,0,ACCROCHE,1995-01-01,Noeud de La Justice,,2,BIFURCATION,N?ud autoroutier (Bifurcation),,,T,,91,APRR
EchA005APr1,2025-01-01,A0005A,1,77,C,850.0,1852.0,666654.61,6835723.24,0.0,I,0,ACCROCHE,1995-01-01,Carre-Senart,10.a,2,DIFFUSEUR,Diffuseur,,,T,,77,APRR
EchA005APr2,2025-01-01,A0005A,2,77,C,460.0,2470.0,667183.49,6835404.84,0.0,I,0,ACCROCHE,1995-01-01,Senart-Savigny,10.b,4,DIFFUSEUR,Diffuseur,,,T,Diffuseurs 10.b et 10.c imbriqu?s,77,APRR
EchA005APr2,2025-01-01,A0005A,2,77,C,461.0,2471.0,667184.35,6835404.33,0.0,I,0,ACCROCHE,1995-01-01,Lieusaint,10.c,4,DIFFUSEUR,Diffuseur,,,T,Diffuseurs 10.b et 10.c imbriqu?s,77,APRR
EchA005APr3,2025-01-01,A0005A,3,77,C,800.0,3811.0,668331.14,6834715.28,0.0,I,0,ACCROCHE,1995-01-01,Savigny-Le-Temple,11,2,DIFFUSEUR,Diffuseur,,,T,,77,APRR
EchA005APr4,2025-01-01,A0005A,4,77,C,700.0,4711.0,669105.67,6834254.11,0.0,I,0,ACCROCHE,1995-01-01,Arvigny,12,2,DIFFUSEUR,Diffuseur,,,T,,77,APRR
EchA005APr6,2025-01-01,A0005A,6,77,C,760.0,6773.0,670910.78,6833280.36,0.0,I,0,ACCROCHE,1995-01-01,Plessis-Picard,13,2,DIFFUSEUR,Diffuseur,,,T,,77,APRR
EchA0006Pr46,2025-01-01,A0006,46,77,C,480.0,38058.0,664545.69,6817528.25,0.0,I,0,ACCROCHE,1964-01-01,Cely,13,4,DIFFUSEUR,Diffuseur,,,T,,77,APRR
EchA0006Pr60,2025-01-01,A0006,60,77,C,990.0,52568.0,669794.82,6804369.72,0.0,I,0,ACCROCHE,1964-01-01,Ury,14,4,DIFFUSEUR,Diffuseur,,,T,,77,APRR
EchA0006Pr69,2025-01-01,A0006,69,77,C,870.0,61448.0,676485.62,6798904.44,0.0,I,0,ACCROCHE,1964-01-01,Fontainebleau,15,2,DIFFUSEUR,Diffuseur,,,T,,77,APRR
EchA0006Pr72,2025-01-01,A0006,72,77,C,820.0,64398.0,678708.64,6797017.36,0.0,I,0,ACCROCHE,1964-01-01,Nemours,16,4,DIFFUSEUR,Diffuseur,,,T,,77,APRR
EchA0006Pr79,2025-01-01,A0006,79,77,C,600.0,71178.0,682573.62,6791489.19,0.0,I,0,ACCROCHE,1964-01-01,Noeud du Puys,,0,BIFURCATION,N?ud autoroutier (Bifurcation),,,F,,77,APRR
EchA0006Pr110,2025-01-01,A0006,110,89,C,870.0,102448.0,707181.43,6772877.59,0.0,I,0,ACCROCHE,1967-01-01,Courtenay,17,5,DIFFUSEUR,Diffuseur,,,T,,89,APRR
EchA0006Pr111,2025-01-01,A0006,111,89,C,80.0,102658.0,707339.34,6772737.01,0.0,I,0,ACCROCHE,1967-01-01,Noeud de Courtenay,,6,BIFURCATION,N?ud autoroutier (Bifurcation),,,F,,89,APRR
EchA0006Pr127,2025-01-01,A0006,127,89,C,800.0,119378.0,718090.03,6760095.65,0.0,I,0,ACCROCHE,1967-01-01,Joigny,18,4,DIFFUSEUR,Diffuseur,,,T,,89,APRR
EchA0006Pr153,2025-01-01,A0006,153,89,C,600.0,145178.0,740951.35,6750701.72,0.0,I,0,ACCROCHE,1965-01-01,Auxerre-Nord,19,4,DIFFUSEUR,Diffuseur,,,T,,89,APRR
EchA0006Pr165,2025-01-01,A0006,165,89,C,300.0,156878.0,748940.96,6744411.21,0.0,I,0,ACCROCHE,1965-01-01,Auxerre-Sud,20,4,DIFFUSEUR,Diffuseur,,,T,,89,APRR
EchA0006Pr190,2025-01-01,A0006,190,89,C,100.0,181678.0,766299.1,6729229.18,0.0,I,0,ACCROCHE,1963-01-01,Nitry,21,4,DIFFUSEUR,Diffuseur,,,T,,89,APRR
EchA0006Pr209,2025-01-01,A0006,209,89,C,400.0,200978.0,774780.29,6713099.98,0.0,I,0,ACCROCHE,1963-01-01,Avallon,22,4,DIFFUSEUR,Diffuseur,,,T,,89,APRR
EchA0006Pr235,2025-01-01,A0006,235,21,C,300.0,226878.0,798443.4,6704747.83,0.0,I,0,ACCROCHE,1969-01-01,Bierre-les-Semur,23,4,DIFFUSEUR,Diffuseur,,,T,,21,APRR
EchA0006Pr264,2025-01-01,A0006,264,21,C,400.0,255978.0,817706.11,6684661.09,0.0,I,0,ACCROCHE,1969-01-01,Pouilly-en,24,5,DIFFUSEUR,Diffuseur,,,T,,21,APRR
EchA0006Pr301,2025-01-01,A0006,301,21,C,50.0,292628.0,840566.81,6661601.89,0.0,I,0,ACCROCHE,1970-01-01,Beaune-Nord,24,4,DIFFUSEUR,Diffuseur,,,T,,21,APRR
EchA0006Pr304,2025-01-01,A0006,304,21,C,500.0,296078.0,841998.76,6659348.2,0.0,I,0,ACCROCHE,1970-01-01,Noeud de Beaune,,2,BIFURCATION,N?ud autoroutier (Bifurcation),,,T,,21,APRR
EchA0006Pr306,2025-01-01,A0006,306,21,C,800.0,298378.0,841287.26,6657233.65,0.0,I,0,ACCROCHE,1970-01-01,Beaune,24.1,4,DIFFUSEUR,Diffuseur,,,T,,21,APRR
EchA0006Pr328,2025-01-01,A0006,328,71,C,900.0,320478.0,839214.13,6635481.43,0.0,I,0,ACCROCHE,1970-01-01,Chalon-Nord,25,4,DIFFUSEUR,Diffuseur,,,T,,71,APRR
EchA0006Pr335,2025-01-01,A0006,335,71,C,100.0,326678.0,839816.03,6629528.28,0.0,I,0,ACCROCHE,1970-01-01,Chalon-Sud,26,4,DIFFUSEUR,Diffuseur,,,T,,71,APRR
EchA0006Pr355,2025-01-01,A0006,355,71,C,400.0,346978.0,845450.28,6610712.14,0.0,I,0,ACCROCHE,1970-01-01,Tournus,27,4,DIFFUSEUR,Diffuseur,,,T,,71,APRR
EchA0006Pr380,2025-01-01,A0006,380,71,C,900.0,372478.0,841149.66,6587096.08,0.0,I,0,ACCROCHE,1970-01-01,Macon-Nord,28,4,DIFFUSEUR,Diffuseur,,,T,,71,APRR
EchA0006Pr383,2025-01-01,A0006,383,71,C,50.0,374628.0,840480.56,6585069.01,0.0,I,0,ACCROCHE,1969-01-01,Noeud de Sennece,,0,BIFURCATION,N?ud autoroutier (Bifurcation),,,F,,71,APRR
EchA0006Pr391,2025-01-01,A0006,391,71,C,230.0,382808.0,837753.9,6577703.9,0.0,I,0,ACCROCHE,1969-01-01,Macon-Sud,29,4,DIFFUSEUR,Diffuseur,,,T,,71,APRR
EchA0006Pr412,2025-01-01,A0006,412,69,C,500.0,404078.0,835244.46,6557169.17,0.0,I,0,ACCROCHE,1969-01-01,Belleville,30,4,DIFFUSEUR,Diffuseur,,,T,,69,APRR
EchA0006Pr421,2025-01-01,A0006,421,69,C,450.0,413028.0,833435.42,6548521.56,0.0,I,0,ACCROCHE,1969-01-01,Villefranche-Nord,31.1,4,DIFFUSEUR,Diffuseur,,,T,,69,APRR
EchA0006Pr426,2025-01-01,A0006,426,69,C,750.0,418328.0,834328.61,6543398.92,0.0,I,0,ACCROCHE,1969-01-01,Villefranche,31.2,4,DIFFUSEUR,Diffuseur,,,T,,69,APRR
EchA0006Pr431,2025-01-01,A0006,431,69,C,460.0,423038.0,833512.05,6539217.23,0.0,I,0,ACCROCHE,1968-01-01,Bifurcation d'Anse,,0,BIFURCATION,N?ud autoroutier (Bifurcation),,,F,,69,APRR
EchA0006Pr432,2025-01-01,A0006,432,69,C,910.0,424488.0,833802.23,6537891.95,0.0,I,0,ACCROCHE,1968-01-01,Anse,32,2,DIFFUSEUR,Diffuseur,,,T,,69,APRR
EchA0006Pr437,2025-01-01,A0006,437,69,C,20.0,428598.0,834455.11,6533902.76,0.0,I,0,ACCROCHE,1968-01-01,A6-A466,,0,BIFURCATION,N?ud autoroutier (Bifurcation),,,F,,69,APRR
EchA0006Pr443,2025-01-01,A0006,443,69,C,380.0,434958.0,836276.37,6527958.35,0.0,I,0,ACCROCHE,1968-01-01,A6-A89,,2,BIFURCATION,N?ud autoroutier (Bifurcation),,,T,,69,APRR
EchA0006Pr444,2025-01-01,A0006,444,69,C,700.0,436278.0,836836.89,6526770.5,0.0,I,0,ACCROCHE,,Limonest,33,8,DIFFUSEUR,Diffuseur,,,T,,69,APRR
EchangeurA0007Pr16,2025-01-01,A0007,16,38,C,245.0,24387.0,841286.28,6478245.09,0.0,I,0,ACCROCHE,,Auberive,11.1,1,DIFFUSEUR,Diffuseur,LOSANGE,Losange,F,,38,ASF
EchangeurA0007Pr23,2025-01-01,A0007,23,38,C,630.0,31772.0,841946.43,6471024.25,0.0,I,0,ACCROCHE,,Chanas,12,4,DIFFUSEUR,Diffuseur,TROMPETTE,Trompette,T,,38,ASF
EchangeurA0007Pr55,2025-01-01,A0007,55,26,C,106.0,63248.0,847309.8,6442598.85,0.0,I,0,ACCROCHE,,Tain,13,4,DIFFUSEUR,Diffuseur,TROMPETTE,Trompette,T,,26,ASF
EchangeurA0007Pr65,2025-01-01,A0007,65,26,C,839.0,73981.0,848667.95,6432151.97,0.0,I,0,ACCROCHE,,Valence-Nord,14,4,DIFFUSEUR,Diffuseur,TROMPETTE,Trompette,T,,26,ASF
EchangeurA0007Pr73,2025-01-01,A0007,73,26,C,770.0,81912.0,848056.16,6424547.97,0.0,I,0,ACCROCHE,,Valence-Sud,15,4,DIFFUSEUR,Diffuseur,TROMPETTE,Trompette,T,,26,ASF
EchangeurA0007Pr92,2025-01-01,A0007,92,26,C,275.0,100417.0,841983.45,6408159.53,0.0,I,0,ACCROCHE,,Loriol,16,4,DIFFUSEUR,Diffuseur,TROMPETTE,Trompette,T,,26,ASF
EchangeurA0007Pr102,2025-01-01,A0007,102,26,C,202.0,110344.0,842440.98,6398501.47,0.0,I,0,ACCROCHE,,Montelimar-Nord,17,4,DIFFUSEUR,Diffuseur,TROMPETTE,Trompette,T,,26,ASF
EchangeurA0007Pr124,2025-01-01,A0007,124,26,C,633.0,132775.0,840497.35,6377346.8,0.0,I,0,ACCROCHE,,Montelimar-Sud,18,4,DIFFUSEUR,Diffuseur,TROMPETTE,Trompette,T,,26,ASF
EchangeurA0007Pr146,2025-01-01,A0007,146,84,C,340.0,154482.0,839275.19,6356528.27,0.0,I,0,ACCROCHE,,Bollene,19,4,DIFFUSEUR,Diffuseur,TROMPETTE,Trompette,T,,84,ASF
EchangeurA0007Pr162,2025-01-01,A0007,162,84,C,830.0,170972.0,841049.26,6342388.6,0.0,I,0,ACCROCHE,,Orange Nord,20,2,DIFFUSEUR,Diffuseur,TROMPETTE,Trompette,F,,84,ASF
EchangeurA0007Pr166,2025-01-01,A0007,166,84,C,759.0,174901.0,842808.55,6338898.51,0.0,I,0,ACCROCHE,,Bifurcation A7/A9,,4,BIFURCATION,N?ud autoroutier (Bifurcation),AUTRE,Autres formes,T,,84,ASF
EchangeurA0007Pr167,2025-01-01,A0007,167,84,C,380.0,175522.0,843231.86,6338441.14,0.0,I,0,ACCROCHE,,Orange centre,21,6,MIXTE,?changeur mixte,TROMPETTE,Trompette,T,,84,ASF
EchangeurA0007Pr172,2025-01-01,A0007,172,84,C,440.0,180582.0,847534.98,6336266.5,0.0,I,0,ACCROCHE,,Orange-Sud,22,4,DIFFUSEUR,Diffuseur,TROMPETTE,Trompette,T,,84,ASF
EchangeurA0007Pr188,2025-01-01,A0007,188,84,C,480.0,196622.0,851839.61,6322006.46,0.0,I,0,ACCROCHE,,Avignon-Nord,23,4,DIFFUSEUR,Diffuseur,TROMPETTE,Trompette,T,,84,ASF
EchangeurA0007Pr198,2025-01-01,A0007,198,84,C,120.0,206262.0,853876.39,6312788.13,0.0,I,0,ACCROCHE,,Avignon-Sud,24,4,DIFFUSEUR,Diffuseur,TROMPETTE,Trompette,T,,84,ASF
EchangeurA0007Pr211,2025-01-01,A0007,211,13,C,860.0,220002.0,863592.26,6303960.81,0.0,I,0,ACCROCHE,,Cavaillon,25,4,DIFFUSEUR,Diffuseur,TROMPETTE,Trompette,T,,13,ASF
EchangeurA0007Pr221,2025-01-01,A0007,221,13,C,190.0,229332.0,868099.85,6296059.3,0.0,I,0,ACCROCHE,,Senas,26,4,DIFFUSEUR,Diffuseur,TROMPETTE,Trompette,T,,13,ASF
EchangeurA0007Pr228,2025-01-01,A0007,228,13,C,200.0,236342.0,868996.71,6289227.5,0.0,I,0,ACCROCHE,,Sortie de Salon-Nord,27a,1,DIFFUSEUR,Diffuseur,LOSANGE,Losange,F,,13,ASF
EchangeurA0007Pr230,2025-01-01,A0007,230,13,C,980.0,239122.0,869671.12,6286587.4,0.0,I,0,ACCROCHE,,Entree de Salon-Nord,27b,1,DIFFUSEUR,Diffuseur,LOSANGE,Losange,F,,13,ASF
EchangeurA0007Pr234,2025-01-01,A0007,234,13,C,986.0,243128.0,871797.17,6283213.61,0.0,I,0,ACCROCHE,,Bifurcation A7/A54,,4,BIFURCATION,N?ud autoroutier (Bifurcation),TROMPETTE,Trompette,T,,13,ASF
EchangeurA0007Pr246,2025-01-01,A0007,246,13,C,85.0,254227.0,879956.16,6276350.01,0.0,I,0,ACCROCHE,,Bifurcation A7/A8,,4,BIFURCATION,N?ud autoroutier (Bifurcation),AUTRE,Autres formes,T,,13,ASF
EchangeurA0007NPr20,2025-01-01,A0007N,21,38,C,-740.0,0.0,840301.36,6500066.96,0.0,I,0,ACCROCHE,,Bifurcation de Ternay (A7/A47/A46),,8,BIFURCATION,N?ud autoroutier (Bifurcation),AUTRE,Autres formes,T,,38,ASF
EchangeurA0007NPr21,2025-01-01,A0007N,21,38,C,906.0,1646.0,841057.49,6498733.94,0.0,I,0,ACCROCHE,,Chasse,8,2,DIFFUSEUR,Diffuseur,TROMPETTE,Trompette,F,,38,ASF
EchangeurA0007NPr26,2025-01-01,A0007N,26,38,C,542.0,6282.0,844052.56,6495431.43,0.0,I,0,ACCROCHE,,Vienne Nord,9,2,DIFFUSEUR,Diffuseur,TROMPETTE,Trompette,F,,38,ASF
EchangeurA0007NPr31,2025-01-01,A0007N,31,69,C,700.0,11440.0,844008.35,6491497.11,0.0,I,0,ACCROCHE,,Condrieu,10,2,DIFFUSEUR,Diffuseur,LOSANGE,Losange,F,,69,ASF
EchangeurA0007NPr33,2025-01-01,A0007N,33,38,C,0.0,12740.0,843616.56,6490393.56,0.0,I,0,ACCROCHE,,Vienne Sud,11,2,DIFFUSEUR,Diffuseur,AUTRE,Autres formes,F,,38,ASF
EchangeurA0008Pr0,2025-01-01,A0008,0,13,C,0.0,0.0,879950.4,6276364.9,0.0,I,0,ACCROCHE,,Bifurcation A7/A8,,4,BIFURCATION,N?ud autoroutier (Bifurcation),AUTRE,Autres formes,T,,13,ASF
EchangeurA0008Pr1,2025-01-01,A0008,1,13,C,210.0,1210.0,880476.7,6275260.17,0.0,I,0,ACCROCHE,,Coudoux,28,2,DIFFUSEUR,Diffuseur,LOSANGE,Losange,F,,13,ASF
EchangeurA0008Pr15,2025-01-01,A0008,15,13,C,690.0,15690.0,894238.52,6272700.67,0.0,I,0,ACCROCHE,,Demi-diffuseur d'Aix Ouest (oriente vers l'ouest),29,2,DIFFUSEUR,Diffuseur,TROMPETTE,Trompette,F,,13,ASF
EchA0008Pr19+185,2025-01-01,A0008,19,13,C,185.0,19185.0,897295.35,6271191.17,0.0,I,0,ACCROCHE,1970-03-01,Luynes,30a,2,DIFFUSEUR,Diffuseur,LOSANGE,Losange,F,,13,ESCOTA
EchA0008Pr19+432,2025-01-01,A0008,19,13,C,432.0,19432.0,897537.8,6271139.01,0.0,I,0,ACCROCHE,1970-03-01,Aix Pont de l'Arc,30b,2,DIFFUSEUR,Diffuseur,LOSANGE,Losange,F,,13,ESCOTA
EchA0008Pr21+507,2025-01-01,A0008,21,13,C,507.0,21507.0,899609.42,6271319.92,0.0,I,0,ACCROCHE,1970-03-01,Aix-Val St-Andre,31,4,DIFFUSEUR,Diffuseur,LOSANGE,Losange,T,,13,ESCOTA
EchA0008Pr26+819,2025-01-01,A0008,26,13,C,819.0,26819.0,904276.12,6269607.72,0.0,I,0,ACCROCHE,1973-12-20,Rousset,32,2,DIFFUSEUR,Diffuseur,LOSANGE,Losange,F,,13,ESCOTA
EchA0008Pr28+411,2025-01-01,A0008,28,13,C,411.0,28411.0,905174.12,6268350.57,0.0,I,0,ACCROCHE,1973-12-20,Gardanne,32,2,DIFFUSEUR,Diffuseur,LOSANGE,Losange,F,,13,ESCOTA
EchA0008Pr30+7,2025-01-01,A0008,30,13,C,7.0,30007.0,906728.21,6268062.42,0.0,I,0,ACCROCHE,1973-12-20,N?ud A8 A52,,4,BIFURCATION,N?ud autoroutier (Bifurcation),LOSANGE,Losange,T,,13,ESCOTA
EchA0008Pr46+749,2025-01-01,A0008,46,83,C,749.0,46749.0,923041.23,6268310.33,0.0,I,0,ACCROCHE,1974-06-24,Trets,33,2,DIFFUSEUR,Diffuseur,LOSANGE,Losange,F,,83,ESCOTA
EchA0008Pr57+680,2025-01-01,A0008,57,83,C,680.0,57680.0,933331.37,6265694.36,0.0,I,0,ACCROCHE,1974-06-24,Saint-Maximin,34,4,DIFFUSEUR,Diffuseur,TROMPETTE,Trompette,T,,83,ESCOTA
EchA0008Pr73+758,2025-01-01,A0008,73,83,C,758.0,73758.0,948402.09,6262889.18,0.0,I,0,ACCROCHE,1974-06-24,Brignoles,35,4,DIFFUSEUR,Diffuseur,LOSANGE,Losange,T,,83,ESCOTA
EchA0008Pr98+8,2025-01-01,A0008,98,83,C,8.0,98008.0,971461.25,6261103.47,0.0,I,0,ACCROCHE,1973-06-21,N?ud A8 A57,,4,BIFURCATION,N?ud autoroutier (Bifurcation),LOSANGE,Losange,T,,83,ESCOTA
EchA0008Pr117+608,2025-01-01,A0008,117,83,C,608.0,117608.0,987612.4,6268663.52,0.0,I,0,ACCROCHE,1972-06-29,Le Muy,36,4,DIFFUSEUR,Diffuseur,LOSANGE,Losange,T,,83,ESCOTA
EchA0008Pr129+237,2025-01-01,A0008,129,83,C,237.0,129237.0,998598.28,6269163.57,0.0,I,0,ACCROCHE,1972-06-29,Puget-sur-Argens,37,4,DIFFUSEUR,Diffuseur,LOSANGE,Losange,T,,83,ESCOTA
EchA0008Pr132+960,2025-01-01,A0008,132,83,C,960.0,132960.0,1001862.24,6270440.43,0.0,I,0,ACCROCHE,1961-03-01,Frejus-Centre,38,2,DIFFUSEUR,Diffuseur,AUTRE,Autres formes,F,,83,ESCOTA
EchA0008Pr133+943,2025-01-01,A0008,133,83,C,943.0,133943.0,1002678.01,6271001.13,0.0,I,0,ACCROCHE,1961-03-01,Frejus-Centre,38,2,DIFFUSEUR,Diffuseur,AUTRE,Autres formes,F,,83,ESCOTA
EchA0008Pr145+539,2025-01-01,A0008,145,83,C,539.0,145539.0,1007934.21,6279183.24,0.0,I,0,ACCROCHE,1961-03-01,Les Adrets,39,4,DIFFUSEUR,Diffuseur,LOSANGE,Losange,T,,83,ESCOTA
EchA0008Pr157+221,2025-01-01,A0008,157,06,C,221.0,157221.0,1018414.12,6279652.14,0.0,I,0,ACCROCHE,1961-06-01,Mandelieu,40,4,DIFFUSEUR,Diffuseur,LOSANGE,Losange,T,,06,ESCOTA
EchA0008Pr159+425,2025-01-01,A0008,159,06,C,425.0,159425.0,1019532.83,6281174.82,0.0,I,0,ACCROCHE,1961-07-01,Mandelieu Est,41,4,DIFFUSEUR,Diffuseur,LOSANGE,Losange,T,,06,ESCOTA
EchA0008Pr164+965,2025-01-01,A0008,164,06,C,965.0,164965.0,1023325.85,6284525.06,0.0,I,0,ACCROCHE,1961-07-01,Mougins,42,4,DIFFUSEUR,Diffuseur,TROMPETTE,Trompette,T,,06,ESCOTA
EchA0008Pr171+372,2025-01-01,A0008,171,06,C,372.0,171372.0,1028587.14,6286779.13,0.0,I,0,ACCROCHE,1961-07-01,Antibes,44,2,DIFFUSEUR,Diffuseur,AUTRE,Autres formes,F,,06,ESCOTA
EchA0008Pr172+115,2025-01-01,A0008,172,06,C,115.0,172115.0,1029318.22,6286684.77,0.0,I,0,ACCROCHE,1961-07-01,Antibes,44,1,DIFFUSEUR,Diffuseur,AUTRE,Autres formes,F,,06,ESCOTA
EchA0008Pr172+452,2025-01-01,A0008,172,06,C,452.0,172452.0,1029648.02,6286773.28,0.0,I,0,ACCROCHE,1961-07-01,Antibes,44,2,DIFFUSEUR,Diffuseur,AUTRE,Autres formes,F,,06,ESCOTA
EchA0008Pr177+808,2025-01-01,A0008,177,06,C,808.0,177808.0,1032867.72,6290335.35,0.0,I,0,ACCROCHE,1961-07-01,Villeneuve-Loubet Plage,46,2,DIFFUSEUR,Diffuseur,LOSANGE,Losange,F,,06,ESCOTA
EchA0008Pr179+27,2025-01-01,A0008,179,06,C,27.0,179027.0,1033422.93,6291384.42,0.0,I,0,ACCROCHE,1961-07-01,Villeneuve-Loubet,47,3,DIFFUSEUR,Diffuseur,LOSANGE,Losange,F,,06,ESCOTA
EchA0008Pr179+987,2025-01-01,A0008,179,06,C,987.0,179987.0,1034032.1,6292135.52,0.0,I,0,ACCROCHE,1961-07-01,Villeneuve-Loubet,47,1,DIFFUSEUR,Diffuseur,LOSANGE,Losange,F,,06,ESCOTA
EchA0008Pr181+269,2025-01-01,A0008,181,06,C,269.0,181269.0,1034635.41,6293242.34,0.0,I,0,ACCROCHE,1961-07-01,Cagnes-sur-Mer,48,2,DIFFUSEUR,Diffuseur,TROMPETTE,Trompette,F,,06,ESCOTA
EchA0008Pr185+239,2025-01-01,A0008,185,06,C,239.0,185239.0,1038329.91,6294389.12,0.0,I,0,ACCROCHE,1976-06-18,Saint-Laurent-du-Var,49,4,DIFFUSEUR,Diffuseur,LOSANGE,Losange,T,,06,ESCOTA
EchA0008Pr185+810,2025-01-01,A0008,185,06,C,810.0,185810.0,1038775.96,6294684.62,0.0,I,0,ACCROCHE,1976-06-18,Nice-Ouest/Nice-Centre,50,2,DIFFUSEUR,Diffuseur,LOSANGE,Losange,F,,06,ESCOTA
EchA0008Pr186+544,2025-01-01,A0008,186,06,C,544.0,186544.0,1038403.85,6295216.39,0.0,I,0,ACCROCHE,1976-06-18,Nice Aeroport,51,4,DIFFUSEUR,Diffuseur,TROMPETTE,Trompette,F,,06,ESCOTA
EchA0008Pr188+665,2025-01-01,A0008,188,06,C,665.0,188665.0,1037677.35,6297167.59,0.0,I,0,ACCROCHE,1976-12-24,Carros,51.1,2,DIFFUSEUR,Diffuseur,LOSANGE,Losange,F,,06,ESCOTA
EchA0008Pr190+185,2025-01-01,A0008,190,06,C,185.0,190185.0,1037613.12,6298655.87,0.0,I,0,ACCROCHE,1976-12-24,Nice Saint-Isidore,52,4,DIFFUSEUR,Diffuseur,LOSANGE,Losange,T,,06,ESCOTA
EchA0008Pr197+536,2025-01-01,A0008,197,06,C,536.0,197536.0,1042839.89,6301593.82,0.0,I,0,ACCROCHE,1976-12-24,Nice-Nord,54,4,DIFFUSEUR,Diffuseur,TROMPETTE,Trompette,T,,06,ESCOTA
EchA0008Pr200+110,2025-01-01,A0008,200,06,C,110.0,200110.0,1045219.2,6302108.24,0.0,I,0,ACCROCHE,1976-12-24,Nice-Est,55,2,DIFFUSEUR,Diffuseur,TROMPETTE,Trompette,F,,06,ESCOTA
EchA0008Pr200+637,2025-01-01,A0008,200,06,C,637.0,200637.0,1045744.9,6302020.62,0.0,I,0,ACCROCHE,1978-02-10,Nice-Centre,55,2,DIFFUSEUR,Diffuseur,LOSANGE,Losange,F,,06,ESCOTA
EchA0008Pr207+348,2025-01-01,A0008,207,06,C,348.0,207348.0,1051913.39,6303651.78,0.0,I,0,ACCROCHE,1992-05-25,Monaco,56,2,DIFFUSEUR,Diffuseur,TROMPETTE,Trompette,F,,06,ESCOTA
EchA0008Pr208+18,2025-01-01,A0008,208,06,C,18.0,208018.0,1052592.61,6303637.22,0.0,I,0,ACCROCHE,1978-02-10,La Turbie,57,2,DIFFUSEUR,Diffuseur,LOSANGE,Losange,F,,06,ESCOTA
EchA0008Pr214+156,2025-01-01,A0008,214,06,C,156.0,214156.0,1057857.38,6305766.23,0.0,I,0,ACCROCHE,1978-06-22,Roquebrune-Cap-Martin,58,2,DIFFUSEUR,Diffuseur,LOSANGE,Losange,F,,06,ESCOTA
EchA0008Pr220+80,2025-01-01,A0008,220,06,C,80.0,220080.0,1060668.83,6310032.99,0.0,I,0,ACCROCHE,1969-07-14,Menton,59,4,DIFFUSEUR,Diffuseur,LOSANGE,Losange,T,,06,ESCOTA
EchangeurA0009Pr0,2025-01-01,A0009,0,84,C,60.0,60.0,842726.34,6338977.3,0.0,I,0,ACCROCHE,,Bifurcation A7/A9,,4,BIFURCATION,N?ud autoroutier (Bifurcation),AUTRE,Autres formes,T,,84,ASF
EchangeurA0009Pr14,2025-01-01,A0009,14,30,C,710.0,14710.0,839233.91,6326344.51,0.0,I,0,ACCROCHE,,Roquemaure,22,4,DIFFUSEUR,Diffuseur,TROMPETTE,Trompette,T,,30,ASF
EchangeurA0009Pr29,2025-01-01,A0009,29,30,C,540.0,29540.0,828487.05,6316380.02,0.0,I,0,ACCROCHE,,Remoulins,23,4,DIFFUSEUR,Diffuseur,TROMPETTE,Trompette,T,,30,ASF
EchangeurA0009Pr46,2025-01-01,A0009,46,30,C,870.0,46870.0,814518.88,6307203.48,0.0,I,0,ACCROCHE,,Nimes-Est,24,4,DIFFUSEUR,Diffuseur,TROMPETTE,Trompette,T,,30,ASF
EchangeurA0009Pr55,2025-01-01,A0009,55,30,C,30.0,55030.0,808397.63,6302211.68,0.0,I,0,ACCROCHE,,Nimes-Ouest,25,4,DIFFUSEUR,Diffuseur,TREFLE,Tr?fle,T,,30,ASF
EchangeurA0009Pr55,2025-01-01,A0009,55,30,C,265.0,55265.0,808175.62,6302128.91,0.0,I,0,ACCROCHE,,Bifurcation A9/A54,,4,BIFURCATION,N?ud autoroutier (Bifurcation),TROMPETTE,Trompette,T,,30,ASF
EchangeurA0009Pr72,2025-01-01,A0009,72,30,C,860.0,72860.0,795024.84,6292616.34,0.0,I,0,ACCROCHE,,Gallargues-le-Montueux,26,4,DIFFUSEUR,Diffuseur,TROMPETTE,Trompette,T,,30,ASF
EchangeurA0009Pr78,2025-01-01,A0009,78,34,C,820.0,78820.0,789975.6,6289920.49,0.0,I,0,ACCROCHE,,Lunel,27,4,DIFFUSEUR,Diffuseur,TROMPETTE,Trompette,T,,34,ASF
EchangeurA0009Pr122,2025-01-01,A0009,122,34,C,899.0,123160.0,755316.95,6264921.56,0.0,I,0,ACCROCHE,,Sete,33,4,DIFFUSEUR,Diffuseur,TROMPETTE,Trompette,T,,34,ASF
EchangeurA0009Pr148,2025-01-01,A0009,148,34,C,430.0,148691.0,733720.8,6253169.83,0.0,I,0,ACCROCHE,,Agde-Pezenas,34,4,DIFFUSEUR,Diffuseur,TROMPETTE,Trompette,T,,34,ASF
EchangeurA0009Pr159,2025-01-01,A0009,159,34,C,380.0,159641.0,723976.33,6248922.37,0.0,I,0,ACCROCHE,,Bifurcation A9/A75,,4,BIFURCATION,N?ud autoroutier (Bifurcation),TROMPETTE,Trompette,T,,34,ASF
EchangeurA0009Pr166,2025-01-01,A0009,166,34,C,626.0,166887.0,718098.41,6244969.71,0.0,I,0,ACCROCHE,,Beziers-Ouest,36,4,DIFFUSEUR,Diffuseur,TROMPETTE,Trompette,T,,34,ASF
EchangeurA0009Pr188,2025-01-01,A0009,188,11,C,421.0,188682.0,702805.57,6230818.05,0.0,I,0,ACCROCHE,,Narbonne-Est,37,4,DIFFUSEUR,Diffuseur,TROMPETTE,Trompette,T,,11,ASF
EchangeurA0009Pr192,2025-01-01,A0009,192,11,C,24.0,192285.0,699499.18,6229311.03,0.0,I,0,ACCROCHE,,Narbonne-Sud,38,4,DIFFUSEUR,Diffuseur,TROMPETTE,Trompette,T,,11,ASF
EchangeurA0009Pr193,2025-01-01,A0009,193,11,C,644.0,193905.0,698655.44,6227948.72,0.0,I,0,ACCROCHE,,Bifurcation A9/A61 (Narbonne),,5,BIFURCATION,N?ud autoroutier (Bifurcation),TROMPETTE,Trompette,T,,11,ASF
EchangeurA0009Pr208,2025-01-01,A0009,208,11,C,155.0,208416.0,696139.74,6214869.25,0.0,I,0,ACCROCHE,,Sigean,39,4,DIFFUSEUR,Diffuseur,TROMPETTE,Trompette,T,,11,ASF
EchangeurA0009Pr219,2025-01-01,A0009,219,11,C,232.0,219493.0,697537.19,6204420.3,0.0,I,0,ACCROCHE,,Leucate,40,4,DIFFUSEUR,Diffuseur,TROMPETTE,Trompette,T,,11,ASF
EchangeurA0009Pr241,2025-01-01,A0009,241,66,C,395.0,241656.0,691399.56,6187026.2,0.0,I,0,ACCROCHE,,Perpignan-Nord,41,4,DIFFUSEUR,Diffuseur,TROMPETTE,Trompette,T,,66,ASF
EchangeurA0009Pr255,2025-01-01,A0009,255,66,C,113.0,255374.0,688620.23,6173845.76,0.0,I,0,ACCROCHE,,Perpignan-Sud,42,4,DIFFUSEUR,Diffuseur,TROMPETTE,Trompette,T,,66,ASF
EchangeurA0009Pr271,2025-01-01,A0009,271,66,C,893.0,272154.0,685177.73,6158394.84,0.0,I,0,ACCROCHE,,Le Boulou,43,4,DIFFUSEUR,Diffuseur,TROMPETTE,Trompette,T,,66,ASF
EchA0010Pr0,2025-01-01,A0010,0,91,C,110.0,14127.0,640670.65,6841418.5,0.0,I,0,ACCROCHE,1996-01-01,Echangeur A10 - RN118,,2,DIFFUSEUR,Diffuseur,AUTRE,Autres formes,F,,91,COFIROUTE
EchA0010Pr1,2025-01-01,A0010,1,91,C,900.0,15914.0,639666.36,6839940.39,0.0,I,0,ACCROCHE,1979-01-01,Echangeur A10 - RN104,,4,DIFFUSEUR,Diffuseur,AUTRE,Autres formes,T,,91,COFIROUTE
EchA0010Pr19,2025-01-01,A0010,19,78,C,573.0,33563.0,625295.26,6830304.76,0.0,I,0,ACCROCHE,1972-10-30,Dourdan,10,4,DIFFUSEUR,Diffuseur,LOSANGE,Losange,T,,78,COFIROUTE
EchA0010Pr26,2025-01-01,A0010,26,78,C,314.0,40287.0,619307.93,6827536.89,0.0,I,0,ACCROCHE,1994-01-01,Bifurcation A10 - A11,,1,BIFURCATION,N?ud autoroutier (Bifurcation),AUTRE,Autres formes,F,,78,COFIROUTE
EchA0010Pr36,2025-01-01,A0010,36,78,C,69.0,50078.0,619546.52,6817851.55,0.0,I,0,ACCROCHE,1973-03-23,Allainville,11,4,DIFFUSEUR,Diffuseur,TROMPETTE,Trompette,T,,78,COFIROUTE
EchA0010Pr64,2025-01-01,A0010,64,28,C,670.0,78665.0,614514.15,6789913.4,0.0,I,0,ACCROCHE,1973-10-12,Allaines,12,4,DIFFUSEUR,Diffuseur,TROMPETTE,Trompette,T,,28,COFIROUTE
EchA0010Pr78,2025-01-01,A0010,78,28,C,50.0,92019.0,614490.62,6776622.8,0.0,I,0,ACCROCHE,1982-12-23,Artenay,13,4,DIFFUSEUR,Diffuseur,TROMPETTE,Trompette,T,,45,COFIROUTE
EchA0010Pr82,2025-01-01,A0010,82,45,C,985.0,96951.0,613572.8,6771790.91,0.0,I,0,ACCROCHE,2009-06-16,Bifurcation A10 - A19,,4,BIFURCATION,N?ud autoroutier (Bifurcation),TROMPETTE,Trompette,T,,45,COFIROUTE
EchA0010Pr93,2025-01-01,A0010,93,45,C,362.0,107298.0,614082.99,6761726.54,0.0,I,0,ACCROCHE,1973-10-12,Orleans Nord,14,4,DIFFUSEUR,Diffuseur,TROMPETTE,Trompette,T,,45,COFIROUTE
EchA0010Pr98,2025-01-01,A0010,98,45,C,674.0,112623.0,613832.26,6756473.7,0.0,I,0,ACCROCHE,1974-07-18,Bifurcation A10 - A71,,4,BIFURCATION,N?ud autoroutier (Bifurcation),TROMPETTE,Trompette,T,,45,COFIROUTE
EchA0010Pr115,2025-01-01,A0010,115,45,C,74.0,128995.0,600101.71,6748921.24,0.0,I,0,ACCROCHE,1974-07-18,Meung-sur-Loire,15,4,DIFFUSEUR,Diffuseur,TROMPETTE,Trompette,T,,45,COFIROUTE
EchA0010Pr131,2025-01-01,A0010,131,41,C,645.0,145557.0,588022.62,6737761.35,0.0,I,0,ACCROCHE,1992-02-26,Mer,16,4,DIFFUSEUR,Diffuseur,TROMPETTE,Trompette,T,,41,COFIROUTE
EchA0010Pr148,2025-01-01,A0010,148,41,C,797.0,162706.0,575765.02,6726189.09,0.0,I,0,ACCROCHE,1974-07-18,Blois,17,4,DIFFUSEUR,Diffuseur,TROMPETTE,Trompette,T,,41,COFIROUTE
EchA0010Pr178,2025-01-01,A0010,178,37,C,462.0,192325.0,548452.57,6718093.4,0.0,I,0,ACCROCHE,1974-07-18,Chateau-Renault,18,4,DIFFUSEUR,Diffuseur,TROMPETTE,Trompette,T,,37,COFIROUTE
EchA0010Pr197,2025-01-01,A0010,197,37,C,548.0,211354.0,531572.93,6709621.13,0.0,I,0,ACCROCHE,2005-12-14,Bifurcation A10 - A28,,4,BIFURCATION,N?ud autoroutier (Bifurcation),TROMPETTE,Trompette,T,,37,COFIROUTE
EchA0010Pr199,2025-01-01,A0010,199,37,C,776.0,213585.0,530124.11,6707960.39,0.0,I,0,ACCROCHE,1973-04-07,Tours Nord,19,4,DIFFUSEUR,Diffuseur,TROMPETTE,Trompette,T,,37,COFIROUTE
EchA0010Pr204,2025-01-01,A0010,204,37,C,952.0,218831.0,528155.86,6703325.99,0.0,I,0,ACCROCHE,1993-10-29,Vouvray,20,4,DIFFUSEUR,Diffuseur,AUTRE,Autres formes,T,,37,COFIROUTE
EchA0010Pr206,2025-01-01,A0010,206,37,C,726.0,220604.0,527063.38,6702010.0,0.0,I,0,ACCROCHE,1973-04-07,Tours Centre,21,8,DIFFUSEUR,Diffuseur,AUTRE,Autres formes,T,,37,COFIROUTE
EchA0010Pr210,2025-01-01,A0010,210,37,C,269.0,224144.0,527483.09,6698626.33,0.0,I,0,ACCROCHE,1973-04-07,Saint Avertin,22,4,DIFFUSEUR,Diffuseur,AUTRE,Autres formes,F,,37,COFIROUTE
EchA0010Pr212,2025-01-01,A0010,212,37,C,592.0,226471.0,526498.13,6696515.49,0.0,I,0,ACCROCHE,1973-04-07,Chambray (D943),23,2,DIFFUSEUR,Diffuseur,AUTRE,Autres formes,F,,37,COFIROUTE
EchA0010Pr212,2025-01-01,A0010,212,37,C,876.0,226755.0,526365.25,6696245.06,0.0,I,0,ACCROCHE,1973-04-07,Chambray (D910),23,4,DIFFUSEUR,Diffuseur,AUTRE,Autres formes,T,,37,COFIROUTE
EchA0010Pr214,2025-01-01,A0010,214,37,C,630.0,228448.0,525792.38,6694650.35,0.0,I,0,ACCROCHE,1995-12-14,Joue-Les-Tours,24,4,DIFFUSEUR,Diffuseur,TROMPETTE,Trompette,T,,37,COFIROUTE
EchA0010Pr217,2025-01-01,A0010,217,37,C,658.0,231513.0,525649.26,6691653.7,0.0,I,0,ACCROCHE,2007-12-18,Bifurcation A10 - A85,,10,BIFURCATION,N?ud autoroutier (Bifurcation),AUTRE,Autres formes,T,,37,COFIROUTE
EchA0010Pr223,2025-01-01,A0010,223,37,C,360.0,237216.0,523454.18,6686461.21,0.0,I,0,ACCROCHE,2004-10-01,Monts-Sorigny,"24,1",4,DIFFUSEUR,Diffuseur,TROMPETTE,Trompette,T,,37,COFIROUTE
EchA0010Pr241,2025-01-01,A0010,241,37,C,235.0,255076.0,517270.66,6670007.7,0.0,I,0,ACCROCHE,1977-10-28,Sainte-Maure-de-Touraine,25,4,DIFFUSEUR,Diffuseur,TROMPETTE,Trompette,T,,37,COFIROUTE
EchA0010Pr272,2025-01-01,A0010,272,86,C,251.0,286113.0,511374.37,6640458.34,0.0,I,0,ACCROCHE,1977-10-28,Chatellerault Nord,26,4,DIFFUSEUR,Diffuseur,TROMPETTE,Trompette,T,,86,COFIROUTE
EchA0010Pr278,2025-01-01,A0010,278,86,C,932.0,292805.0,509272.95,6634194.32,0.0,I,0,ACCROCHE,1977-07-01,Chatellerault Sud,27,4,DIFFUSEUR,Diffuseur,TROMPETTE,Trompette,T,,86,COFIROUTE
EchA0010Pr295,2025-01-01,A0010,295,86,C,899.0,309756.0,498058.41,6622521.9,0.0,I,0,ACCROCHE,1989-04-28,Futuroscope,28,4,DIFFUSEUR,Diffuseur,TROMPETTE,Trompette,T,,86,COFIROUTE
EchA0010Pr301,2025-01-01,A0010,301,86,C,442.0,315300.0,497121.12,6617093.97,0.0,I,0,ACCROCHE,1977-07-01,Poitiers Nord,29,4,DIFFUSEUR,Diffuseur,TROMPETTE,Trompette,T,,86,COFIROUTE
EchA0010Pr311,2025-01-01,A0010,311,86,C,57.0,324901.0,491785.49,6609516.31,0.0,I,0,ACCROCHE,1977-07-01,Poitiers Sud,30,4,DIFFUSEUR,Diffuseur,TROMPETTE,Trompette,T,,86,COFIROUTE
EchangeurA0010Pr311,2025-01-01,A0010,311,86,C,58.0,324902.0,491784.85,6609515.54,0.0,I,0,ACCROCHE,,Poitiers sud,30,4,DIFFUSEUR,Diffuseur,TROMPETTE,Trompette,T,,86,COFIROUTE
EchangeurA0010Pr343,2025-01-01,A0010,343,79,C,808.0,357652.0,463405.83,6596764.36,0.0,I,0,ACCROCHE,,Soudan,31,4,DIFFUSEUR,Diffuseur,TROMPETTE,Trompette,T,,79,ASF
EchangeurA0010Pr363,2025-01-01,A0010,363,79,C,653.0,377497.0,446277.97,6588129.73,0.0,I,0,ACCROCHE,,Bifurcation A10/A83,,4,BIFURCATION,N?ud autoroutier (Bifurcation),TROMPETTE,Trompette,T,,79,ASF
EchangeurA0010Pr370,2025-01-01,A0010,370,79,C,58.0,383902.0,441577.46,6583918.25,0.0,I,0,ACCROCHE,,Niort-Est (Limoges-Niort),32,4,DIFFUSEUR,Diffuseur,TROMPETTE,Trompette,T,,79,ASF
EchangeurA0010Pr379,2025-01-01,A0010,379,79,C,806.0,393650.0,435311.61,6576705.85,0.0,I,0,ACCROCHE,,Niort-Sud,33,4,DIFFUSEUR,Diffuseur,TROMPETTE,Trompette,T,,79,ASF
EchangeurA0010Pr412,2025-01-01,A0010,412,17,C,480.0,426324.0,425174.54,6546942.94,0.0,I,0,ACCROCHE,,Saint-Jean d'Angely,34,4,DIFFUSEUR,Diffuseur,TROMPETTE,Trompette,T,,17,ASF
EchangeurA0010Pr434,2025-01-01,A0010,434,17,C,655.0,448499.0,415466.8,6528101.18,0.0,I,0,ACCROCHE,,Bifurcation A10/A837,,2,BIFURCATION,N?ud autoroutier (Bifurcation),TROMPETTE,Trompette,F,,17,ASF
EchangeurA0010Pr439,2025-01-01,A0010,439,17,C,90.0,452934.0,414634.97,6523835.93,0.0,I,0,ACCROCHE,,Saintes,35,4,DIFFUSEUR,Diffuseur,TROMPETTE,Trompette,T,,17,ASF
EchangeurA0010Pr460,2025-01-01,A0010,460,17,C,450.0,474294.0,419343.9,6503817.43,0.0,I,0,ACCROCHE,,Pons,36,4,DIFFUSEUR,Diffuseur,TROMPETTE,Trompette,T,,17,ASF
EchangeurA0010Pr483,2025-01-01,A0010,483,17,C,809.0,497653.0,418820.23,6481071.09,0.0,I,0,ACCROCHE,,Mirambeau,37,4,DIFFUSEUR,Diffuseur,TROMPETTE,Trompette,T,,17,ASF
EchangeurA0010Pr497,2025-01-01,A0010,497,33,C,489.0,511333.0,422190.59,6467993.49,0.0,I,0,ACCROCHE,,Saint-Aubin-de-Blaye,38,4,DIFFUSEUR,Diffuseur,TROMPETTE,Trompette,T,,33,ASF
EchangeurA0010Pr526-1,2025-01-01,A0010,526,33,C,360.0,540204.0,429790.34,6440984.58,0.0,I,0,ACCROCHE,,Libourne / St Antoine,39a,4,DIFFUSEUR,Diffuseur,LOSANGE,Losange,T,,33,ASF
EchangeurA0010Pr526,2025-01-01,A0010,526,33,C,650.0,540494.0,429872.95,6440707.35,0.0,I,0,ACCROCHE,,Echangeur avec la RN 10,39b,2,DIFFUSEUR,Diffuseur,TROMPETTE,Trompette,F,,33,ASF
EchangeurA0010Pr528,2025-01-01,A0010,528,33,C,590.0,542434.0,430019.09,6438786.81,0.0,I,0,ACCROCHE,,Blaye,40a,2,DIFFUSEUR,Diffuseur,LOSANGE,Losange,F,,33,ASF
EchangeurA0010Pr529,2025-01-01,A0010,529,33,C,112.0,542956.0,429979.78,6438267.27,0.0,I,0,ACCROCHE,,Saint-Andre-de-Cubzac,40b,2,DIFFUSEUR,Diffuseur,LOSANGE,Losange,F,,33,ASF
EchangeurA0010Pr534,2025-01-01,A0010,534,33,C,810.0,548654.0,426886.82,6433758.66,0.0,I,0,ACCROCHE,,Saint-Vincent-de-Paul (Ambes),41,4,DIFFUSEUR,Diffuseur,LOSANGE,Losange,T,,33,ASF
EchangeurA0010Pr537,2025-01-01,A0010,537,33,C,3.0,550847.0,426339.49,6431655.6,0.0,I,0,ACCROCHE,,La Grave-d?Ambares (Ambares / St Loubes),42,4,DIFFUSEUR,Diffuseur,LOSANGE,Losange,T,,33,ASF
EchangeurA0010Pr539,2025-01-01,A0010,539,33,C,740.0,553584.0,424760.69,6429511.81,0.0,I,0,ACCROCHE,,Sainte-Eulalie,43,4,DIFFUSEUR,Diffuseur,LOSANGE,Losange,T,,33,ASF
EchangeurA0010Pr540,2025-01-01,A0010,540,33,C,620.0,554464.0,424337.91,6428757.65,0.0,I,0,ACCROCHE,,Demi-echangeur le Lormont (Carbon Blanc),44,1,DIFFUSEUR,Diffuseur,LOSANGE,Losange,F,,33,ASF
EchangeurA0010Pr542,2025-01-01,A0010,542,33,C,934.0,556778.0,423057.64,6426864.21,0.0,I,0,ACCROCHE,,Bifurcation de la Gardette (A10/A630) - Lormont,45,2,DIFFUSEUR,Diffuseur,LOSANGE,Losange,F,,33,ASF
EchA0011Pr26,2025-01-01,A0011,27,78,C,0.0,936.0,618597.45,6827307.89,0.0,I,0,ACCROCHE,1994-01-01,Bifurcation A10 - A11,,1,BIFURCATION,N?ud autoroutier (Bifurcation),AUTRE,Autres formes,F,,78,COFIROUTE
EchA0011Pr31,2025-01-01,A0011,31,78,C,970.0,5904.0,613886.91,6825747.89,0.0,I,0,ACCROCHE,1972-10-30,Ablis,1,4,DIFFUSEUR,Diffuseur,TROMPETTE,Trompette,T,,78,COFIROUTE
EchA0011Pr55,2025-01-01,A0011,55,28,C,377.0,29331.0,591974.51,6818201.66,0.0,I,0,ACCROCHE,1972-10-30,Chartres,2,4,DIFFUSEUR,Diffuseur,AUTRE,Autres formes,T,,28,COFIROUTE
EchA0011Pr68,2025-01-01,A0011,68,28,C,245.0,42193.0,584767.74,6808149.13,0.0,I,0,ACCROCHE,1972-10-30,Thivars,3,4,DIFFUSEUR,Diffuseur,AUTRE,Autres formes,T,,28,COFIROUTE
EchA0011Pr102,2025-01-01,A0011,102,28,C,735.0,76644.0,554039.03,6794268.08,0.0,I,0,ACCROCHE,1975-12-19,Brou,4,4,DIFFUSEUR,Diffuseur,TROMPETTE,Trompette,T,,28,COFIROUTE
EchA0011Pr130,2025-01-01,A0011,130,72,C,394.0,104298.0,528367.68,6785765.71,0.0,I,0,ACCROCHE,1975-12-19,La Ferte-Bernard,5,4,DIFFUSEUR,Diffuseur,TROMPETTE,Trompette,T,,72,COFIROUTE
EchA0011Pr162,2025-01-01,A0011,162,72,C,399.0,136284.0,498589.46,6775679.05,0.0,I,0,ACCROCHE,2000-10-27,Bifurcation A11 - A28 Le Mans Est,,4,BIFURCATION,N?ud autoroutier (Bifurcation),AUTRE,Autres formes,T,,72,COFIROUTE
EchA0011Pr170,2025-01-01,A0011,170,72,C,949.0,144816.0,490313.21,6776454.09,0.0,I,0,ACCROCHE,2000-10-27,Bifurcation A11 - A28 Le Mans Nord,,4,BIFURCATION,N?ud autoroutier (Bifurcation),AUTRE,Autres formes,T,,72,COFIROUTE
EchA0011Pr174,2025-01-01,A0011,174,72,C,261.0,148127.0,487447.49,6774950.32,0.0,I,0,ACCROCHE,1980-03-14,Bifurcation A11 - A81,,4,BIFURCATION,N?ud autoroutier (Bifurcation),AUTRE,Autres formes,T,,72,COFIROUTE
EchA0011Pr176,2025-01-01,A0011,176,72,C,599.0,150391.0,486200.56,6773027.49,0.0,I,0,ACCROCHE,1978-08-12,Le Mans Centre Universite,8,4,DIFFUSEUR,Diffuseur,TROMPETTE,Trompette,T,,72,COFIROUTE
EchangeurA0011Pr184,2025-01-01,A0011,184,72,C,374.0,158166.0,480033.37,6768463.56,0.0,I,0,ACCROCHE,,Le Mans Sud,9,4,DIFFUSEUR,Diffuseur,TROMPETTE,Trompette,T,,72,ASF
EchangeurA0011Pr215,2025-01-01,A0011,215,72,C,249.0,189041.0,459935.28,6746922.99,0.0,I,0,ACCROCHE,,Sable - La Fleche,10,4,DIFFUSEUR,Diffuseur,TROMPETTE,Trompette,T,,72,ASF
EchangeurA0011Pr229,2025-01-01,A0011,229,49,C,35.0,202827.0,455019.92,6734659.89,0.0,I,0,ACCROCHE,,Durtal,11,4,DIFFUSEUR,Diffuseur,TROMPETTE,Trompette,T,,49,ASF
EchangeurA0011Pr242,2025-01-01,A0011,242,49,C,131.0,215923.0,449614.38,6723528.0,0.0,I,0,ACCROCHE,,Seiches sur le Loir,12,4,DIFFUSEUR,Diffuseur,TROMPETTE,Trompette,T,,49,ASF
EchangeurA0011Pr252,2025-01-01,A0011,252,49,C,838.0,226630.0,442133.63,6718796.36,0.0,I,0,ACCROCHE,,Pellouailles-les-Vignes,13,4,DIFFUSEUR,Diffuseur,TROMPETTE,Trompette,T,,49,ASF
EchangeurA0011Pr257,2025-01-01,A0011,257,49,C,948.0,231740.0,437571.75,6716920.96,0.0,I,0,ACCROCHE,,Entree sur Chaussee Sud - Nord a Angers,,1,DIFFUSEUR,Diffuseur,LOSANGE,Losange,F,,49,ASF
EchA0011Pr259,2025-01-01,A0011,259,49,C,155.0,232948.0,436396.16,6717175.69,0.0,I,0,ACCROCHE,2014-04-15,Gatignolles (Angers Est),14,7,MIXTE,?changeur mixte,AUTRE,Autres formes,T,,49,COFIROUTE
EchA0011Pr262,2025-01-01,A0011,262,49,C,580.0,236284.0,433360.08,6716071.27,0.0,I,0,ACCROCHE,2008-04-24,Diffuseur de la voie des Berges (Angers Centre),15,2,DIFFUSEUR,Diffuseur,AUTRE,Autres formes,F,,49,COFIROUTE
EchA0011Pr264,2025-01-01,A0011,264,49,C,552.0,238252.0,431727.79,6716665.72,0.0,I,0,ACCROCHE,2008-04-24,Diffuseur de la RD107 (Angers Nord),16,4,DIFFUSEUR,Diffuseur,AUTRE,Autres formes,T,,49,COFIROUTE
EchA0011Pr269,2025-01-01,A0011,269,49,C,210.0,242915.0,427318.51,6716681.58,0.0,I,0,ACCROCHE,2008-04-24,Diffuseur de la RD106 (Angers Ouest),17,4,DIFFUSEUR,Diffuseur,AUTRE,Autres formes,T,,49,COFIROUTE
EchA0011Pr275,2025-01-01,A0011,275,49,C,420.0,249137.0,422085.48,6713742.69,0.0,I,0,ACCROCHE,2008-04-24,Saint Jean de Linieres,18,4,DIFFUSEUR,Diffuseur,AUTRE,Autres formes,T,,49,COFIROUTE
EchA0011Pr285,2025-01-01,A0011,285,49,C,513.0,259359.0,412678.99,6710704.57,0.0,I,0,ACCROCHE,1996-01-05,Beaupreau,19,4,DIFFUSEUR,Diffuseur,TROMPETTE,Trompette,T,,49,COFIROUTE
EchA0011Pr314,2025-01-01,A0011,314,44,C,888.0,288724.0,384081.24,6708570.45,0.0,I,0,ACCROCHE,1980-12-23,Ancenis,20,4,DIFFUSEUR,Diffuseur,AUTRE,Autres formes,T,,44,COFIROUTE
EchA0011Pr340,2025-01-01,A0011,340,44,C,630.0,314508.0,361827.88,6697476.71,0.0,I,0,ACCROCHE,1993-08-12,Vieilleville (Nantes Centre - Peripherique Sud),22,8,DIFFUSEUR,Diffuseur,AUTRE,Autres formes,T,,44,COFIROUTE
EchA0011Pr343,2025-01-01,A0011,343,44,C,257.0,317117.0,359418.87,6696963.44,0.0,I,0,ACCROCHE,1993-08-12,Boisbonne (Carquefou - Nantes Est),23,4,DIFFUSEUR,Diffuseur,AUTRE,Autres formes,T,,44,COFIROUTE
EchA0011Pr344,2025-01-01,A0011,344,44,C,73.0,317931.0,358913.59,6696329.84,0.0,I,0,ACCROCHE,1993-08-12,Gachet (La Beaujoire - Nantes Est),24,2,DIFFUSEUR,Diffuseur,AUTRE,Autres formes,F,,44,COFIROUTE
EchA0011Pr346,2025-01-01,A0011,346,44,C,720.0,320575.0,356380.5,6696014.38,0.0,I,0,ACCROCHE,1993-08-12,La Chapelle sur Erdre,25,4,DIFFUSEUR,Diffuseur,AUTRE,Autres formes,T,,44,COFIROUTE
EchA0011Pr348,2025-01-01,A0011,348,44,C,39.0,321876.0,355288.53,6695327.77,0.0,I,0,ACCROCHE,1993-08-12,Porte de Gesvres,38,4,DIFFUSEUR,Diffuseur,TROMPETTE,Trompette,T,,44,COFIROUTE
EchA0011Pr350,2025-01-01,A0011,349,44,C,974.0,323813.0,353310.21,6695120.39,0.0,I,0,ACCROCHE,1993-08-12,Porte de Rennes,37,6,DIFFUSEUR,Diffuseur,AUTRE,Autres formes,T,,44,COFIROUTE
EchA0013Pr25,2025-01-01,A0013,25,78,N,555.0,25668.0,626539.46,6869985.11,0.0,I,0,ACCROCHE,1996-11-06,A13-A14,,2,BIFURCATION,N?ud autoroutier (Bifurcation),AUTRE,Autres formes,F,65556,78,SAPN
EchA0013Pr25,2025-01-01,A0013,25,78,N,560.0,25673.0,626535.51,6869987.88,0.0,I,0,ACCROCHE,1966-12-01,Poissy (7),7,3,DIFFUSEUR,Diffuseur,AUTRE,Autres formes,T,65492,78,SAPN
EchA0013Pr33,2025-01-01,A0013,33,78,C,453.0,33566.0,620594.33,6874916.61,0.0,I,0,ACCROCHE,1966-12-01,Les Mureaux (8),8,4,DIFFUSEUR,Diffuseur,LOSANGE,Losange,T,65499,78,SAPN
EchA0013Pr37,2025-01-01,A0013,37,78,C,203.0,37316.0,616860.03,6874975.69,0.0,I,0,ACCROCHE,1966-12-01,Flins-sur-Seine (9),9,5,DIFFUSEUR,Diffuseur,LOSANGE,Losange,T,65428,78,SAPN
EchA0013Pr41,2025-01-01,A0013,41,78,C,283.0,41396.0,612929.88,6874638.72,0.0,I,0,ACCROCHE,1966-12-01,Epone (10),10,4,DIFFUSEUR,Diffuseur,LOSANGE,Losange,T,65455,78,SAPN
EchA0013Pr48,2025-01-01,A0013,48,78,C,2104.0,50226.0,604574.5,6876427.95,0.0,I,0,ACCROCHE,1966-12-01,Mantes-Sud (12),12,4,DIFFUSEUR,Diffuseur,LOSANGE,Losange,T,65456,78,SAPN
EchA0013Pr48,2025-01-01,A0013,48,78,C,2795.0,50917.0,603918.7,6876639.29,0.0,I,0,ACCROCHE,1963-12-01,Mantes-Ouest (13),13,2,DIFFUSEUR,Diffuseur,LOSANGE,Losange,F,65457,78,SAPN
EchA0013Pr55,2025-01-01,A0013,55,78,C,586.0,58834.0,597033.88,6880073.85,0.0,I,0,ACCROCHE,1963-12-01,Bonnieres (14),14,2,DIFFUSEUR,Diffuseur,AUTRE,Autres formes,F,65562,78,SAPN
EchA0013Pr62,2025-01-01,A0013,62,78,C,509.0,65757.0,590492.51,6881286.71,0.0,I,0,ACCROCHE,1964-12-01,Chaufour (15),15,4,DIFFUSEUR,Diffuseur,LOSANGE,Losange,T,65458,78,SAPN
EchA0013Pr70,2025-01-01,A0013,70,27,C,185.0,73433.0,584747.14,6885975.63,0.0,I,0,ACCROCHE,1968-08-01,Vernon (16),16,4,DIFFUSEUR,Diffuseur,LOSANGE,Losange,T,65447,27,SAPN
EchA0013Pr81,2025-01-01,A0013,81,27,C,575.0,84823.0,576901.56,6894169.48,0.0,I,0,ACCROCHE,1970-12-01,Gaillon (17),17,4,DIFFUSEUR,Diffuseur,LOSANGE,Losange,T,65564,27,SAPN
EchA0013Pr90,2025-01-01,A0013,90,27,C,375.0,93623.0,571159.55,6900572.05,0.0,I,0,ACCROCHE,1970-12-01,Heudebouville (18),18,2,DIFFUSEUR,Diffuseur,LOSANGE,Losange,F,65460,27,SAPN
EchA0013Pr97,2025-01-01,A0013,97,27,C,580.0,100828.0,568041.73,6906497.54,0.0,I,0,ACCROCHE,1970-12-01,Incarville (19),19,3,DIFFUSEUR,Diffuseur,LOSANGE,Losange,F,65489 Dont 2 bretelles via A154,27,SAPN
EchA0013Pr97,2025-01-01,A0013,97,27,C,893.0,101141.0,567811.6,6906653.37,0.0,I,0,ACCROCHE,1996-01-01,A13-A154,,2,BIFURCATION,N?ud autoroutier (Bifurcation),AUTRE,Autres formes,F,65461,27,SAPN
EchA0013Pr106,2025-01-01,A0013,106,27,C,451.0,109699.0,563090.74,6913120.28,0.0,I,0,ACCROCHE,1972-12-01,Criquebeuf (20),20,4,DIFFUSEUR,Diffuseur,LOSANGE,Losange,T,65466,27,SAPN
EchA0013Pr109,2025-01-01,A0013,109,76,C,806.0,113054.0,561252.28,6915843.83,0.0,I,0,ACCROCHE,1972-12-01,Tourville la Riviere (21),21,4,DIFFUSEUR,Diffuseur,LOSANGE,Losange,T,65435,76,SAPN
EchA0013Pr111,2025-01-01,A0013,111,76,C,801.0,115049.0,559787.03,6917172.46,0.0,I,0,ACCROCHE,1972-12-01,Oissel (22),22,4,DIFFUSEUR,Diffuseur,TROMPETTE,Trompette,T,65436,76,SAPN
EchA0013Pr113,2025-01-01,A0013,113,76,C,899.0,117147.0,557833.58,6917818.57,0.0,I,0,ACCROCHE,1982-02-01,A13-A139,,2,BIFURCATION,N?ud autoroutier (Bifurcation),AUTRE,Autres formes,F,65468,76,SAPN
EchA0013Pr118,2025-01-01,A0013,118,76,C,149.0,121397.0,553720.53,6917321.95,0.0,I,0,ACCROCHE,1972-12-01,Rouen-Ouest (23),23,2,DIFFUSEUR,Diffuseur,AUTRE,Autres formes,F,65548,76,SAPN
EchA0013Pr122,2025-01-01,A0013,122,76,C,419.0,125667.0,549504.95,6917835.98,0.0,I,0,ACCROCHE,1972-12-01,Bourgtheroulde (24),24,4,DIFFUSEUR,Diffuseur,LOSANGE,Losange,T,65438,76,SAPN
EchA0013Pr130,2025-01-01,A0013,130,27,C,908.0,134156.0,541579.03,6920549.68,0.0,I,0,ACCROCHE,1972-12-01,Bourg-Achard (25),25,4,DIFFUSEUR,Diffuseur,AUTRE,Autres formes,T,65497,27,SAPN
EchA0013Pr144,2025-01-01,A0013,144,27,C,670.0,147918.0,527988.2,6922279.12,0.0,I,0,ACCROCHE,1972-12-01,Brionne (26),26,4,DIFFUSEUR,Diffuseur,AUTRE,Autres formes,T,65448,27,SAPN
EchA0013Pr145,2025-01-01,A0013,145,27,C,985.0,149233.0,526715.96,6922653.99,0.0,I,0,ACCROCHE,1994-07-01,A13-A131,,2,BIFURCATION,N?ud autoroutier (Bifurcation),AUTRE,Autres formes,F,65441,27,SAPN
EchA0013Pr157,2025-01-01,A0013,157,27,C,770.0,161018.0,516436.33,6921594.26,0.0,I,0,ACCROCHE,2019-11-15,Pont-Audemer (27),27,2,DIFFUSEUR,Diffuseur,AUTRE,Autres formes,F,144404,27,SAPN
EchA0013Pr167,2025-01-01,A0013,167,27,C,99.0,170347.0,508816.53,6918585.93,0.0,I,0,ACCROCHE,1976-07-01,Beuzeville (28),28,4,DIFFUSEUR,Diffuseur,TROMPETTE,Trompette,T,65473,27,SAPN
EchA0013Pr171,2025-01-01,A0013,171,27,C,846.0,175094.0,504599.6,6916524.69,0.0,I,0,ACCROCHE,1998-12-10,A13-A29,,4,BIFURCATION,N?ud autoroutier (Bifurcation),TROMPETTE,Trompette,T,65550,27,SAPN
EchA0013Pr180,2025-01-01,A0013,180,14,C,911.0,184159.0,496444.39,6913783.65,0.0,I,0,ACCROCHE,1977-07-01,A13-A132,,6,BIFURCATION,N?ud autoroutier (Bifurcation),LOSANGE,Losange,T,65498,14,SAPN
EchA0013Pr189,2025-01-01,A0013,189,14,C,402.0,192650.0,489412.4,6910450.42,0.0,I,0,ACCROCHE,1976-07-01,La Haie Tondue (29),29,2,DIFFUSEUR,Diffuseur,LOSANGE,Losange,F,65475,14,SAPN
EchA0013Pr203,2025-01-01,A0013,203,14,C,479.0,206727.0,475955.93,6907688.21,0.0,I,0,ACCROCHE,1976-07-01,Dozule (30),30,4,DIFFUSEUR,Diffuseur,TROMPETTE,Trompette,T,65476,14,SAPN
EchA0013Pr214,2025-01-01,A0013,214,14,C,497.0,217745.0,466632.77,6902448.16,0.0,I,0,ACCROCHE,1973-12-01,Troarn (31),31,4,DIFFUSEUR,Diffuseur,LOSANGE,Losange,T,65551,14,SAPN
EchA0013Pr218,2025-01-01,A0013,218,14,C,80.0,221328.0,463445.39,6901354.0,0.0,I,0,ACCROCHE,2012-01-01,A13-A813,,4,BIFURCATION,N?ud autoroutier (Bifurcation),TROMPETTE,Trompette,T,83867,14,SAPN
EchA0013Pr222,2025-01-01,A0013,222,14,C,236.0,225484.0,459337.14,6901628.76,0.0,I,0,ACCROCHE,1973-12-01,Mondeville,,2,DIFFUSEUR,Diffuseur,LOSANGE,Losange,F,65536 DIR et Sanef,14,SAPN
EchA0014Pr16,2025-01-01,A0014,16,78,C,521.0,14711.0,630320.8,6868158.23,0.0,I,0,ACCROCHE,1996-11-06,Chambourcy (6a),6a,4,DIFFUSEUR,Diffuseur,LOSANGE,Losange,T,65491,78,SAPN
EchA0014Pr18,2025-01-01,A0014,18,78,C,377.0,16567.0,628679.74,6868869.18,0.0,I,0,ACCROCHE,1996-11-06,Poissy RD30 (6b),6b,2,DIFFUSEUR,Diffuseur,LOSANGE,Losange,F,65504,78,SAPN
EchA0014Pr20,2025-01-01,A0014,20,78,C,851.0,19041.0,626672.16,6869898.94,0.0,I,0,ACCROCHE,1996-11-06,A14-A13,7,2,BIFURCATION,N?ud autoroutier (Bifurcation),AUTRE,Autres formes,F,65463,78,SAPN
EchA0016Pr20,2025-01-01,A0016,1,93,N,1830.0,2851.0,651206.21,6885221.17,0.0,I,0,ACCROCHE,2019-01-01,A16/N104,,0,BIFURCATION,N?ud autoroutier (Bifurcation),AUTRE,Autres formes,F,219,95,SANEF
EchA0016Pr21,2025-01-01,A0016,21,95,C,905.0,3785.0,651246.25,6886101.62,0.0,I,0,ACCROCHE,2019-01-01,Montsoult (9),9,2,DIFFUSEUR,Diffuseur,AUTRE,Autres formes,F,220,95,SANEF
EchA0016Pr27,2025-01-01,A0016,27,95,C,90.0,8970.0,647412.14,6889197.72,0.0,I,0,ACCROCHE,2019-01-01,L'Isle Adam Centre (10),10,2,DIFFUSEUR,Diffuseur,AUTRE,Autres formes,F,221,95,SANEF
EchA0016Pr28,2025-01-01,A0016,28,95,C,798.0,10678.0,645868.31,6889885.14,0.0,I,0,ACCROCHE,2019-01-01,A16/N184,,0,BIFURCATION,N?ud autoroutier (Bifurcation),AUTRE,Autres formes,F,146,95,SANEF
EchA0016Pr31,2025-01-01,A0016,31,95,C,135.0,13015.0,645508.61,6892127.69,0.0,I,0,ACCROCHE,2019-01-01,L'Isle Adam Nord (11),11,4,DIFFUSEUR,Diffuseur,AUTRE,Autres formes,T,148,95,SANEF
EchA0016Pr34,2025-01-01,A0016,34,95,C,300.0,16180.0,644865.47,6895184.63,0.0,I,0,ACCROCHE,2019-01-01,Chambly (12),12,2,DIFFUSEUR,Diffuseur,AUTRE,Autres formes,F,10,60,SANEF
EchA0016Pr43,2025-01-01,A0016,43,60,C,395.0,25275.0,638571.15,6901416.35,0.0,I,0,ACCROCHE,1994-10-01,Meru (13),13,4,DIFFUSEUR,Diffuseur,TROMPETTE,Trompette,T,34,60,SANEF
EchA0016Pr68,2025-01-01,A0016,68,60,C,222.0,50102.0,636392.91,6922597.8,0.0,I,0,ACCROCHE,1994-10-01,Beauvais centre (14),14,5,DIFFUSEUR,Diffuseur,TROMPETTE,Trompette,T,149,60,SANEF
EchA0016Pr72,2025-01-01,A0016,72,60,C,37.0,53917.0,637140.43,6926233.19,0.0,I,0,ACCROCHE,1994-10-01,Beauvais Nord (15),15,4,DIFFUSEUR,Diffuseur,TROMPETTE,Trompette,T,192,60,SANEF
EchA0016Pr92,2025-01-01,A0016,92,60,C,517.0,74397.0,642478.54,6945371.98,0.0,I,0,ACCROCHE,1994-10-01,Hardivillers (16),16,4,DIFFUSEUR,Diffuseur,TROMPETTE,Trompette,T,215,60,SANEF
EchA0016Pr108,2025-01-01,A0016,108,80,C,76.0,89956.0,644783.42,6960021.68,0.0,I,0,ACCROCHE,2006-10-01,Essertaux (17),17,4,DIFFUSEUR,Diffuseur,TROMPETTE,Trompette,T,13,80,SANEF
EchA0016Pr121,2025-01-01,A0016,121,80,C,75.0,102955.0,645260.97,6972384.01,0.0,I,0,ACCROCHE,1995-06-01,A16/A29 Est,,4,BIFURCATION,N?ud autoroutier (Bifurcation),TROMPETTE,Trompette,T,197,80,SANEF
EchA0016Pr123,2025-01-01,A0016,123,80,C,197.0,105077.0,643797.81,6973848.99,0.0,I,0,ACCROCHE,1994-10-01,Salouel (18),18,4,DIFFUSEUR,Diffuseur,TROMPETTE,Trompette,T,222,80,SANEF
EchA0016Pr124,2025-01-01,A0016,124,80,C,849.0,106729.0,643700.37,6975460.46,0.0,I,0,ACCROCHE,1995-06-01,A16/A29 Ouest,,4,BIFURCATION,N?ud autoroutier (Bifurcation),TROMPETTE,Trompette,T,56,80,SANEF
EchA0016Pr126,2025-01-01,A0016,126,80,C,919.0,108799.0,644610.3,6977305.84,0.0,I,0,ACCROCHE,1995-06-01,Amiens Ouest (19),19,4,DIFFUSEUR,Diffuseur,TROMPETTE,Trompette,T,92,80,SANEF
EchA0016Pr131,2025-01-01,A0016,131,80,C,560.0,113440.0,645821.56,6981732.06,0.0,I,0,ACCROCHE,1995-06-01,Amiens Nord (20),20,4,DIFFUSEUR,Diffuseur,TROMPETTE,Trompette,T,174,80,SANEF
EchA0016Pr149,2025-01-01,A0016,149,80,C,617.0,131497.0,633668.81,6993134.63,0.0,I,0,ACCROCHE,1997-06-01,Flixecourt (21),21,4,DIFFUSEUR,Diffuseur,TROMPETTE,Trompette,T,93,80,SANEF
EchA0016Pr167,2025-01-01,A0016,167,80,C,573.0,149453.0,619293.73,7001143.55,0.0,I,0,ACCROCHE,1997-06-01,Abbeville Est (22),22,4,DIFFUSEUR,Diffuseur,TROMPETTE,Trompette,T,94,80,SANEF
EchA0016Pr174,2025-01-01,A0016,174,80,C,222.0,156102.0,614766.22,7005231.85,0.0,I,0,ACCROCHE,1997-06-01,Abbeville Nord (23),23,4,DIFFUSEUR,Diffuseur,TROMPETTE,Trompette,T,95,80,SANEF
EchA0016Pr188,2025-01-01,A0016,188,80,C,686.0,170566.0,610735.04,7017817.33,0.0,I,0,ACCROCHE,1998-05-01,Rue (24),24,4,DIFFUSEUR,Diffuseur,TROMPETTE,Trompette,T,96,80,SANEF
EchA0016Pr207,2025-01-01,A0016,207,62,C,357.0,189237.0,607008.91,7035362.14,0.0,I,0,ACCROCHE,1998-05-01,Berck (25),25,4,DIFFUSEUR,Diffuseur,TROMPETTE,Trompette,T,73,62,SANEF
EchA0016Pr219,2025-01-01,A0016,219,62,C,221.0,201101.0,606491.93,7046625.79,0.0,I,0,ACCROCHE,1998-05-01,Le Touquet (26),26,4,DIFFUSEUR,Diffuseur,TROMPETTE,Trompette,T,17,62,SANEF
EchA0016Pr231,2025-01-01,A0016,231,62,C,705.0,213585.0,604721.13,7057952.45,0.0,I,0,ACCROCHE,1998-05-01,Neufch?tel-Hardelot (27),27,4,DIFFUSEUR,Diffuseur,TROMPETTE,Trompette,T,26,62,SANEF
EchA0016Pr239,2025-01-01,A0016,239,62,C,543.0,221423.0,605338.44,7065264.38,0.0,I,0,ACCROCHE,1998-05-01,Isques (28),28,4,DIFFUSEUR,Diffuseur,TROMPETTE,Trompette,T,209,62,SANEF
EchA0016Pr243,2025-01-01,A0016,243,62,C,795.0,225675.0,603501.82,7068646.69,0.0,I,0,ACCROCHE,1998-05-01,Boulogne Port (29),29,4,DIFFUSEUR,Diffuseur,TROMPETTE,Trompette,T,241,62,SANEF
EchA0016Pr244,2025-01-01,A0016,244,62,C,997.0,226877.0,604209.19,7069608.55,0.0,I,0,ACCROCHE,1998-05-01,Saint Martin Boulogne (30),30,2,DIFFUSEUR,Diffuseur,AUTRE,Autres formes,F,2,62,SANEF
EchA0016Pr246,2025-01-01,A0016,246,62,C,427.0,228307.0,604452.21,7071011.59,0.0,I,0,ACCROCHE,1998-05-01,Saint Omer (31),31,6,DIFFUSEUR,Diffuseur,AUTRE,Autres formes,T,178,62,SANEF
EchA0019Pr0,2025-01-01,A0019,0,89,C,0.0,0.0,721424.22,6796755.58,0.0,I,0,ACCROCHE,,Noeud de La Chapelle-sur-Oreuse,,2,BIFURCATION,N?ud autoroutier (Bifurcation),,,F,,89,APRR
EchA0019Pr4,2025-01-01,A0019,4,89,C,770.0,5143.0,719287.56,6793379.93,0.0,I,0,ACCROCHE,1993-01-01,St. Denis-les-Sens,1,4,DIFFUSEUR,Diffuseur,,,T,,89,APRR
EchA0019Pr17,2025-01-01,A0019,17,89,C,780.0,18150.0,712296.39,6783130.47,0.0,I,0,ACCROCHE,1993-01-01,Villeneuve-la-Dondagre,2,4,DIFFUSEUR,Diffuseur,,,T,,89,APRR
EchA0019Pr29,2025-01-01,A0019,29,89,C,980.0,30346.0,707202.77,6772767.27,0.0,I,0,ACCROCHE,2009-06-16,Bifuraction A19 - A6,,4,BIFURCATION,N?ud autoroutier (Bifurcation),AUTRE,Autres formes,T,,89,ARCOUR
EchA0019Pr30,2025-01-01,A0019,30,89,C,907.0,31276.0,706301.52,6772555.58,0.0,I,0,ACCROCHE,2009-06-16,Savigny-sur-Clairis,3,2,DIFFUSEUR,Diffuseur,AUTRE,Autres formes,F,,45,ARCOUR
EchA0019Pr36,2025-01-01,A0019,36,45,C,236.0,36424.0,701372.97,6770731.42,0.0,I,0,ACCROCHE,2009-06-16,Courtenay Ouest,4,4,DIFFUSEUR,Diffuseur,TROMPETTE,Trompette,T,,45,ARCOUR
EchA0019Pr55,2025-01-01,A0019,55,45,C,634.0,55822.0,682838.23,6773588.66,0.0,I,0,ACCROCHE,2009-06-16,Ferrieres-en-Gatinais,5,4,DIFFUSEUR,Diffuseur,TROMPETTE,Trompette,T,,45,ARCOUR
EchA0019Pr63,2025-01-01,A0019,63,45,C,998.0,64186.0,674982.97,6773836.58,0.0,I,0,ACCROCHE,2009-06-16,Bifurcation A19 - A77,,8,BIFURCATION,N?ud autoroutier (Bifurcation),TROMPETTE,Trompette,T,,45,ARCOUR
EchA0019Pr79,2025-01-01,A0019,79,45,C,709.0,79897.0,660332.13,6775970.37,0.0,I,0,ACCROCHE,2009-06-16,Beaune La Rolande,6,6,DIFFUSEUR,Diffuseur,TROMPETTE,Trompette,T,,45,ARCOUR
EchA0019Pr100,2025-01-01,A0019,100,45,C,561.0,100749.0,640171.58,6779687.58,0.0,I,0,ACCROCHE,2009-06-16,Pithiviers,7,4,DIFFUSEUR,Diffuseur,TROMPETTE,Trompette,T,,45,ARCOUR
EchA0019Pr129,2025-01-01,A0019,129,45,C,960.0,130148.0,613579.72,6771778.66,0.0,I,0,ACCROCHE,2009-06-16,Bifurcation A19 - A10,,4,BIFURCATION,N?ud autoroutier (Bifurcation),AUTRE,Autres formes,T,,45,ARCOUR
EchangeurA0020Pr285,2025-01-01,A0020,285,19,N,562.0,283376.0,582420.99,6441586.49,0.0,I,0,ACCROCHE,,Nespouls,53,4,DIFFUSEUR,Diffuseur,TROMPETTE,Trompette,T,,19,ASF
EchangeurA0020Pr294,2025-01-01,A0020,294,46,C,5.0,291819.0,583956.41,6433812.45,0.0,I,0,ACCROCHE,,Demi-diffuseur de Cressansac (Martel),54,2,DIFFUSEUR,Diffuseur,TROMPETTE,Trompette,F,,46,ASF
EchangeurA0020Pr305,2025-01-01,A0020,305,46,C,467.0,303281.0,581699.19,6423025.72,0.0,I,0,ACCROCHE,,Souillac.,55,4,DIFFUSEUR,Diffuseur,TROMPETTE,Trompette,T,,46,ASF
EchangeurA0020Pr329,2025-01-01,A0020,329,46,C,699.0,327513.0,586961.96,6400938.6,0.0,I,0,ACCROCHE,,Montfaucon. (Labastide Murat),56,4,DIFFUSEUR,Diffuseur,TROMPETTE,Trompette,T,,46,ASF
EchangeurA0020Pr351,2025-01-01,A0020,351,46,C,415.0,349229.0,581808.68,6382389.76,0.0,I,0,ACCROCHE,,Saint-Michel. (Cahors Nord),57,4,DIFFUSEUR,Diffuseur,TROMPETTE,Trompette,T,,46,ASF
EchangeurA0020Pr374,2025-01-01,A0020,374,46,C,96.0,371910.0,580416.34,6361552.41,0.0,I,0,ACCROCHE,,Lalbenque. (Cahors Sud),58,4,DIFFUSEUR,Diffuseur,TROMPETTE,Trompette,T,,46,ASF
EchangeurA0020Pr396,2025-01-01,A0020,396,82,C,580.0,394394.0,581143.03,6340518.69,0.0,I,0,ACCROCHE,,Caussade.,59,4,DIFFUSEUR,Diffuseur,TROMPETTE,Trompette,T,,82,ASF
EchangeurA0020Pr412,2025-01-01,A0020,412,82,C,885.0,410699.0,571431.47,6328819.54,0.0,I,0,ACCROCHE,,Montauban nord,60,4,DIFFUSEUR,Diffuseur,LOSANGE,Losange,T,,82,ASF
EchangeurA0020Pr414,2025-01-01,A0020,414,82,C,694.0,412508.0,570762.98,6327206.99,0.0,I,0,ACCROCHE,,ZI Nord,61,4,DIFFUSEUR,Diffuseur,LOSANGE,Losange,T,,82,ASF
EchangeurA0020Pr417,2025-01-01,A0020,417,82,C,564.0,415378.0,570358.59,6324400.83,0.0,I,0,ACCROCHE,,Des Chaumes,62,4,DIFFUSEUR,Diffuseur,LOSANGE,Losange,T,,82,ASF
EchangeurA0020Pr418,2025-01-01,A0020,418,82,C,746.0,416560.0,569392.62,6323822.99,0.0,I,0,ACCROCHE,,Beausoleil,63,4,DIFFUSEUR,Diffuseur,LOSANGE,Losange,T,,82,ASF
EchangeurA0020Pr420,2025-01-01,A0020,420,82,C,643.0,418457.0,567709.78,6323066.21,0.0,I,0,ACCROCHE,,Sapiac,64,4,DIFFUSEUR,Diffuseur,LOSANGE,Losange,T,,82,ASF
EchangeurA0020Pr421,2025-01-01,A0020,421,82,C,688.0,419502.0,566720.62,6322735.14,0.0,I,0,ACCROCHE,,La Molle,65,4,DIFFUSEUR,Diffuseur,TROMPETTE,Trompette,T,,82,ASF
EchangeurA0020Pr423,2025-01-01,A0020,423,82,C,200.0,421014.0,566327.5,6321317.18,0.0,I,0,ACCROCHE,,Parages,66,4,DIFFUSEUR,Diffuseur,LOSANGE,Losange,T,,82,ASF
EchangeurA0020Pr427,2025-01-01,A0020,427,82,C,848.0,425662.0,565183.21,6316814.46,0.0,I,0,ACCROCHE,,Le Moulis,67,4,DIFFUSEUR,Diffuseur,LOSANGE,Losange,T,,82,ASF
EchangeurA0020Pr428,2025-01-01,A0020,428,82,C,800.0,426614.0,564954.7,6315886.79,0.0,I,0,ACCROCHE,,A62 ?RN20,68,4,MIXTE,?changeur mixte,TROMPETTE,Trompette,T,,82,ASF
EchA0026Pr1,2025-01-01,A0026,1,62,C,0.0,1000.0,623015.49,7093699.11,0.0,I,0,ACCROCHE,1988-01-01,A26/A16,,10,BIFURCATION,N?ud autoroutier (Bifurcation),AUTRE,Autres formes,T,123,62,SANEF
EchA0026Pr18,2025-01-01,A0026,18,62,C,393.0,18393.0,633779.11,7080891.64,0.0,I,0,ACCROCHE,1983-08-01,Ardres (2),2,4,DIFFUSEUR,Diffuseur,AUTRE,Autres formes,T,4,62,SANEF
EchA0026Pr32,2025-01-01,A0026,32,62,C,359.0,32359.0,641222.97,7069691.71,0.0,I,0,ACCROCHE,1981-12-01,Saint Omer (3),3,4,DIFFUSEUR,Diffuseur,AUTRE,Autres formes,T,19,62,SANEF
EchA0026Pr40,2025-01-01,A0026,40,62,C,589.0,40589.0,646977.76,7064013.24,0.0,I,0,ACCROCHE,1981-12-01,Therouanne (4),4,4,DIFFUSEUR,Diffuseur,TROMPETTE,Trompette,T,5,62,SANEF
EchA0026Pr61,2025-01-01,A0026,61,62,C,674.0,61674.0,661873.02,7050357.8,0.0,I,0,ACCROCHE,1976-12-01,Lillers (5),5,4,DIFFUSEUR,Diffuseur,TROMPETTE,Trompette,T,6,62,SANEF
EchA0026Pr73,2025-01-01,A0026,73,62,C,610.0,73610.0,672573.45,7045946.19,0.0,I,0,ACCROCHE,1976-12-01,Bethune (6),6,4,DIFFUSEUR,Diffuseur,TROMPETTE,Trompette,T,74,62,SANEF
EchA0026Pr79,2025-01-01,A0026,79,62,C,194.0,79194.0,677605.92,7043746.04,0.0,I,0,ACCROCHE,1976-01-01,Noeux-les-Mines (6.1),6.1,4,DIFFUSEUR,Diffuseur,TROMPETTE,Trompette,T,65,62,SANEF
EchA0026Pr85,2025-01-01,A0026,85,62,C,42.0,85042.0,678853.82,7038134.36,0.0,I,0,ACCROCHE,1976-12-01,Lievin (6.2),6.2,4,DIFFUSEUR,Diffuseur,TROMPETTE,Trompette,T,27,62,SANEF
EchA0026Pr97,2025-01-01,A0026,97,62,C,495.0,97495.0,685103.44,7027696.22,0.0,I,0,ACCROCHE,1976-12-01,Arras Nord (7),7,4,DIFFUSEUR,Diffuseur,TROMPETTE,Trompette,T,7,62,SANEF
EchA0026Pr106,2025-01-01,A0026,106,62,C,260.0,106260.0,692834.82,7024119.71,0.0,I,0,ACCROCHE,1982-11-01,A26/A1,,8,BIFURCATION,N?ud autoroutier (Bifurcation),AUTRE,Autres formes,T,8,62,SANEF
EchA0026Pr126,2025-01-01,A0026,126,62,C,362.0,126362.0,707449.88,7011138.81,0.0,I,0,ACCROCHE,1982-11-01,Marquion (8),8,4,DIFFUSEUR,Diffuseur,TROMPETTE,Trompette,T,205,62,SANEF
EchA0026Pr133,2025-01-01,A0026,133,62,C,34.0,133034.0,709082.06,7005131.56,0.0,I,0,ACCROCHE,1982-11-01,A26/A2,,7,BIFURCATION,N?ud autoroutier (Bifurcation),AUTRE,Autres formes,F,9,62,SANEF
EchA0026Pr142,2025-01-01,A0026,142,59,C,370.0,142370.0,712702.32,6996746.61,0.0,I,0,ACCROCHE,1982-11-01,Masnieres (9),9,4,DIFFUSEUR,Diffuseur,TROMPETTE,Trompette,T,242,59,SANEF
EchA0026Pr167,2025-01-01,A0026,167,02,C,67.0,167067.0,717012.77,6973845.5,0.0,I,0,ACCROCHE,1985-07-01,Saint-Quentin Nord (10),10,4,DIFFUSEUR,Diffuseur,TROMPETTE,Trompette,T,232,02,SANEF
EchA0026Pr169,2025-01-01,A0026,169,02,C,0.0,169000.0,716916.77,6971919.33,0.0,I,0,ACCROCHE,1985-07-01,A26/A29,,4,BIFURCATION,N?ud autoroutier (Bifurcation),TROMPETTE,Trompette,T,175,02,SANEF
EchA0026Pr175,2025-01-01,A0026,175,02,C,462.0,175462.0,721355.06,6967778.43,0.0,I,0,ACCROCHE,1985-07-01,Saint-Quentin Sud (11),11,4,DIFFUSEUR,Diffuseur,TROMPETTE,Trompette,T,201,02,SANEF
EchA0026Pr194,2025-01-01,A0026,194,02,C,41.0,194041.0,733919.52,6954487.07,0.0,I,0,ACCROCHE,1987-07-01,La Fere (12),12,4,DIFFUSEUR,Diffuseur,TROMPETTE,Trompette,T,97,02,SANEF
EchA0026Pr210,2025-01-01,A0026,210,02,C,449.0,210449.0,747418.61,6945593.24,0.0,I,0,ACCROCHE,1987-07-01,Laon (13),13,4,DIFFUSEUR,Diffuseur,TROMPETTE,Trompette,T,98,02,SANEF
EchA0026Pr240,2025-01-01,A0026,240,02,C,912.0,240912.0,767542.91,6926107.4,0.0,I,0,ACCROCHE,1989-03-01,Guignicourt (14),14,4,DIFFUSEUR,Diffuseur,TROMPETTE,Trompette,T,35,02,SANEF
EchA0026Pr256,2025-01-01,A0026,256,51,C,426.0,256426.0,772419.38,6911656.96,0.0,I,0,ACCROCHE,1989-03-01,Reims - La Neuvillette (15),15,4,DIFFUSEUR,Diffuseur,AUTRE,Autres formes,T,218,51,SANEF
EchA0026Pr258,2025-01-01,A0026,258,51,C,545.0,258545.0,771274.7,6909939.69,0.0,I,0,ACCROCHE,1989-03-01,Betheny - Reims Nord (16),16,4,DIFFUSEUR,Diffuseur,TROMPETTE,Trompette,T,224,51,SANEF
EchA0026Pr262,2025-01-01,A0026,262,51,C,928.0,262928.0,769941.95,6906100.92,0.0,I,0,ACCROCHE,1976-01-01,Reims Centre - Tinqueux (16.1),16.1,3,BIFURCATION,N?ud autoroutier (Bifurcation),AUTRE,Autres formes,F,164,51,SANEF
EchA0026Pr262+1096,2025-01-01,A0026,262,51,C,929.0,262929.0,769941.92,6906099.93,0.0,I,0,ACCROCHE,2010-01-01,A26 nord/A4,,3,BIFURCATION,N?ud autoroutier (Bifurcation),AUTRE,Autres formes,F,22,51,SANEF
EchA0026Pr263,2025-01-01,A0026,298,51,C,0.0,263096.0,793991.84,6884550.29,0.0,I,0,ACCROCHE,1989-03-23,A26 nord-A4,,2,BIFURCATION,N?ud autoroutier (Bifurcation),AUTRE,Autres formes,F,16,51,SANEF
EchA0026Pr298,2025-01-01,A0026,298,51,C,465.0,263561.0,793793.0,6884132.16,0.0,I,0,ACCROCHE,1992-06-01,A26 sud/A4,,4,BIFURCATION,N?ud autoroutier (Bifurcation),AUTRE,Autres formes,T,125,51,SANEF
EchA0026Pr307,2025-01-01,A0026,307,51,C,793.0,272889.0,793986.58,6875253.17,0.0,I,0,ACCROCHE,1992-06-01,Saint Gibrien (17),17,4,DIFFUSEUR,Diffuseur,TROMPETTE,Trompette,T,99,51,SANEF
EchA0026Pr314,2025-01-01,A0026,314,51,C,964.0,280060.0,794134.48,6868190.08,0.0,I,0,ACCROCHE,1992-06-01,Mont Choisy (18),18,4,DIFFUSEUR,Diffuseur,TROMPETTE,Trompette,T,100,51,SANEF
EchA0026Pr331,2025-01-01,A0026,331,51,C,871.0,296967.0,791380.45,6852320.28,0.0,I,0,ACCROCHE,2003-01-01,Vatry (19),19,4,DIFFUSEUR,Diffuseur,TROMPETTE,Trompette,T,28,51,SANEF
EchA0026Pr336,2025-01-01,A0026,336,51,C,218.0,301314.0,789919.59,6848312.62,0.0,I,0,ACCROCHE,1992-06-01,Sommesous (20),20,4,DIFFUSEUR,Diffuseur,TROMPETTE,Trompette,T,36,51,SANEF
EchA0026Pr360,2025-01-01,A0026,360,10,C,506.0,325602.0,787100.04,6825638.59,0.0,I,0,ACCROCHE,1992-06-01,Vallee de l'Aube (21),21,4,DIFFUSEUR,Diffuseur,TROMPETTE,Trompette,T,101,10,SANEF
EchA0026Pr373,2025-01-01,A0026,373,10,C,342.0,338438.0,784806.45,6813179.56,0.0,I,0,ACCROCHE,1992-06-01,Charmont sous Barbuise (22),22,4,DIFFUSEUR,Diffuseur,TROMPETTE,Trompette,T,182,10,SANEF
EchA0026Pr387,2025-01-01,A0026,387,10,C,140.0,352468.0,786446.16,6799657.79,0.0,I,0,ACCROCHE,1992-01-01,Thennelieres,23,4,DIFFUSEUR,Diffuseur,,,T,,10,APRR
EchA0026Pr395,2025-01-01,A0026,394,10,C,267.0,359593.0,787601.97,6792753.88,0.0,I,0,ACCROCHE,1992-01-01,Noeud de Clerey,,2,BIFURCATION,N?ud autoroutier (Bifurcation),,,F,,10,APRR
EchA0028Pr16,2025-01-01,A0028,17,37,C,0.0,97532.0,531547.85,6709619.42,0.0,I,0,ACCROCHE,2005-12-14,Bifurcation A10 - A28,,4,BIFURCATION,N?ud autoroutier (Bifurcation),TROMPETTE,Trompette,T,,37,COFIROUTE
EchA0028Pr34,2025-01-01,A0028,34,37,C,809.0,115341.0,519402.48,6719874.62,0.0,I,0,ACCROCHE,2005-12-14,Neuille-Pont-Pierre,27,4,DIFFUSEUR,Diffuseur,AUTRE,Autres formes,T,,37,COFIROUTE
EchA0028Pr59,2025-01-01,A0028,59,72,C,700.0,140232.0,502266.08,6735434.62,0.0,I,0,ACCROCHE,2005-12-14,Montabon,26,4,DIFFUSEUR,Diffuseur,TROMPETTE,Trompette,T,,72,COFIROUTE
EchA0028Pr75,2025-01-01,A0028,75,72,C,596.0,156128.0,498522.0,6750228.58,0.0,I,0,ACCROCHE,2000-10-27,Ecommoy,25,4,DIFFUSEUR,Diffuseur,TROMPETTE,Trompette,T,,72,COFIROUTE
EchA0028Pr91,2025-01-01,A0028,91,72,C,172.0,171652.0,500409.06,6765075.64,0.0,I,0,ACCROCHE,2006-12-22,Parigne L'Eveque,24,4,DIFFUSEUR,Diffuseur,TROMPETTE,Trompette,T,,72,COFIROUTE
EchA0028Pr96,2025-01-01,A0028,96,72,C,532.0,177003.0,499778.05,6770117.24,0.0,I,0,ACCROCHE,2000-10-27,Auvours,23,4,DIFFUSEUR,Diffuseur,TROMPETTE,Trompette,T,,72,COFIROUTE
EchA0028Pr102,2025-01-01,A0028,102,72,C,285.0,182727.0,498359.63,6775262.65,0.0,I,0,ACCROCHE,2000-10-27,Bifurcation A11 - A28 Le Mans Est,,4,BIFURCATION,N?ud autoroutier (Bifurcation),AUTRE,Autres formes,T,,72,COFIROUTE
EchA0028Pr112,2025-01-01,A0028,112,72,C,375.0,183906.0,489625.28,6777018.09,0.0,I,0,ACCROCHE,2000-10-27,Bifurcation A11 - A28 Le Mans Nord,,4,BIFURCATION,N?ud autoroutier (Bifurcation),AUTRE,Autres formes,T,,72,COFIROUTE
EchA0028Pr128,2025-01-01,A0028,128,72,C,965.0,200522.0,489927.83,6791959.02,0.0,I,0,ACCROCHE,2000-10-27,Maresche,21,4,DIFFUSEUR,Diffuseur,TROMPETTE,Trompette,T,,72,COFIROUTE
EchA0028Pr142,2025-01-01,A0028,142,72,C,910.0,214483.0,487805.73,6805330.57,0.0,I,0,ACCROCHE,2006-12-22,Mamers,20,4,DIFFUSEUR,Diffuseur,TROMPETTE,Trompette,T,,72,COFIROUTE
EchA0028Pr153,2025-01-01,A0028,153,72,C,285.0,224871.0,486186.97,6814531.58,0.0,I,0,ACCROCHE,2005-10-27,Alencon Centre,19,4,DIFFUSEUR,Diffuseur,TROMPETTE,Trompette,T,,72,COFIROUTE
EchA0028Pr160,2025-01-01,A0028,160,61,C,305.0,231908.0,487944.5,6820842.93,0.0,I,0,ACCROCHE,2005-10-27,Alencon Nord,18,4,DIFFUSEUR,Diffuseur,TROMPETTE,Trompette,T,,61,COFIROUTE
EchA0028Pr182,2025-01-01,A0028,182,61,C,0.0,253603.0,493446.44,6840303.35,0.0,I,0,ACCROCHE,2005-10-27,A28/A88,,4,BIFURCATION,N?ud autoroutier (Bifurcation),TROMPETTE,Trompette,T,,61,ALIS
EchA0028Pr200,2025-01-01,A0028,200,61,C,420.0,272023.0,501962.15,6855954.4,0.0,I,0,ACCROCHE,2005-10-27,GACE,16,4,DIFFUSEUR,Diffuseur,LOSANGE,Losange,T,,61,ALIS
EchA0028Pr232,2025-01-01,A0028,232,27,C,200.0,303803.0,513066.58,6884637.56,0.0,I,0,ACCROCHE,2005-10-27,BROGLIE-ORBEC,15,4,DIFFUSEUR,Diffuseur,LOSANGE,Losange,T,,27,ALIS
EchA0028Pr248,2025-01-01,A0028,248,27,C,730.0,320333.0,523419.29,6896167.36,0.0,I,0,ACCROCHE,2005-10-27,BERNAY,14,4,DIFFUSEUR,Diffuseur,TROMPETTE,Trompette,T,,27,ALIS
EchA0028Pr270,2025-01-01,A0028,270,27,C,980.0,342583.0,537991.54,6907513.95,0.0,I,0,ACCROCHE,2005-10-27,BRIONNE,13,4,DIFFUSEUR,Diffuseur,TROMPETTE,Trompette,T,,27,ALIS
EchA0028Pr285,2025-01-01,A0028,285,27,C,900.0,357503.0,542423.29,6920442.07,0.0,I,0,ACCROCHE,2005-10-27,A13/A28,,4,BIFURCATION,N?ud autoroutier (Bifurcation),TROMPETTE,Trompette,T,,27,ALIS
EchA0029Pr0,2025-01-01,A0029,0,27,C,626.0,626.0,504252.34,6916975.71,0.0,I,0,ACCROCHE,1998-12-10,A29-A13,,4,BIFURCATION,N?ud autoroutier (Bifurcation),AUTRE,Autres formes,T,72566,14,SAPN
EchA0029Pr10,2025-01-01,A0029,10,14,C,493.0,10493.0,498419.45,6922530.59,0.0,I,0,ACCROCHE,1998-12-10,Chenard (1),1,2,DIFFUSEUR,Diffuseur,LOSANGE,Losange,F,65506,14,SAPN
EchA0029Pr13,2025-01-01,A0029,13,14,C,439.0,13439.0,500576.7,6924502.76,0.0,I,0,ACCROCHE,1998-12-10,Plateau (2),2,2,DIFFUSEUR,Diffuseur,AUTRE,Autres formes,F,65507,14,SAPN
EchA0029Pr16,2025-01-01,A0029,16,14,C,523.0,16523.0,501821.5,6927035.46,0.0,I,0,ACCROCHE,1998-12-10,La Riviere-Saint-Sauveur (3),3,4,DIFFUSEUR,Diffuseur,TROMPETTE,Trompette,T,65508,14,SAPN
EchA0029Pr24,2025-01-01,A0029,24,76,C,307.0,17092.0,501688.67,6934749.32,0.0,I,0,ACCROCHE,1996-05-24,Z.I. Le Havre (5),5,4,DIFFUSEUR,Diffuseur,TROMPETTE,Trompette,T,65509,76,SAPN
EchA0029Pr25,2025-01-01,A0029,25,76,C,895.0,18680.0,501943.89,6936290.27,0.0,I,0,ACCROCHE,1996-05-24,A29-A131,,8,BIFURCATION,N?ud autoroutier (Bifurcation),AUTRE,Autres formes,T,65510,76,SAPN
EchA0029Pr34,2025-01-01,A0029,34,76,C,115.0,26900.0,507130.2,6942388.95,0.0,I,0,ACCROCHE,1996-05-24,Saint-Romain-de-Colbosc (6),6,4,DIFFUSEUR,Diffuseur,TROMPETTE,Trompette,T,65511,76,SAPN
EchA0029Pr43,2025-01-01,A0029,43,76,C,396.0,36181.0,514859.26,6945628.54,0.0,I,0,ACCROCHE,1996-05-24,Bolbec (7),7,4,DIFFUSEUR,Diffuseur,TROMPETTE,Trompette,T,65512,76,SAPN
EchA0029Pr59,2025-01-01,A0029,59,76,C,859.0,52644.0,529681.45,6950421.75,0.0,I,0,ACCROCHE,1996-05-24,Fecamp (Yvetot Ouest) (8),8,4,DIFFUSEUR,Diffuseur,TROMPETTE,Trompette,T,65513,76,SAPN
EchA0029Pr69,2025-01-01,A0029,69,76,C,185.0,61970.0,538830.78,6951803.35,0.0,I,0,ACCROCHE,1996-05-24,A29-A150,,2,BIFURCATION,N?ud autoroutier (Bifurcation),AUTRE,Autres formes,F,65514,76,SAPN
EchA0029Pr75,2025-01-01,A0029,75,76,C,221.0,68006.0,544367.91,6952453.52,0.0,I,0,ACCROCHE,1996-05-24,Yerville (9),9,4,DIFFUSEUR,Diffuseur,TROMPETTE,Trompette,T,65515,76,SAPN
EchA0029Pr90,2025-01-01,A0029,90,76,C,803.0,83588.0,558826.23,6950419.89,0.0,I,0,ACCROCHE,1998-12-10,A29-A151,,8,BIFURCATION,N?ud autoroutier (Bifurcation),TROMPETTE,Trompette,T,65516,76,SAPN
EchA0029Pr106,2025-01-01,A0029,106,76,C,344.0,99129.0,573973.16,6951346.77,0.0,I,0,ACCROCHE,1998-12-10,Saint-Saens (10),10,2,DIFFUSEUR,Diffuseur,LOSANGE,Losange,F,65517,76,SAPN
EchA0029Pr107,2025-01-01,A0029,107,76,C,177.0,99962.0,574786.18,6951505.18,0.0,I,0,ACCROCHE,1998-12-10,A29-A28 Ouest,,2,BIFURCATION,N?ud autoroutier (Bifurcation),AUTRE,Autres formes,F,65518 DIR en Totalite,76,SAPN
EchA0029Pr127,2025-01-01,A0029,127,76,C,457.0,100958.0,591212.46,6962978.74,0.0,I,0,ACCROCHE,2005-01-01,A29/A28 Nord,,4,BIFURCATION,N?ud autoroutier (Bifurcation),TROMPETTE,Trompette,T,177,76,SANEF
EchA0029Pr130,2025-01-01,A0029,130,76,C,595.0,104096.0,593997.61,6961547.8,0.0,I,0,ACCROCHE,2005-01-01,Mortemer (11),11,2,DIFFUSEUR,Diffuseur,AUTRE,Autres formes,F,102,76,SANEF
EchA0029Pr143,2025-01-01,A0029,143,76,C,474.0,116975.0,606012.81,6962675.23,0.0,I,0,ACCROCHE,2003-01-01,Aumale (12),12,4,DIFFUSEUR,Diffuseur,AUTRE,Autres formes,T,210,76,SANEF
EchA0029Pr165,2025-01-01,A0029,165,80,C,464.0,138965.0,625979.26,6968416.49,0.0,I,0,ACCROCHE,2003-01-01,Poix de Picardie (13),13,4,DIFFUSEUR,Diffuseur,TROMPETTE,Trompette,T,37,80,SANEF
EchA0029Pr184,2025-01-01,A0029,184,80,C,898.0,158399.0,643173.38,6975531.54,0.0,I,0,ACCROCHE,2005-01-01,A29 Ouest/A16,,4,BIFURCATION,N?ud autoroutier (Bifurcation),TROMPETTE,Trompette,T,41,80,SANEF
EchA0029Pr189,2025-01-01,A0029,189,80,C,268.0,159169.0,645440.44,6972564.78,0.0,I,0,ACCROCHE,1994-01-01,A29 Est/A16,,4,BIFURCATION,N?ud autoroutier (Bifurcation),TROMPETTE,Trompette,T,124,80,SANEF
EchA0029Pr191,2025-01-01,A0029,191,80,C,472.0,161373.0,647361.76,6973560.32,0.0,I,0,ACCROCHE,1998-04-01,Dury (31),31,4,DIFFUSEUR,Diffuseur,TROMPETTE,Trompette,T,103,80,SANEF
EchA0029Pr194,2025-01-01,A0029,194,80,C,166.0,164067.0,650028.56,6973582.49,0.0,I,0,ACCROCHE,1998-04-01,Saint Fuscien (32),32,4,DIFFUSEUR,Diffuseur,TROMPETTE,Trompette,T,104,80,SANEF
EchA0029Pr198,2025-01-01,A0029,198,80,C,21.0,167922.0,653669.09,6972903.46,0.0,I,0,ACCROCHE,2012-01-01,Cagny (33),33,4,DIFFUSEUR,Diffuseur,TROMPETTE,Trompette,T,105,80,SANEF
EchA0029Pr199,2025-01-01,A0029,199,80,C,471.0,169372.0,654699.75,6973800.82,0.0,I,0,ACCROCHE,1998-04-01,A29/Rocade Nord d'Amiens,,4,BIFURCATION,N?ud autoroutier (Bifurcation),AUTRE,Autres formes,T,72,80,SANEF
EchA0029Pr201,2025-01-01,A0029,201,80,C,3.0,170904.0,655909.79,6973632.25,0.0,I,0,ACCROCHE,1998-06-01,Jules Verne (51),51,4,DIFFUSEUR,Diffuseur,TROMPETTE,Trompette,T,38,80,SANEF
EchA0029Pr210,2025-01-01,A0029,210,80,C,583.0,180484.0,665384.22,6972900.24,0.0,I,0,ACCROCHE,2003-01-01,Villers - Bretonneux (52),52,4,DIFFUSEUR,Diffuseur,LOSANGE,Losange,T,23,80,SANEF
EchA0029Pr232+477,2025-01-01,A0029,232,80,C,477.0,202378.0,686576.82,6972360.03,0.0,I,0,ACCROCHE,2003-01-01,Gare TGV (53),53,2,DIFFUSEUR,Diffuseur,AUTRE,Autres formes,T,157,80,SANEF
EchA0029Pr232,2025-01-01,A0029,232,80,C,500.0,202401.0,686598.87,6972353.36,0.0,I,0,ACCROCHE,2001-04-01,A29/A1,53,5,BIFURCATION,N?ud autoroutier (Bifurcation),AUTRE,Autres formes,T,156,80,SANEF
EchA0029Pr245,2025-01-01,A0029,245,80,C,239.0,215140.0,699113.0,6970995.0,0.0,I,0,ACCROCHE,2003-01-01,Athies (54),54,4,DIFFUSEUR,Diffuseur,LOSANGE,Losange,T,226,80,SANEF
EchA0029Pr263,2025-01-01,A0029,263,02,C,387.0,233288.0,716434.0,6971858.52,0.0,I,0,ACCROCHE,2001-04-01,A29/A26,,4,BIFURCATION,N?ud autoroutier (Bifurcation),TROMPETTE,Trompette,T,57,02,SANEF
EchA0031Pr0,2025-01-01,A0031,0,21,C,0.0,0.0,841973.68,6659193.63,0.0,I,0,ACCROCHE,1974-01-01,Noeud de Beaune,,2,BIFURCATION,N?ud autoroutier (Bifurcation),,,T,,21,APRR
EchA0031Pr5,2025-01-01,A0031,5,21,C,200.0,5480.0,844691.33,6663510.9,0.0,I,0,ACCROCHE,1974-01-01,Bifurcation de Serrigny,,0,BIFURCATION,N?ud autoroutier (Bifurcation),,,F,,21,APRR
EchA0031Pr14,2025-01-01,A0031,14,21,C,700.0,14981.0,849406.82,6671704.46,0.0,I,0,ACCROCHE,1974-01-01,Nuits-St.Georges,1,4,DIFFUSEUR,Diffuseur,,,T,,21,APRR
EchA0031Pr27,2025-01-01,A0031,27,21,C,900.0,28172.0,853033.91,6683794.73,0.0,I,0,ACCROCHE,1974-01-01,Bifurcation de Gevrey,,0,BIFURCATION,N?ud autoroutier (Bifurcation),,,F,,21,APRR
EchA0031Pr38,2025-01-01,A0031,38,21,C,800.0,39359.0,862130.62,6688193.7,0.0,I,0,ACCROCHE,1989-01-01,noeud de Fauverney,,6,BIFURCATION,N?ud autoroutier (Bifurcation),,,F,,21,APRR
EchA0031Pr47,2025-01-01,A0031,47,21,C,360.0,47921.0,863367.32,6696076.16,0.0,I,0,ACCROCHE,1989-01-01,Dijon-Arc-sur-Tille,4,4,DIFFUSEUR,Diffuseur,,,T,,21,APRR
EchA0031Pr70,2025-01-01,A0031,70,21,C,200.0,70750.0,865373.35,6717933.19,0.0,I,0,ACCROCHE,1983-01-01,Til-Chatel,5,4,DIFFUSEUR,Diffuseur,,,T,,21,APRR
EchA0031Pr100,2025-01-01,A0031,100,52,C,250.0,100791.0,866412.65,6745610.44,0.0,I,0,ACCROCHE,1983-01-01,Langres-Sud,6,4,DIFFUSEUR,Diffuseur,,,T,,52,APRR
EchA0031Pr113,2025-01-01,A0031,113,52,C,400.0,113943.0,866071.38,6758646.62,0.0,I,0,ACCROCHE,1983-01-01,Noeud de Beauchemin,,2,BIFURCATION,N?ud autoroutier (Bifurcation),,,T,,52,APRR
EchA0031Pr119,2025-01-01,A0031,119,52,C,900.0,120369.0,870799.12,6761379.61,0.0,I,0,ACCROCHE,1984-01-01,Langres-Nord,7,4,DIFFUSEUR,Diffuseur,,,T,,52,APRR
EchA0031Pr140,2025-01-01,A0031,140,52,C,0.0,140472.0,887413.06,6768941.29,0.0,I,0,ACCROCHE,1984-01-01,Montigny-Le-Roi,8,4,DIFFUSEUR,Diffuseur,,,T,,52,APRR
EchA0031Pr161,2025-01-01,A0031,161,88,C,960.0,162429.0,899856.58,6786249.34,0.0,I,0,ACCROCHE,1984-01-01,Robecourt,8.1,4,DIFFUSEUR,Diffuseur,,,T,,88,APRR
EchA0031Pr175,2025-01-01,A0031,175,88,C,950.0,176419.0,910566.63,6794832.7,0.0,I,0,ACCROCHE,1984-01-01,Bulgneville,9,4,DIFFUSEUR,Diffuseur,,,T,,88,APRR
EchA0031Pr186,2025-01-01,A0031,186,88,C,100.0,186569.0,911860.31,6803868.83,0.0,I,0,ACCROCHE,1984-01-01,Chatenois,10,4,DIFFUSEUR,Diffuseur,,,T,,88,APRR
EchA0031Pr214,2025-01-01,A0031,214,54,C,800.0,215269.0,914510.84,6830221.62,0.0,I,0,ACCROCHE,1984-01-01,Colombey-Les-Belles,11,4,DIFFUSEUR,Diffuseur,,,T,,54,APRR
EchA0031Pr228,2025-01-01,A0031,229,54,N,0.0,228869.0,912368.45,6843080.44,0.0,I,0,ACCROCHE,1984-01-01,RN4-Toul,12,2,DIFFUSEUR,Diffuseur,,,T,,54,GE DIRE
EchA0034Pr113,2025-01-01,A0034,113,51,C,0.0,60810.0,777630.33,6903178.92,0.0,I,0,ACCROCHE,1976-06-01,A34/A344 Cormontreuil,,8,BIFURCATION,N?ud autoroutier (Bifurcation),AUTRE,Autres formes,T,50,51,SANEF
EchA0034Pr114,2025-01-01,A0034,114,51,C,987.0,62797.0,778761.88,6901639.57,0.0,I,0,ACCROCHE,1976-06-01,A34/A4 - Reims Est,,4,BIFURCATION,N?ud autoroutier (Bifurcation),AUTRE,Autres formes,T,47,51,SANEF
EchA0036Pr0,2025-01-01,A0036,0,68,C,0.0,20508.0,1020237.66,6747219.38,0.0,I,0,ACCROCHE,1976-01-01,Lutterbarch-Dornach,16,3,DIFFUSEUR,Diffuseur,,,T,,68,APRR
EchA0036Pr8,2025-01-01,A0036,8,68,C,400.0,28908.0,1012328.32,6744480.65,0.0,I,0,ACCROCHE,1976-01-01,Burnhaupt,15,4,DIFFUSEUR,Diffuseur,,,T,,68,APRR
EchA0036Pr24,2025-01-01,A0036,24,90,C,300.0,44808.0,998645.45,6738175.8,0.0,I,0,ACCROCHE,1976-01-01,Fontaine,14.1,4,DIFFUSEUR,Diffuseur,,,T,,90,APRR
EchA0036Pr30,2025-01-01,A0036,30,90,C,100.0,50608.0,993909.91,6734840.76,0.0,I,0,ACCROCHE,1976-01-01,Belfort-Nord,14,6,DIFFUSEUR,Diffuseur,,,T,,90,APRR
EchA0036Pr33,2025-01-01,A0036,33,90,C,200.0,53708.0,991321.86,6733394.63,0.0,I,0,ACCROCHE,1976-01-01,Belfort-Centre,13,4,DIFFUSEUR,Diffuseur,,,T,Bretelle sortie sens 1 tr?s d?cal?e,90,APRR
EchA0036Pr35,2025-01-01,A0036,35,90,C,800.0,56308.0,989717.42,6731418.81,0.0,I,0,ACCROCHE,1976-01-01,Belfort-Sud,12,6,DIFFUSEUR,Diffuseur,,,T,,90,APRR
EchA0036Pr39,2025-01-01,A0036,39,90,C,700.0,60208.0,989696.45,6727584.07,0.0,I,0,ACCROCHE,1976-01-01,Sevenans/Hericourt,11,4,DIFFUSEUR,Diffuseur,,,T,,90,APRR
EchA0036Pr46,2025-01-01,A0036,46,25,C,600.0,67108.0,990055.34,6720905.34,0.0,I,0,ACCROCHE,1976-01-01,Brognard/Grand-Charmont,10,4,DIFFUSEUR,Diffuseur,,,T,,25,APRR
EchA0036Pr48,2025-01-01,A0036,48,25,C,800.0,69308.0,988883.19,6719114.24,0.0,I,0,ACCROCHE,1976-01-01,Sochaux-Exincourt,9,4,DIFFUSEUR,Diffuseur,,,T,,25,APRR
EchA0036Pr50,2025-01-01,A0036,50,25,C,600.0,71108.0,987430.69,6718077.74,0.0,I,0,ACCROCHE,1976-01-01,Montbeliard-Centre,8,4,DIFFUSEUR,Diffuseur,,,T,,25,APRR
EchA0036Pr52,2025-01-01,A0036,52,25,C,400.0,72908.0,986761.59,6716452.14,0.0,I,0,ACCROCHE,1976-01-01,Montbeliard-Sud/Valentigney,7,3,DIFFUSEUR,Diffuseur,,,F,,25,APRR
EchA0036Pr53,2025-01-01,A0036,53,25,C,200.0,73708.0,986087.01,6716030.15,0.0,I,0,ACCROCHE,1976-01-01,Montbeliard-Sud/Valentigney,7,2,DIFFUSEUR,Diffuseur,,,F,,25,APRR
EchA0036Pr57,2025-01-01,A0036,57,25,C,200.0,77708.0,983224.04,6713378.52,0.0,I,0,ACCROCHE,1976-01-01,Voujeaucourt,6.1,4,DIFFUSEUR,Diffuseur,,,T,,25,APRR
EchA0036Pr73,2025-01-01,A0036,73,25,C,200.0,93708.0,969919.98,6707871.74,0.0,I,0,ACCROCHE,1977-01-01,L'Isle-sur-Le-Doubs,6,4,DIFFUSEUR,Diffuseur,,,T,,25,APRR
EchA0036Pr90,2025-01-01,A0036,90,25,C,500.0,111008.0,955012.82,6702596.51,0.0,I,0,ACCROCHE,1977-01-01,Baume-Les-Dames,5,4,DIFFUSEUR,Diffuseur,,,T,,25,APRR
EchA0036Pr109,2025-01-01,A0036,109,25,C,580.0,130088.0,938045.1,6697587.65,0.0,I,0,ACCROCHE,1977-01-01,Besan?on-Est,4.1,4,DIFFUSEUR,Diffuseur,,,T,,25,APRR
EchA0036Pr124,2025-01-01,A0036,124,25,C,200.0,144708.0,925514.1,6690709.6,0.0,I,0,ACCROCHE,1977-01-01,Besan?on-Nord,4,4,DIFFUSEUR,Diffuseur,,,T,,25,APRR
EchA0036Pr133,2025-01-01,A0036,133,25,C,600.0,154108.0,918885.84,6685696.27,0.0,I,0,ACCROCHE,1977-01-01,Besan?on-Ouest,3,4,DIFFUSEUR,Diffuseur,,,T,,25,APRR
EchA0036Pr149,2025-01-01,A0036,149,39,C,620.0,170128.0,905103.07,6679740.99,0.0,I,0,ACCROCHE,1977-01-01,Gendrey,2.1,4,DIFFUSEUR,Diffuseur,,,T,,39,APRR
EchA0036Pr166,2025-01-01,A0036,166,39,C,200.0,186708.0,890233.52,6673938.43,0.0,I,0,ACCROCHE,1977-01-01,Dole,2,4,DIFFUSEUR,Diffuseur,,,T,,39,APRR
EchA0036Pr175,2025-01-01,A0036,175,21,C,600.0,196108.0,881226.14,6671846.18,0.0,I,0,ACCROCHE,1977-01-01,Noeud de Ste.Seine-en-Bache,,8,BIFURCATION,N?ud autoroutier (Bifurcation),,,T,,21,APRR
EchA0036Pr195,2025-01-01,A0036,195,21,C,900.0,216408.0,864788.09,6661401.43,0.0,I,0,ACCROCHE,1980-01-01,Seurre,1,4,DIFFUSEUR,Diffuseur,,,T,,21,APRR
EchA0036Pr216,2025-01-01,A0036,216,21,C,900.0,237408.0,844566.42,6663385.15,0.0,I,0,ACCROCHE,1980-01-01,Bifurcation de Serrigny,,0,BIFURCATION,N?ud autoroutier (Bifurcation),,,F,,21,APRR
EchA0039Pr0,2025-01-01,A0039,0,21,C,0.0,0.0,856872.33,6691228.45,0.0,I,0,ACCROCHE,1994-01-01,N274,1,2,DIFFUSEUR,Diffuseur,,,T,,21,APRR
EchA0039Pr0,2025-01-01,A0039,0,21,C,990.0,990.0,857352.45,6690527.62,0.0,I,0,ACCROCHE,1994-01-01,Neuilly-les-Dijon,2,2,DIFFUSEUR,Diffuseur,,,T,,21,APRR
EchA0039Pr5,2025-01-01,A0039,5,21,C,300.0,5300.0,861057.18,6688729.12,0.0,I,0,ACCROCHE,1994-01-01,Chevigny-St.Sauveur-Crimolois,3,4,DIFFUSEUR,Diffuseur,,,T,,21,APRR
EchA0039Pr6,2025-01-01,A0039,6,21,C,450.0,6450.0,862120.55,6688243.83,0.0,I,0,ACCROCHE,1994-01-01,noeud de Fauverney,,6,BIFURCATION,N?ud autoroutier (Bifurcation),,,F,,21,APRR
EchA0039Pr21,2025-01-01,A0039,21,21,C,600.0,21600.0,874442.93,6680549.15,0.0,I,0,ACCROCHE,1994-01-01,Soirans,5,4,DIFFUSEUR,Diffuseur,,,T,,21,APRR
EchA0039Pr33,2025-01-01,A0039,33,21,C,200.0,33200.0,881178.13,6671816.76,0.0,I,0,ACCROCHE,1994-01-01,Noeud de Ste.Seine-en-Bache,,8,BIFURCATION,N?ud autoroutier (Bifurcation),,,T,,21,APRR
EchA0039Pr40,2025-01-01,A0039,40,39,C,410.0,40410.0,885038.7,6666117.48,0.0,I,0,ACCROCHE,1994-01-01,Choisey,6,4,DIFFUSEUR,Diffuseur,,,T,,39,APRR
EchA0039Pr68,2025-01-01,A0039,68,39,C,900.0,68900.0,895846.87,6642319.39,0.0,I,0,ACCROCHE,1998-01-01,Noeud de Bersaillin,,4,BIFURCATION,N?ud autoroutier (Bifurcation),,,T,,39,APRR
EchA0039Pr78,2025-01-01,A0039,78,39,C,300.0,78300.0,892348.26,6633827.96,0.0,I,0,ACCROCHE,1998-01-01,Arlay,7.1,4,DIFFUSEUR,Diffuseur,,,T,,39,APRR
EchA0039Pr93,2025-01-01,A0039,93,39,C,700.0,93700.0,885242.76,6621146.51,0.0,I,0,ACCROCHE,1998-01-01,Beaurepaire-en-Bresse,8,4,DIFFUSEUR,Diffuseur,,,T,,71,APRR
EchA0039Pr108,2025-01-01,A0039,108,71,C,840.0,108840.0,878617.36,6607833.97,0.0,I,0,ACCROCHE,1998-01-01,Le Miroir,9,4,DIFFUSEUR,Diffuseur,,,T,,71,APRR
EchA0039Pr122,2025-01-01,A0039,122,01,C,0.0,122000.0,874472.16,6596013.1,0.0,I,0,ACCROCHE,1998-01-01,Beaupont,10,4,DIFFUSEUR,Diffuseur,,,T,,01,APRR
EchA0039Pr143,2025-01-01,A0039,143,01,C,800.0,143800.0,872970.63,6575667.53,0.0,I,0,ACCROCHE,1998-01-01,Noeud de Viriat,,2,BIFURCATION,N?ud autoroutier (Bifurcation),,,T,,01,APRR
ECHA-A40-E22-000090-0001,2025-01-01,A0040,0,74,C,90.0,90.0,987429.07,6541211.5,0.0,I,0,ACCROCHE,,Echangeur du Fayet no22,22,2,DIFFUSEUR,Diffuseur,AUTRE,Autres formes,F,,74,ATMB
ECHA-A40-E21-001651-0001,2025-01-01,A0040,1,74,C,651.0,1651.0,985925.47,6541485.24,0.0,I,0,ACCROCHE,,Echangeur No21 Passy,21,4,DIFFUSEUR,Diffuseur,LOSANGE,Losange,T,,74,ATMB
ECHA-A40-E20-009410-0001,2025-01-01,A0040,9,74,C,410.0,9410.0,981033.37,6546816.82,0.0,I,0,ACCROCHE,,Echangeur No20 Sallanches,20,4,DIFFUSEUR,Diffuseur,AUTRE,Autres formes,T,,74,ATMB
ECHA-A40-E19-019961-0001,2025-01-01,A0040,19,74,C,961.0,19961.0,977697.43,6556104.29,0.0,I,0,ACCROCHE,,Echangeur No19 Cluses Est,19,4,DIFFUSEUR,Diffuseur,TROMPETTE,Trompette,T,,74,ATMB
ECHA-A40-E18-024096-0001,2025-01-01,A0040,24,74,C,96.0,24096.0,974260.29,6558242.7,0.0,I,0,ACCROCHE,,Echangeur No18 Scionzier,18,4,DIFFUSEUR,Diffuseur,AUTRE,Autres formes,F,,74,ATMB
ECHA-A40-E17-033421-0001,2025-01-01,A0040,33,74,C,421.0,33421.0,965153.13,6558042.01,0.0,I,0,ACCROCHE,,Echangeur No17  Bonneville Est,17,4,DIFFUSEUR,Diffuseur,AUTRE,Autres formes,T,,74,ATMB
ECHA-A40-E16-037476-0001,2025-01-01,A0040,37,74,C,476.0,37476.0,961446.61,6558104.18,0.0,I,0,ACCROCHE,,Echangeur No16 Bonneville Ouest,16,5,DIFFUSEUR,Diffuseur,TROMPETTE,Trompette,T,,74,ATMB
BIFU-A40-A410--043921-0001,2025-01-01,A0040,43,74,C,921.0,43921.0,957345.64,6563009.92,0.0,I,0,ACCROCHE,,Bifurcation de Scientrier A40/410,,4,BIFURCATION,N?ud autoroutier (Bifurcation),TROMPETTE,Trompette,F,,74,ATMB
EchA0040Pr44,2025-01-01,A0040,44,74,C,350.0,44350.0,957087.65,6563342.99,0.0,I,0,ACCROCHE,,Bifurcation de Scientrier,,2,BIFURCATION,N?ud autoroutier (Bifurcation),,,T,,74,ATMB
ECHA-A40-E15-046843-0001,2025-01-01,A0040,46,74,C,843.0,46843.0,955941.2,6565525.69,0.0,I,0,ACCROCHE,,Echangeur No15 Vallee Verte,15,4,DIFFUSEUR,Diffuseur,LOSANGE,Losange,T,,74,ATMB
ECHA-A40-E14-055144-0001,2025-01-01,A0040,55,74,C,144.0,55144.0,949070.9,6569694.79,0.0,I,0,ACCROCHE,,Echangeur No14 Annemasse,14,5,DIFFUSEUR,Diffuseur,AUTRE,Autres formes,T,,74,ATMB
BIFU-A40-A411--055600-0001,2025-01-01,A0040,55,74,C,600.0,55600.0,948710.42,6569961.3,0.0,I,0,ACCROCHE,,Bifurcation d'Etrembieres A40/41,,4,BIFURCATION,N?ud autoroutier (Bifurcation),AUTRE,Autres formes,F,,74,ATMB
ECHA-A40-E13.1-065797-0001,2025-01-01,A0040,65,74,C,797.0,65797.0,940869.56,6564482.17,0.0,I,0,ACCROCHE,,Echangeur No13.1 Archamps,13.1,4,DIFFUSEUR,Diffuseur,AUTRE,Autres formes,T,,74,ATMB
EchA0040Pr67,2025-01-01,A0040,67,74,C,450.0,67450.0,939284.74,6563990.51,0.0,I,0,ACCROCHE,,Noeud de Saint-Julien-en-Genevois,,0,BIFURCATION,N?ud autoroutier (Bifurcation),,,T,,74,ATMB
ECHA-A40-E12-068389-0001,2025-01-01,A0040,68,74,C,389.0,68389.0,938390.25,6563718.8,0.0,I,0,ACCROCHE,,Echangeur No12 St Julien en Genevois,12,4,DIFFUSEUR,Diffuseur,AUTRE,Autres formes,T,,74,ATMB
ECHA-A40-E11-090428-0001,2025-01-01,A0040,90,74,C,428.0,90428.0,921523.04,6555929.56,0.0,I,0,ACCROCHE,,Echangeur No11 Eloise,11,4,DIFFUSEUR,Diffuseur,TROMPETTE,Trompette,T,,74,ATMB
ECHA-A40-E10-099093-0001,2025-01-01,A0040,99,01,C,93.0,99093.0,915971.19,6561467.18,0.0,I,0,ACCROCHE,,Echangeur No10 Bellegarde,10,4,DIFFUSEUR,Diffuseur,TROMPETTE,Trompette,T,,01,ATMB
EchA0040Pr115,2025-01-01,A0040,115,01,C,850.0,115850.0,904300.01,6565200.34,0.0,I,0,ACCROCHE,1986-01-01,Sylans,9,4,DIFFUSEUR,Diffuseur,,,T,,01,APRR
EchA0040Pr125,2025-01-01,A0040,125,01,C,420.0,125420.0,896223.6,6562594.53,0.0,I,0,ACCROCHE,1986-01-01,St.Martin-du-Fresne,8,4,DIFFUSEUR,Diffuseur,,,T,Imbrication ?changeur A40/A404,01,APRR
EchA0040Pr126,2025-01-01,A0040,126,01,C,100.0,126100.0,895626.44,6562884.5,0.0,I,0,ACCROCHE,1986-01-01,Noeud de Maillat,,3,BIFURCATION,N?ud autoroutier (Bifurcation),,,T,Sans compter les bretelles de la sortie N?8 imbriqu?e,01,APRR
EchA0040Pr145,2025-01-01,A0040,145,01,C,650.0,145650.0,879773.44,6554794.5,0.0,I,0,ACCROCHE,1985-01-01,Noeud de Pont-d'Ain,,2,BIFURCATION,N?ud autoroutier (Bifurcation),,,T,,01,APRR
EchA0040Pr156,2025-01-01,A0040,156,01,C,560.0,156560.0,876866.79,6563336.39,0.0,I,0,ACCROCHE,1985-01-01,Bourg-Sud,7,4,DIFFUSEUR,Diffuseur,,,T,,01,APRR
EchA0040Pr166,2025-01-01,A0040,166,01,C,960.0,166960.0,875609.04,6573135.35,0.0,I,0,ACCROCHE,1985-01-01,Viriat,6,4,DIFFUSEUR,Diffuseur,,,T,,01,APRR
EchA0040Pr169,2025-01-01,A0040,169,01,C,780.0,169780.0,873609.53,6575163.77,0.0,I,0,ACCROCHE,1985-01-01,Noeud de Viriat,,2,BIFURCATION,N?ud autoroutier (Bifurcation),,,T,,01,APRR
EchA0040Pr176,2025-01-01,A0040,176,01,C,990.0,176990.0,866616.68,6575822.04,0.0,I,0,ACCROCHE,1987-01-01,Bourg-Nord,5,4,DIFFUSEUR,Diffuseur,,,T,,01,APRR
EchA0040Pr188,2025-01-01,A0040,188,01,C,600.0,188600.0,855222.48,6576684.07,0.0,I,0,ACCROCHE,1987-01-01,St.Genis-sur-Menthon,4,2,DIFFUSEUR,Diffuseur,,,T,,01,APRR
EchA0040Pr197,2025-01-01,A0040,197,01,C,778.0,197778.0,846522.99,6579289.77,0.0,I,0,ACCROCHE,1987-01-01,A40-A406,,0,BIFURCATION,N?ud autoroutier (Bifurcation),,,F,,01,APRR
EchA0040Pr198,2025-01-01,A0040,198,01,C,630.0,198630.0,846010.59,6579960.82,0.0,I,0,ACCROCHE,1987-01-01,Replonges,3,4,DIFFUSEUR,Diffuseur,,,T,,01,APRR
EchA0040Pr201,2025-01-01,A0040,201,01,C,900.0,201900.0,844528.04,6582870.55,0.0,I,0,ACCROCHE,1987-01-01,Feillens,2,4,DIFFUSEUR,Diffuseur,,,T,,01,APRR
EchA0040Pr204,2025-01-01,A0040,204,01,C,630.0,204630.0,842036.93,6583849.24,0.0,I,0,ACCROCHE,1987-01-01,Macon-Centre,1,3,DIFFUSEUR,Diffuseur,,,T,,71,APRR
EchA0040Pr207,2025-01-01,A0040,207,71,C,330.0,207330.0,840609.04,6585641.78,0.0,I,0,ACCROCHE,,Noeud de Sennece,,0,BIFURCATION,N?ud autoroutier (Bifurcation),,,F,,71,APRR
EchA0041Pr0+680,2025-01-01,A0041,0,38,C,680.0,680.0,917242.32,6459671.28,0.0,I,0,ACCROCHE,,Meylan Ouest,27,2,DIFFUSEUR,Diffuseur,,,F,,38,AREA
EchA0041Pr2+708,2025-01-01,A0041,2,38,C,708.0,2708.0,919195.28,6460186.87,0.0,I,0,ACCROCHE,,Meylan Est,26,3,DIFFUSEUR,Diffuseur,,,T,,38,AREA
EchA0041Pr5+750,2025-01-01,A0041,5,38,C,750.0,5750.0,921428.27,6462120.78,0.0,I,0,ACCROCHE,,Montbonnot,25,4,DIFFUSEUR,Diffuseur,,,T,,38,AREA
EchA0041Pr8+559,2025-01-01,A0041,8,38,C,559.0,8559.0,923363.98,6464104.86,0.0,I,0,ACCROCHE,,Villard-Bonnot,24.1,2,DIFFUSEUR,Diffuseur,,,T,,38,AREA
EchA0041Pr12+113,2025-01-01,A0041,12,38,C,113.0,12113.0,926213.17,6466149.01,0.0,I,0,ACCROCHE,,Bernin,24c,2,DIFFUSEUR,Diffuseur,,,T,,38,AREA
EchA0041Pr13+550,2025-01-01,A0041,13,38,C,550.0,13550.0,927075.67,6467281.24,0.0,I,0,ACCROCHE,,Crolles,24a,2,DIFFUSEUR,Diffuseur,,,T,"les diffuseurs 24, 24a,24b sont imbriques",38,AREA
EchA0041Pr13+552,2025-01-01,A0041,13,38,C,552.0,13552.0,927076.79,6467282.82,0.0,I,0,ACCROCHE,,Froges - Brignoud,24b,1,DIFFUSEUR,Diffuseur,,,T,"les diffuseurs 24, 24a,24b sont imbriques",38,AREA
EchA0041Pr14+148,2025-01-01,A0041,14,38,C,148.0,14148.0,927419.87,6467759.44,0.0,I,0,ACCROCHE,,Crolles - Brignoud,24,2,DIFFUSEUR,Diffuseur,,,T,"les diffuseurs 24, 24a,24b sont imbriques",38,AREA
EchA0041Pr23+834,2025-01-01,A0041,23,38,C,834.0,23834.0,932217.18,6476079.54,0.0,I,0,ACCROCHE,,Le Touvet,23,4,DIFFUSEUR,Diffuseur,,,T,,38,AREA
EchA0041Pr33+274,2025-01-01,A0041,33,38,C,274.0,33274.0,934403.86,6485100.79,0.0,I,0,ACCROCHE,,Pontcharra,22,4,DIFFUSEUR,Diffuseur,,,T,,38,AREA
EchA0041Pr88+593,2025-01-01,A0041,39,73,C,1093.0,40093.0,924653.35,6504581.38,0.0,I,0,ACCROCHE,,Bifurcation de Chambery Nord,,4,BIFURCATION,N?ud autoroutier (Bifurcation),,,T,,73,AREA
EchA041SPr40+343,2025-01-01,A0041,39,73,C,1343.0,40343.0,924925.23,6504762.49,0.0,I,0,ACCROCHE,,Bifurcation de Francin,,2,BIFURCATION,N?ud autoroutier (Bifurcation),,,T,,73,AREA
EchA0041Pr95+240,2025-01-01,A0041,95,73,C,240.0,46740.0,927753.48,6510087.63,0.0,I,0,ACCROCHE,,Aix Les Bains Sud,13,4,DIFFUSEUR,Diffuseur,,,T,,73,AREA
EchA0041Pr102+329,2025-01-01,A0041,102,73,C,329.0,53829.0,927403.25,6516949.56,0.0,I,0,ACCROCHE,,Aix Les Bains Nord,14,4,DIFFUSEUR,Diffuseur,,,T,,73,AREA
EchA0041Pr116+473,2025-01-01,A0041,116,74,C,473.0,67973.0,933525.06,6528660.68,0.0,I,0,ACCROCHE,,Rumilly,15,4,DIFFUSEUR,Diffuseur,,,T,,74,AREA
EchA0041Pr121+916,2025-01-01,A0041,121,74,C,916.0,73416.0,937167.79,6532230.69,0.0,I,0,ACCROCHE,,Seynod-Sud,15.1,4,DIFFUSEUR,Diffuseur,,,T,,74,AREA
EchA0041Pr128+136,2025-01-01,A0041,128,74,C,136.0,79636.0,939392.24,6537788.65,0.0,I,0,ACCROCHE,,Annecy-Centre,16,4,DIFFUSEUR,Diffuseur,,,T,,74,AREA
EchA0041Pr133+306,2025-01-01,A0041,133,74,C,306.0,84806.0,941278.45,6542517.81,0.0,I,0,ACCROCHE,,Annecy Nord,17,4,DIFFUSEUR,Diffuseur,,,T,,74,AREA
EchA0041Pr139+780,2025-01-01,A0041,139,74,C,550.0,91050.0,942072.95,6547855.89,0.0,I,0,ACCROCHE,,A41N-A410,,0,BIFURCATION,N?ud autoroutier (Bifurcation),,,F,,74,AREA
EchA0041Pr139+829,2025-01-01,A0041,139,74,C,829.0,91329.0,942052.57,6548164.81,0.0,I,0,ACCROCHE,,Cruseilles - Allonzier,18,4,DIFFUSEUR,Diffuseur,,,T,,74,ADELAC
EchA0041Pr148+82,2025-01-01,A0041,148,74,C,82.0,99582.0,938202.67,6554476.26,0.0,I,0,ACCROCHE,,Copponex,19,2,DIFFUSEUR,Diffuseur,,,T,,74,ADELAC
EchA0041Pr158+300,2025-01-01,A0041,158,74,C,300.0,109800.0,939307.58,6563995.45,0.0,I,0,ACCROCHE,,Noeud de Saint-Julien-en-Genevois,,0,BIFURCATION,N?ud autoroutier (Bifurcation),,,T,,74,ADELAC
EchA0042Pr5,2025-01-01,A0042,5,01,C,100.0,5109.0,850367.39,6525268.29,0.0,I,0,ACCROCHE,1983-01-01,Miribel-Jonage,4,4,DIFFUSEUR,Diffuseur,,,T,,01,APRR
EchA0042Pr9,2025-01-01,A0042,9,01,C,70.0,9079.0,854202.01,6526220.53,0.0,I,0,ACCROCHE,1983-01-01,St.Maurice-de-Beynost,5,4,DIFFUSEUR,Diffuseur,,,T,,01,APRR
EchA0042Pr12,2025-01-01,A0042,12,01,C,596.0,12605.0,857340.98,6527831.99,0.0,I,0,ACCROCHE,1983-01-01,Noeud de La Boisse,,6,BIFURCATION,N?ud autoroutier (Bifurcation),,,T,,01,APRR
EchA0042Pr14,2025-01-01,A0042,14,01,C,230.0,14239.0,858731.32,6528636.82,0.0,I,0,ACCROCHE,1983-01-01,La Boisse-Montluel,5.1,4,DIFFUSEUR,Diffuseur,,,T,,01,APRR
EchA0042Pr18,2025-01-01,A0042,18,01,C,510.0,18519.0,862653.59,6530284.36,0.0,I,0,ACCROCHE,1983-01-01,Balan,6,4,DIFFUSEUR,Diffuseur,,,T,,01,APRR
EchA0042Pr25,2025-01-01,A0042,25,01,C,80.0,25089.0,868904.89,6531507.53,0.0,I,0,ACCROCHE,1983-01-01,Perouges,7,4,DIFFUSEUR,Diffuseur,,,T,,01,APRR
EchA0042Pr42,2025-01-01,A0042,42,01,C,540.0,42549.0,878938.73,6544948.51,0.0,I,0,ACCROCHE,1983-01-01,Amberieu,8,4,DIFFUSEUR,Diffuseur,,,T,,01,APRR
EchA0042Pr49,2025-01-01,A0042,49,01,C,900.0,49909.0,879767.13,6552172.79,0.0,I,0,ACCROCHE,1988-01-01,Pont-d'Ain,9,4,DIFFUSEUR,Diffuseur,,,T,,01,APRR
EchA0042Pr53,2025-01-01,A0042,52,01,C,600.0,52609.0,879688.06,6554743.54,0.0,I,0,ACCROCHE,1988-01-01,Noeud de Pont-d'Ain,,2,BIFURCATION,N?ud autoroutier (Bifurcation),,,T,,01,APRR
EchA0043Pr3+431,2025-01-01,A0043,3,69,N,431.0,2381.0,849637.47,6515740.31,0.0,I,0,ACCROCHE,,Porte des Alpes,3,8,DIFFUSEUR,Diffuseur,,,T,,69,AREA
EchA0043Pr4+295,2025-01-01,A0043,4,69,C,295.0,3245.0,850385.51,6515344.59,0.0,I,0,ACCROCHE,,Bron,4,5,DIFFUSEUR,Diffuseur,,,T,,69,AREA
EchA0043Pr7+557,2025-01-01,A0043,7,69,C,557.0,6507.0,852974.3,6513381.03,0.0,I,0,ACCROCHE,,Bifurcation de Manissieux,,8,BIFURCATION,N?ud autoroutier (Bifurcation),,,T,,69,AREA
EchA0043Pr14+995,2025-01-01,A0043,14,69,C,995.0,13945.0,859466.2,6509860.19,0.0,I,0,ACCROCHE,,Bifurcation de St Exupery,,2,BIFURCATION,N?ud autoroutier (Bifurcation),,,T,,69,AREA
EchA0043Pr19+371,2025-01-01,A0043,19,38,C,371.0,18321.0,863487.56,6508179.96,0.0,I,0,ACCROCHE,,Isle d'Abeau Chesnes,5,3,DIFFUSEUR,Diffuseur,,,T,,38,AREA
EchA0043Pr20+625,2025-01-01,A0043,20,38,C,625.0,19575.0,864737.52,6507776.36,0.0,I,0,ACCROCHE,,St Quentin Fallavier,5,2,DIFFUSEUR,Diffuseur,,,T,,38,AREA
EchA0043Pr25+100,2025-01-01,A0043,25,38,C,100.0,24050.0,868577.47,6505772.26,0.0,I,0,ACCROCHE,,Villefontaine,6,4,DIFFUSEUR,Diffuseur,,,T,,38,AREA
EchA0043Pr31+465,2025-01-01,A0043,31,38,C,465.0,30415.0,874352.11,6503315.56,0.0,I,0,ACCROCHE,,Isle d'Abeau Centre,7,4,DIFFUSEUR,Diffuseur,,,T,,38,AREA
EchA0043Pr37+631,2025-01-01,A0043,37,38,C,631.0,36581.0,879583.76,6500679.77,0.0,I,0,ACCROCHE,,Bourgoin Jallieu,8,4,DIFFUSEUR,Diffuseur,,,T,,38,AREA
EchA0043Pr41+805,2025-01-01,A0043,41,38,C,805.0,40755.0,883087.4,6498996.3,0.0,I,0,ACCROCHE,,Bifurcation de Coiranne,,2,BIFURCATION,N?ud autoroutier (Bifurcation),,,T,,38,AREA
EchA0043Pr48+67,2025-01-01,A0043,48,38,C,67.0,47017.0,889268.68,6498603.41,0.0,I,0,ACCROCHE,,La Tour du Pin,9,4,DIFFUSEUR,Diffuseur,,,T,,38,AREA
EchA0043Pr50+170,2025-01-01,A0043,50,38,C,170.0,49120.0,891331.3,6498426.08,0.0,I,0,ACCROCHE,,D 1006,9.1,2,DIFFUSEUR,Diffuseur,,,T,,38,AREA
EchA0043Pr62+379,2025-01-01,A0043,62,38,C,379.0,61329.0,903135.03,6500469.11,0.0,I,0,ACCROCHE,,Les Abrets,10,4,DIFFUSEUR,Diffuseur,,,T,,38,AREA
EchA0043Pr67+70,2025-01-01,A0043,67,73,C,70.0,66020.0,907550.53,6500428.11,0.0,I,0,ACCROCHE,,St Genix sur Guiers,11,4,DIFFUSEUR,Diffuseur,,,T,,73,AREA
EchA0043Pr79+663,2025-01-01,A0043,79,73,C,663.0,78613.0,918175.62,6501579.81,0.0,I,0,ACCROCHE,,Aiguebelette,12,4,DIFFUSEUR,Diffuseur,,,T,,73,AREA
EchA0043Pr88,2025-01-01,A0043,88,73,C,593.0,87543.0,924758.44,6504590.2,0.0,I,0,ACCROCHE,,Bifurcation de Chambery Nord,,4,BIFURCATION,N?ud autoroutier (Bifurcation),,,T,,73,AREA
EchA0043Pr89+400,2025-01-01,A0043,89,73,C,400.0,88350.0,930408.62,6499367.75,0.0,I,0,ACCROCHE,,VRU de Chambery,,4,BIFURCATION,N?ud autoroutier (Bifurcation),,,T,,73,AREA
EchA0043Pr99+13,2025-01-01,A0043,99,73,C,13.0,90663.0,931541.51,6497431.13,0.0,I,0,ACCROCHE,,Le Granier,20,4,DIFFUSEUR,Diffuseur,,,T,,73,AREA
EchA0043Pr103+700,2025-01-01,A0043,103,73,C,700.0,95350.0,934907.89,6494476.5,0.0,I,0,ACCROCHE,,Chignin les Marches,21,4,DIFFUSEUR,Diffuseur,,,T,,73,AREA
EchA0043Pr106+0,2025-01-01,A0043,106,73,C,0.0,97650.0,936051.35,6492536.13,0.0,I,0,ACCROCHE,,Bifurcation de Francin,,2,BIFURCATION,N?ud autoroutier (Bifurcation),,,T,,73,AREA
EchA0043Pr109+755,2025-01-01,A0043,109,73,C,755.0,101405.0,938547.1,6492793.75,0.0,I,0,ACCROCHE,,Montmelian,22,4,DIFFUSEUR,Diffuseur,,,T,,73,AREA
EchA0043Pr120+243,2025-01-01,A0043,120,73,C,243.0,111893.0,946457.11,6499289.38,0.0,I,0,ACCROCHE,,St Pierre d'Albigny,23,2,DIFFUSEUR,Diffuseur,,,T,,73,AREA
EchA0043Pr125+300,2025-01-01,A0043,125,73,C,300.0,116950.0,951011.0,6501363.66,0.0,I,0,ACCROCHE,,Bifurcation de Chamousset,,2,BIFURCATION,N?ud autoroutier (Bifurcation),,,T,,73,AREA
EchA0043Pr127+404,2025-01-01,A0043,127,73,C,404.0,119054.0,952862.6,6500529.3,0.0,I,0,ACCROCHE,,Aiton,24,4,DIFFUSEUR,Diffuseur,,,T,,73,AREA
EchangeurA0043Pr127+457,2025-01-01,A0043,127,73,C,457.0,119107.0,952903.99,6500497.03,0.0,I,0,ACCROCHE,1997-01-14,Aiton,24,2,DIFFUSEUR,Diffuseur,AUTRE,Autres formes,T,Limite de concession avec AREA,73,SFTRF
EchangeurA0043Pr141+316,2025-01-01,A0043,141,73,C,316.0,132966.0,956825.71,6491273.87,0.0,I,0,ACCROCHE,1997-01-14,St Pierre de Belleville,25,4,DIFFUSEUR,Diffuseur,AUTRE,Autres formes,T,PR de l'ouvrage traversant,73,SFTRF
EchangeurA0043Pr157+45,2025-01-01,A0043,157,73,C,45.0,148695.0,958841.25,6476964.71,0.0,I,0,ACCROCHE,1997-01-14,Ste Marie de Cuines,26,4,DIFFUSEUR,Diffuseur,AUTRE,Autres formes,T,PR de l'ouvrage traversant,73,SFTRF
EchangeurA0043Pr163+580,2025-01-01,A0043,163,73,C,580.0,155230.0,962896.95,6472195.52,0.0,I,0,ACCROCHE,1998-01-20,Hermillon,27,2,DIFFUSEUR,Diffuseur,AUTRE,Autres formes,F,"Demi-diffuseur, PR au droit des gares de peage",73,SFTRF
EchangeurA0043Pr170+300,2025-01-01,A0043,170,73,C,300.0,161950.0,966382.19,6467161.85,0.0,I,0,ACCROCHE,1998-01-20,St Julien Mont Denis,28,2,DIFFUSEUR,Diffuseur,AUTRE,Autres formes,F,"Demi-diffuseur, PR au droit des gares de peage",73,SFTRF
EchangeurA0043Pr177+143,2025-01-01,A0043,177,73,C,143.0,168793.0,971634.34,6463608.83,0.0,I,0,ACCROCHE,1998-01-20,St Michel de Mne,29,4,DIFFUSEUR,Diffuseur,AUTRE,Autres formes,T,PR de l'ouvrage traversant,73,SFTRF
EchangeurA0043Pr190+416,2025-01-01,A0043,190,73,C,416.0,182066.0,984082.33,6461784.24,0.0,I,0,ACCROCHE,2000-07-12,Le Freney,30,4,DIFFUSEUR,Diffuseur,AUTRE,Autres formes,T,PR de l'ouvrage traversant,73,SFTRF
EchangeurA0043Pr193+566,2025-01-01,A0043,193,73,C,588.0,185237.0,986936.14,6461005.43,0.0,I,0,ACCROCHE,2000-07-12,Modane,31,2,DIFFUSEUR,Diffuseur,AUTRE,Autres formes,F,"Demi-diffuseur, PR de l'ouvrage traversant",73,SFTRF
EchA0046Pr0,2025-01-01,A0046,0,69,C,0.0,0.0,833468.11,6539266.55,0.0,I,0,ACCROCHE,1991-01-01,Bifurcation d'Anse,,0,BIFURCATION,N?ud autoroutier (Bifurcation),,,F,,69,APRR
EchA0046Pr1,2025-01-01,A0046,1,69,C,840.0,1840.0,834923.66,6538113.09,0.0,I,0,ACCROCHE,1991-01-01,Amberieux-d'Azergues,1,1,DIFFUSEUR,Diffuseur,,,F,,69,APRR
EchA0046Pr2,2025-01-01,A0046,2,69,C,170.0,2170.0,835234.43,6538005.38,0.0,I,0,ACCROCHE,1991-01-01,Quincieux,1,1,DIFFUSEUR,Diffuseur,,,F,,69,APRR
EchA0046Pr3,2025-01-01,A0046,3,69,C,260.0,3260.0,836290.0,6537742.38,0.0,I,0,ACCROCHE,1991-01-01,A46-A466,,0,BIFURCATION,N?ud autoroutier (Bifurcation),,,F,,69,APRR
EchA0046Pr9,2025-01-01,A0046,9,01,C,90.0,9090.0,841189.54,6535256.47,0.0,I,0,ACCROCHE,1991-01-01,Genay,2,4,DIFFUSEUR,Diffuseur,,,T,,69,APRR
EchA0046Pr16,2025-01-01,A0046,16,01,C,400.0,16400.0,847005.31,6533333.41,0.0,I,0,ACCROCHE,1991-01-01,Mionnay,2.1,2,DIFFUSEUR,Diffuseur,,,T,,01,APRR
EchA0046Pr18,2025-01-01,A0046,18,69,C,567.0,18567.0,847817.65,6531414.33,0.0,I,0,ACCROCHE,1991-01-01,A46-A432,,0,BIFURCATION,N?ud autoroutier (Bifurcation),,,F,,01,APRR
EchA0046Pr19,2025-01-01,A0046,19,01,C,810.0,19810.0,848120.3,6530174.52,0.0,I,0,ACCROCHE,1991-01-01,Les Echets,3,3,DIFFUSEUR,Diffuseur,,,T,,01,APRR
EchA0046Pr23,2025-01-01,A0046,23,69,C,440.0,23440.0,848908.76,6526669.09,0.0,I,0,ACCROCHE,1991-01-01,Rillieux,4,5,DIFFUSEUR,Diffuseur,,,T,,69,APRR
EchangeurA0046Pr40,2025-01-01,A0046,25,69,C,736.0,25736.0,849469.43,6524688.38,0.0,I,0,ACCROCHE,,Bifurcation A43/A46,,8,BIFURCATION,N?ud autoroutier (Bifurcation),TREFLE,Tr?fle,T,,69,APRR
EchA0046Pr40,2025-01-01,A0046,25,69,C,766.0,25766.0,852965.26,6513389.31,0.0,I,0,ACCROCHE,,Bifurcation de Manissieux,,8,BIFURCATION,N?ud autoroutier (Bifurcation),,,T,,69,ASF
EchangeurA0046Pr42,2025-01-01,A0046,42,69,C,249.0,27115.0,853099.37,6512150.27,0.0,I,0,ACCROCHE,,Saint-Priest (Saint Priest Bel Air),11,2,DIFFUSEUR,Diffuseur,LOSANGE,Losange,F,,69,ASF
EchangeurA0046Pr43,2025-01-01,A0046,43,69,C,472.0,28338.0,852673.55,6511054.75,0.0,I,0,ACCROCHE,,Corbas (Saint Priest Centre),12,4,DIFFUSEUR,Diffuseur,TROMPETTE,Trompette,T,,69,ASF
EchangeurA0046Pr46,2025-01-01,A0046,46,69,C,107.0,30973.0,850560.72,6509724.62,0.0,I,0,ACCROCHE,,Chemin du Charbonnier (Mions),13,4,DIFFUSEUR,Diffuseur,LOSANGE,Losange,T,,69,ASF
EchangeurA0046Pr47,2025-01-01,A0046,47,69,C,443.0,32309.0,849736.74,6508779.06,0.0,I,0,ACCROCHE,,Moins (Venissieux),14,4,DIFFUSEUR,Diffuseur,TROMPETTE,Trompette,T,,69,ASF
EchangeurA0046Pr49,2025-01-01,A0046,49,69,C,800.0,34666.0,848763.6,6506800.5,0.0,I,0,ACCROCHE,,Marennes (Saint Symphorien d'Ozon),15,4,DIFFUSEUR,Diffuseur,TROMPETTE,Trompette,T,,69,ASF
EchangeurA0046Pr57,2025-01-01,A0046,57,69,C,580.0,42446.0,844361.86,6501423.65,0.0,I,0,ACCROCHE,,Communay,16,4,DIFFUSEUR,Diffuseur,TROMPETTE,Trompette,T,,69,ASF
EchangeurA0046Pr60,2025-01-01,A0046,60,69,C,327.0,45193.0,841866.08,6500432.02,0.0,I,0,ACCROCHE,,Communay sud (Bretelle de sortie sens Ternay - A43),17,1,DIFFUSEUR,Diffuseur,LOSANGE,Losange,F,,69,ASF
EchangeurA0046Pr62,2025-01-01,A0046,62,69,C,612.0,47478.0,840301.36,6500066.96,0.0,I,0,ACCROCHE,,Bifurcation de Ternay (A7/A47/A46),,8,BIFURCATION,N?ud autoroutier (Bifurcation),AUTRE,Autres formes,T,,69,ASF
EchA0048Pr41+805,2025-01-01,A0048,41,38,C,805.0,805.0,883048.83,6498945.51,0.0,I,0,ACCROCHE,,Bifurcation de Coiranne,,2,BIFURCATION,N?ud autoroutier (Bifurcation),,,T,,38,AREA
EchA0048Pr66+990,2025-01-01,A0048,66,38,C,990.0,25990.0,893405.64,6479506.46,0.0,I,0,ACCROCHE,,Rives,9,4,DIFFUSEUR,Diffuseur,,,T,,38,AREA
EchA0048Pr75+855,2025-01-01,A0048,75,38,C,855.0,34855.0,900640.8,6475031.52,0.0,I,0,ACCROCHE,,Voiron,10,4,DIFFUSEUR,Diffuseur,,,T,,38,AREA
EchA0048Pr80+365,2025-01-01,A0048,80,38,C,365.0,39365.0,904231.68,6472352.05,0.0,I,0,ACCROCHE,,Moirans,11,4,DIFFUSEUR,Diffuseur,,,F,,38,AREA
EchA0048Pr83+199,2025-01-01,A0048,83,38,C,199.0,42199.0,905412.62,6469882.44,0.0,I,0,ACCROCHE,,Bifurcation de Voreppe,,2,BIFURCATION,N?ud autoroutier (Bifurcation),,,T,,38,AREA
EchA0048Pr85+0,2025-01-01,A0048,85,38,C,0.0,44000.0,905526.06,6468114.81,0.0,I,0,ACCROCHE,,Pont de Veurey,12,2,DIFFUSEUR,Diffuseur,,,T,,38,AREA
EchA0048Pr86+30,2025-01-01,A0048,86,38,C,30.0,45030.0,905860.6,6467139.24,0.0,I,0,ACCROCHE,,Voreppe,13,4,DIFFUSEUR,Diffuseur,,,T,,38,AREA
EchA0048Pr90+966,2025-01-01,A0048,91,38,C,0.0,50000.0,908836.44,6463256.87,0.0,I,0,ACCROCHE,,St Egreve,14,4,DIFFUSEUR,Diffuseur,,,T,,38,AREA
EchA0048Pr94+0,2025-01-01,A0048,93,38,C,520.0,52520.0,910119.96,6461071.93,0.0,I,0,ACCROCHE,,Echangeur de Saint-Egreve,,0,BIFURCATION,N?ud autoroutier (Bifurcation),,,T,,38,AREA
EchA0049Pr0+0,2025-01-01,A0049,0,38,C,0.0,0.0,905357.68,6469131.27,0.0,I,0,ACCROCHE,,Bifurcation de Voreppe,,2,BIFURCATION,N?ud autoroutier (Bifurcation),,,T,,38,AREA
EchA0049Pr9+497,2025-01-01,A0049,9,38,C,497.0,9497.0,897830.04,6468211.52,0.0,I,0,ACCROCHE,,Tullins,11,4,DIFFUSEUR,Diffuseur,,,T,,38,AREA
EchA0049Pr22+925,2025-01-01,A0049,22,38,C,925.0,22925.0,890208.46,6458355.23,0.0,I,0,ACCROCHE,,Vinay,10,4,DIFFUSEUR,Diffuseur,,,T,,38,AREA
EchA0049Pr33+402,2025-01-01,A0049,33,38,C,402.0,33402.0,882759.48,6451214.83,0.0,I,0,ACCROCHE,,St Marcellin,9,4,DIFFUSEUR,Diffuseur,,,T,,38,AREA
EchA0049Pr46+338,2025-01-01,A0049,46,26,C,338.0,46338.0,873556.16,6443290.52,0.0,I,0,ACCROCHE,,La Baume d'Hostun,8,4,DIFFUSEUR,Diffuseur,,,T,,26,AREA
EchA0049Pr57+389,2025-01-01,A0049,57,26,C,389.0,57389.0,863985.17,6438246.56,0.0,I,0,ACCROCHE,,Romans,7,4,DIFFUSEUR,Diffuseur,,,T,,26,AREA
EchA0049Pr60+649,2025-01-01,A0049,60,26,C,649.0,60649.0,860774.05,6437759.99,0.0,I,0,ACCROCHE,,Bourg de Peage Est,6,2,DIFFUSEUR,Diffuseur,,,F,,26,AREA
EchA0049Pr61+242,2025-01-01,A0049,61,26,C,242.0,61242.0,860228.93,6437663.64,0.0,I,0,ACCROCHE,,Bourg de Peage,6,2,DIFFUSEUR,Diffuseur,,,F,,26,AREA
EchA0050Pr27+168,2025-01-01,A0050,27,13,C,168.0,17640.0,910151.87,6244340.99,0.0,I,0,ACCROCHE,1975-12-16,Carnoux-en-Provence,6,2,DIFFUSEUR,Diffuseur,LOSANGE,Losange,F,,13,ESCOTA
EchA0050Pr29+525,2025-01-01,A0050,29,13,C,525.0,19997.0,910951.4,6242171.66,0.0,I,0,ACCROCHE,1975-12-16,Roquefort-la-Bedoule-Nord,7,2,DIFFUSEUR,Diffuseur,LOSANGE,Losange,F,,13,ESCOTA
EchA0050Pr30+179,2025-01-01,A0050,30,13,C,179.0,20651.0,910756.45,6241554.25,0.0,I,0,ACCROCHE,1975-12-16,Roquefort-la-Bedoule-Sud,7,2,DIFFUSEUR,Diffuseur,LOSANGE,Losange,F,,13,ESCOTA
EchA0050Pr32+453,2025-01-01,A0050,32,13,C,453.0,22925.0,909869.15,6239495.88,0.0,I,0,ACCROCHE,1975-12-16,Cassis,8,4,DIFFUSEUR,Diffuseur,LOSANGE,Losange,T,,13,ESCOTA
EchA0050Pr35+235,2025-01-01,A0050,35,13,C,235.0,25707.0,911006.42,6237284.75,0.0,I,0,ACCROCHE,1975-12-16,La Ciotat,9,4,DIFFUSEUR,Diffuseur,LOSANGE,Losange,T,,13,ESCOTA
EchA0050Pr44+33,2025-01-01,A0050,44,83,C,33.0,34505.0,918758.05,6236476.23,0.0,I,0,ACCROCHE,1975-12-16,Saint-Cyr-sur-Mer,10,4,DIFFUSEUR,Diffuseur,TROMPETTE,Trompette,T,,83,ESCOTA
EchA0050Pr50+681,2025-01-01,A0050,50,83,C,681.0,41153.0,924740.23,6236521.28,0.0,I,0,ACCROCHE,1975-12-16,La Cadiere d'Azur,11,4,DIFFUSEUR,Diffuseur,LOSANGE,Losange,T,,83,ESCOTA
EchA0050Pr56+85,2025-01-01,A0050,56,83,C,85.0,46557.0,925384.81,6231473.02,0.0,I,0,ACCROCHE,1975-12-16,Bandol,12,4,DIFFUSEUR,Diffuseur,TROMPETTE,Trompette,T,,83,ESCOTA
EchA0050Pr63+764,2025-01-01,A0050,63,83,C,764.0,54236.0,932273.34,6228711.58,0.0,I,0,ACCROCHE,1975-06-23,Six-Fours-les-Plages,13,4,DIFFUSEUR,Diffuseur,LOSANGE,Losange,T,,83,ESCOTA
EchA0050Pr66+72,2025-01-01,A0050,66,83,C,72.0,56544.0,934349.92,6229421.55,0.0,I,0,ACCROCHE,1975-06-23,Chateauvallon,14,4,DIFFUSEUR,Diffuseur,TROMPETTE,Trompette,T,,83,ESCOTA
EchA0050Pr67+638,2025-01-01,A0050,67,83,C,638.0,58110.0,935857.95,6229517.39,0.0,I,0,ACCROCHE,1975-06-23,Toulon Ouest,15,3,DIFFUSEUR,Diffuseur,LOSANGE,Losange,F,,83,ESCOTA
EchA0050Pr67+639,2025-01-01,A0050,67,83,C,639.0,58111.0,935858.84,6229517.11,0.0,I,0,ACCROCHE,1975-06-23,Bregaillon,15b,4,DIFFUSEUR,Diffuseur,LOSANGE,Losange,T,,83,ESCOTA
EchA0050Pr68+207,2025-01-01,A0050,68,83,C,207.0,58740.0,936457.92,6229391.84,0.0,I,0,ACCROCHE,1975-06-23,Toulon Ouest,15a,2,DIFFUSEUR,Diffuseur,LOSANGE,Losange,F,,83,ESCOTA
EchA0050Pr68+797,2025-01-01,A0050,68,83,C,797.0,59330.0,937060.0,6229642.06,0.0,I,0,ACCROCHE,1975-06-23,Toulon Centre,16,2,DIFFUSEUR,Diffuseur,TROMPETTE,Trompette,F,,83,ESCOTA
EchA0050Pr72+222,2025-01-01,A0050,72,83,C,222.0,62707.0,940091.63,6229023.24,0.0,I,0,ACCROCHE,1975-06-23,Toulon Centre,17,2,DIFFUSEUR,Diffuseur,LOSANGE,Losange,F,,83,ESCOTA
EchA0050Pr72+797,2025-01-01,A0050,72,83,C,797.0,63282.0,940592.05,6229224.15,0.0,I,0,ACCROCHE,1975-12-16,Saint Jean Du Var,1,2,BIFURCATION,N?ud autoroutier (Bifurcation),LOSANGE,Losange,F,,83,ESCOTA
EchA0050Pr72+819,2025-01-01,A0050,72,83,C,819.0,63304.0,940610.66,6229233.45,0.0,I,0,ACCROCHE,1975-06-23,Bifurcation A50 A57,,2,BIFURCATION,N?ud autoroutier (Bifurcation),LOSANGE,Losange,F,,83,ESCOTA
EchA0051Pr24+770,2025-01-01,A0051,24,13,C,770.0,19187.0,899468.32,6278002.6,0.0,I,0,ACCROCHE,1985-03-22,Aix-Les Platanes,12,3,DIFFUSEUR,Diffuseur,TROMPETTE,Trompette,F,,13,ESCOTA
EchA0051Pr27+355,2025-01-01,A0051,27,13,C,355.0,21772.0,900602.81,6280278.19,0.0,I,0,ACCROCHE,1985-12-12,Venelles,13,4,DIFFUSEUR,Diffuseur,LOSANGE,Losange,T,,13,ESCOTA
EchA0051Pr29+666,2025-01-01,A0051,29,13,C,666.0,24083.0,901659.87,6282167.38,0.0,I,0,ACCROCHE,1985-12-12,Meyrargues,14,2,DIFFUSEUR,Diffuseur,LOSANGE,Losange,F,,13,ESCOTA
EchA0051Pr35+540,2025-01-01,A0051,35,13,C,540.0,29957.0,901677.16,6287752.37,0.0,I,0,ACCROCHE,1985-12-12,Pertuis,15,4,DIFFUSEUR,Diffuseur,LOSANGE,Losange,T,,13,ESCOTA
EchA0051Pr35+863,2025-01-01,A0051,35,13,C,863.0,30280.0,901969.45,6287888.64,0.0,I,0,ACCROCHE,1985-12-12,Pertuis,15,2,DIFFUSEUR,Diffuseur,LOSANGE,Losange,F,,13,ESCOTA
EchA0051Pr56+686,2025-01-01,A0051,56,13,C,686.0,51103.0,920091.64,6293306.73,0.0,I,0,ACCROCHE,1985-12-12,Cadarache,17,4,DIFFUSEUR,Diffuseur,TROMPETTE,Trompette,T,,13,ESCOTA
EchA0051Pr70+237,2025-01-01,A0051,70,04,C,237.0,64654.0,926627.18,6304767.24,0.0,I,0,ACCROCHE,1985-12-12,Manosque,18,4,DIFFUSEUR,Diffuseur,TROMPETTE,Trompette,T,,04,ESCOTA
EchA0051Pr84+737,2025-01-01,A0051,84,04,C,737.0,79154.0,932281.35,6317805.35,0.0,I,0,ACCROCHE,1989-12-21,Forcalquier,19,4,DIFFUSEUR,Diffuseur,LOSANGE,Losange,T,,04,ESCOTA
EchA0051Pr99+955,2025-01-01,A0051,99,04,C,955.0,94372.0,937734.69,6331343.75,0.0,I,0,ACCROCHE,1989-12-21,Peyruis,20,4,DIFFUSEUR,Diffuseur,LOSANGE,Losange,T,,04,ESCOTA
EchA0051Pr110+683,2025-01-01,A0051,110,04,C,683.0,105100.0,938503.11,6340774.41,0.0,I,0,ACCROCHE,1989-12-21,Aubignosc,21,4,DIFFUSEUR,Diffuseur,LOSANGE,Losange,T,,04,ESCOTA
EchA0051Pr116+220,2025-01-01,A0051,116,04,C,220.0,110637.0,936253.91,6345598.8,0.0,I,0,ACCROCHE,1990-06-28,Sisteron Centre,22,4,DIFFUSEUR,Diffuseur,LOSANGE,Losange,T,,04,ESCOTA
EchA0051Pr123+210,2025-01-01,A0051,123,04,C,210.0,117627.0,933122.76,6351297.58,0.0,I,0,ACCROCHE,1990-06-28,Sisteron Nord,23,4,DIFFUSEUR,Diffuseur,TROMPETTE,Trompette,T,,04,ESCOTA
EchA0051Pr153+105,2025-01-01,A0051,152,05,C,890.0,147307.0,940947.94,6376042.78,0.0,I,0,ACCROCHE,1999-06-26,La Saulce,24,2,MIXTE,?changeur mixte,LOSANGE,Losange,F,,05,ESCOTA
EchA0051Pr0+663,2025-01-01,A0051N,0,38,C,663.0,663.0,910781.41,6449227.64,0.0,I,0,ACCROCHE,,Varces,10,2,DIFFUSEUR,Diffuseur,,,T,,38,AREA
EchA0051Pr3+333,2025-01-01,A0051N,3,38,C,333.0,3333.0,909988.06,6446745.85,0.0,I,0,ACCROCHE,,St Paul de Varces,11,2,DIFFUSEUR,Diffuseur,,,T,,38,AREA
EchA0051Pr4+998,2025-01-01,A0051N,4,38,C,998.0,4998.0,910813.99,6445419.72,0.0,I,0,ACCROCHE,,Vif,12,4,DIFFUSEUR,Diffuseur,,,T,,38,AREA
EchA0051Pr19+233,2025-01-01,A0051N,19,38,C,233.0,19233.0,908961.02,6432536.48,0.0,I,0,ACCROCHE,,Sinard/Avignonet,13,2,DIFFUSEUR,Diffuseur,,,T,,38,AREA
EchA0052Pr12+591,2025-01-01,A0052,12,13,C,591.0,12591.0,910927.87,6257519.87,0.0,I,0,ACCROCHE,1974-08-29,La Bouilladisse,33,4,DIFFUSEUR,Diffuseur,TROMPETTE,Trompette,T,,13,ESCOTA
EchA0052Pr20+898,2025-01-01,A0052,20,13,C,898.0,20898.0,910489.89,6250327.96,0.0,I,0,ACCROCHE,1974-08-29,Gemenos,34,2,DIFFUSEUR,Diffuseur,LOSANGE,Losange,F,,13,ESCOTA
EchA0052Pr23+570,2025-01-01,A0052,23,13,C,570.0,23570.0,910214.67,6247753.94,0.0,I,0,ACCROCHE,1974-08-29,Aubagne,35,3,DIFFUSEUR,Diffuseur,LOSANGE,Losange,F,,13,ESCOTA
EchA0052Pr24+862,2025-01-01,A0052,24,13,C,862.0,24862.0,909979.17,6246485.58,0.0,I,0,ACCROCHE,1974-08-29,Aubagne,35,2,DIFFUSEUR,Diffuseur,LOSANGE,Losange,F,,13,ESCOTA
EchA0052Pr25+6,2025-01-01,A0052,25,13,C,6.0,25006.0,909943.54,6246346.04,0.0,I,0,ACCROCHE,1974-08-29,Bifurcation A52 A50,,4,BIFURCATION,N?ud autoroutier (Bifurcation),TROMPETTE,Trompette,T,,13,ESCOTA
EchangeurA0054Pr0,2025-01-01,A0054,0,30,C,0.0,0.0,807939.31,6302018.89,0.0,I,0,ACCROCHE,,Bifurcation A9/A54,,4,BIFURCATION,N?ud autoroutier (Bifurcation),TROMPETTE,Trompette,T,,30,ASF
EchangeurA0054Pr2,2025-01-01,A0054,2,30,C,980.0,2980.0,810757.15,6301585.08,0.0,I,0,ACCROCHE,,Nimes-Centre,1,4,DIFFUSEUR,Diffuseur,TROMPETTE,Trompette,T,,30,ASF
EchangeurA0054Pr9,2025-01-01,A0054,9,30,C,750.0,9750.0,814927.67,6296513.6,0.0,I,0,ACCROCHE,,Garons,2,4,DIFFUSEUR,Diffuseur,TROMPETTE,Trompette,T,,30,ASF
EchangeurA0054Pr48,2025-01-01,A0054,23,13,C,1193.0,24193.0,848070.72,6283788.78,0.0,I,0,ACCROCHE,,Saint-Martin-de-Crau-Est,12,4,DIFFUSEUR,Diffuseur,TROMPETTE,Trompette,T,,13,ASF
EchangeurA0054Pr63,2025-01-01,A0054,63,13,C,960.0,39663.0,863461.99,6284259.37,0.0,I,0,ACCROCHE,,Du Merle (Salon-Ouest),13,4,DIFFUSEUR,Diffuseur,TROMPETTE,Trompette,T,,13,ASF
EchangeurA0054Pr68,2025-01-01,A0054,68,13,C,640.0,44343.0,867875.83,6282809.89,0.0,I,0,ACCROCHE,,Grans,14,4,DIFFUSEUR,Diffuseur,TROMPETTE,Trompette,T,,13,ASF
EchangeurA0054Pr70,2025-01-01,A0054,70,13,C,510.0,46213.0,869707.51,6283086.23,0.0,I,0,ACCROCHE,,Salon-Sud,15,2,DIFFUSEUR,Diffuseur,TROMPETTE,Trompette,F,,13,ASF
EchangeurA0054Pr73,2025-01-01,A0054,73,13,C,227.0,48930.0,871718.26,6283330.24,0.0,I,0,ACCROCHE,,Bifurcation A7/A54,,4,BIFURCATION,N?ud autoroutier (Bifurcation),TROMPETTE,Trompette,T,,13,ASF
EchA0057Pr1+163,2025-01-01,A0057,1,83,C,163.0,1148.0,941755.63,6229619.72,0.0,I,0,ACCROCHE,1991-12-20,Toulon Est,2,2,DIFFUSEUR,Diffuseur,TROMPETTE,Trompette,F,,83,ESCOTA
EchA0057Pr2+519,2025-01-01,A0057,2,83,C,519.0,2506.0,942770.51,6230490.41,0.0,I,0,ACCROCHE,1991-12-20,La Valette Centre,3,4,DIFFUSEUR,Diffuseur,LOSANGE,Losange,T,,83,ESCOTA
EchA0057Pr3+739,2025-01-01,A0057,3,83,C,739.0,3723.0,943823.07,6231088.03,0.0,I,0,ACCROCHE,1991-12-20,La Valette Sud,4,3,DIFFUSEUR,Diffuseur,LOSANGE,Losange,F,,83,ESCOTA
EchA0057Pr4+282,2025-01-01,A0057,4,83,C,282.0,4265.0,944214.59,6231446.21,0.0,I,0,ACCROCHE,1991-12-20,La Valette Nord,5a,3,DIFFUSEUR,Diffuseur,LOSANGE,Losange,F,,83,ESCOTA
EchA0057Pr4+402,2025-01-01,A0057,4,83,C,402.0,4385.0,944327.65,6231486.15,0.0,I,0,ACCROCHE,1991-12-20,La Valette Nord,5,1,DIFFUSEUR,Diffuseur,LOSANGE,Losange,F,,83,ESCOTA
EchA0057Pr4+600,2025-01-01,A0057,4,83,C,600.0,4583.0,944512.2,6231557.28,0.0,I,0,ACCROCHE,1991-12-20,Valgora - Universite,5b,1,DIFFUSEUR,Diffuseur,LOSANGE,Losange,F,,83,ESCOTA
EchA0057Pr6+8,2025-01-01,A0057,6,83,C,8.0,5974.0,945862.42,6231858.23,0.0,I,0,ACCROCHE,1991-12-20,N?ud A57 A570,,4,BIFURCATION,N?ud autoroutier (Bifurcation),TROMPETTE,Trompette,T,,83,ESCOTA
EchA0057Pr8+735,2025-01-01,A0057,8,83,C,735.0,8701.0,947828.29,6233540.43,0.0,I,0,ACCROCHE,1991-12-20,La Farlede,6,4,DIFFUSEUR,Diffuseur,LOSANGE,Losange,T,,83,ESCOTA
EchA0057Pr13+528,2025-01-01,A0057,13,83,C,528.0,13494.0,947301.4,6237737.63,0.0,I,0,ACCROCHE,1991-12-20,Sollies-Toucas,7,3,DIFFUSEUR,Diffuseur,LOSANGE,Losange,F,,83,ESCOTA
EchA0057Pr14+790,2025-01-01,A0057,14,83,C,790.0,14756.0,947909.85,6238829.22,0.0,I,0,ACCROCHE,1991-12-20,Sollies-Pont,8,4,DIFFUSEUR,Diffuseur,LOSANGE,Losange,T,,83,ESCOTA
EchA0057Pr17+947,2025-01-01,A0057,17,83,C,947.0,17913.0,949593.49,6240862.31,0.0,I,0,ACCROCHE,1991-12-20,Cuers,9,2,DIFFUSEUR,Diffuseur,LOSANGE,Losange,F,,83,ESCOTA
EchA0057Pr20+971,2025-01-01,A0057,20,83,C,971.0,20937.0,950987.37,6243356.84,0.0,I,0,ACCROCHE,1991-12-20,Puget-Ville - Entree sens 2,10,1,DIFFUSEUR,Diffuseur,LOSANGE,Losange,F,,83,ESCOTA
EchA0057Pr21+507,2025-01-01,A0057,21,83,C,507.0,21473.0,951402.61,6243700.96,0.0,I,0,ACCROCHE,1991-12-20,Puget-Ville,10,4,DIFFUSEUR,Diffuseur,LOSANGE,Losange,T,,83,ESCOTA
EchA0057Pr32+5,2025-01-01,A0057,32,83,C,5.0,31971.0,959726.59,6248797.62,0.0,I,0,ACCROCHE,1991-12-20,Carnoules,11,2,DIFFUSEUR,Diffuseur,LOSANGE,Losange,F,,83,ESCOTA
EchA0057Pr51+417,2025-01-01,A0057,51,83,C,417.0,51383.0,971820.74,6260658.85,0.0,I,0,ACCROCHE,1991-12-20,Le Luc,13,4,DIFFUSEUR,Diffuseur,LOSANGE,Losange,T,,83,ESCOTA
EchangeurA0061Pr229,2025-01-01,A0061,230,31,C,-214.0,0.0,577060.71,6283270.7,0.0,I,0,ACCROCHE,,Bifurcation A61/A62/A68,,4,BIFURCATION,N?ud autoroutier (Bifurcation),TROMPETTE,Trompette,T,,31,ASF
EchangeurA0061Pr230,2025-01-01,A0061,230,31,C,900.0,1114.0,577203.08,6282174.17,0.0,I,0,ACCROCHE,,La Roseraie,15,4,DIFFUSEUR,Diffuseur,LOSANGE,Losange,T,,31,ASF
EchangeurA0061Pr233,2025-01-01,A0061,233,31,C,256.0,3470.0,577628.52,6279875.9,0.0,I,0,ACCROCHE,,Soupetard,16,4,DIFFUSEUR,Diffuseur,LOSANGE,Losange,T,,31,ASF
EchangeurA0061Pr234,2025-01-01,A0061,234,31,C,958.0,5172.0,578313.03,6278381.43,0.0,I,0,ACCROCHE,,Lasbordes,17,4,DIFFUSEUR,Diffuseur,LOSANGE,Losange,T,,31,ASF
EchangeurA0061Pr237,2025-01-01,A0061,237,31,C,432.0,7646.0,578384.52,6276007.24,0.0,I,0,ACCROCHE,,Montaudran,18,4,DIFFUSEUR,Diffuseur,LOSANGE,Losange,T,,31,ASF
EchangeurA0061Pr238,2025-01-01,A0061,238,31,C,670.0,8884.0,578268.23,6274789.04,0.0,I,0,ACCROCHE,,Le Palays 1 (Labege),,4,MIXTE,?changeur mixte,AUTRE,Autres formes,T,,31,ASF
EchangeurA0061Pr239,2025-01-01,A0061,239,31,C,200.0,9414.0,578277.85,6274258.92,0.0,I,0,ACCROCHE,,Le Palays 2 (Labege),19a,4,MIXTE,?changeur mixte,AUTRE,Autres formes,T,,31,ASF
EchangeurA0061Pr252,2025-01-01,A0061,252,31,C,330.0,22544.0,585361.49,6263418.07,0.0,I,0,ACCROCHE,,Montgiscard,19.1,4,DIFFUSEUR,Diffuseur,TROMPETTE,Trompette,T,,31,ASF
EchangeurA0061Pr259,2025-01-01,A0061,259,31,C,690.0,29904.0,590937.69,6258715.15,0.0,I,0,ACCROCHE,,Bifurcation A61/A66,,4,BIFURCATION,N?ud autoroutier (Bifurcation),AUTRE,Autres formes,T,,31,ASF
EchangeurA0061Pr263,2025-01-01,A0061,263,31,C,795.0,34009.0,594088.51,6256093.02,0.0,I,0,ACCROCHE,,Villefranche,20,4,DIFFUSEUR,Diffuseur,TROMPETTE,Trompette,T,,31,ASF
EchangeurA0061Pr287,2025-01-01,A0061,287,11,C,762.0,57976.0,614318.25,6243826.01,0.0,I,0,ACCROCHE,,Castelnaudary,21,4,DIFFUSEUR,Diffuseur,TROMPETTE,Trompette,T,,11,ASF
EchangeurA0061Pr301,2025-01-01,A0061,301,11,C,565.0,71779.0,626637.4,6237885.41,0.0,I,0,ACCROCHE,,Bram,22,4,DIFFUSEUR,Diffuseur,TROMPETTE,Trompette,T,,11,ASF
EchangeurA0061Pr319,2025-01-01,A0061,319,11,C,413.0,89627.0,643350.3,6233097.88,0.0,I,0,ACCROCHE,,Carcassonne-Ouest,23,4,DIFFUSEUR,Diffuseur,TROMPETTE,Trompette,T,,11,ASF
EchangeurA0061Pr329,2025-01-01,A0061,329,11,C,445.0,99659.0,652838.68,6233006.92,0.0,I,0,ACCROCHE,,Carcassonne-Est,24,4,DIFFUSEUR,Diffuseur,TROMPETTE,Trompette,T,,11,ASF
EchangeurA0061Pr356,2025-01-01,A0061,356,11,C,893.0,127107.0,679000.08,6229996.02,0.0,I,0,ACCROCHE,,Lezignan,25,4,DIFFUSEUR,Diffuseur,TROMPETTE,Trompette,T,,11,ASF
EchangeurA0061Pr378,2025-01-01,A0061,378,11,C,330.0,148544.0,698982.16,6228612.01,0.0,I,0,ACCROCHE,,Bifurcation A9/A61 (Narbonne),,5,BIFURCATION,N?ud autoroutier (Bifurcation),TROMPETTE,Trompette,T,,11,ASF
EchangeurA0062Pr10,2025-01-01,A0062,10,33,C,0.0,11137.0,423081.67,6405545.8,0.0,I,0,ACCROCHE,,Labrede (partie),1.1,4,DIFFUSEUR,Diffuseur,LOSANGE,Losange,T,,33,ASF
EchangeurA0062Pr24,2025-01-01,A0062,24,33,C,297.0,25434.0,432678.48,6395196.42,0.0,I,0,ACCROCHE,,Podensac,2,4,DIFFUSEUR,Diffuseur,LOSANGE,Losange,T,,33,ASF
EchangeurA0062Pr35,2025-01-01,A0062,35,33,C,175.0,36312.0,440637.78,6388014.54,0.0,I,0,ACCROCHE,,Langon,3,4,DIFFUSEUR,Diffuseur,TROMPETTE,Trompette,T,,33,ASF
EchangeurA0062Pr54,2025-01-01,A0062,54,33,C,314.0,55451.0,457929.81,6383373.07,0.0,I,0,ACCROCHE,,La Reole,4,4,DIFFUSEUR,Diffuseur,TROMPETTE,Trompette,T,,33,ASF
EchangeurA0062Pr71,2025-01-01,A0062,71,47,C,286.0,72423.0,472011.93,6374289.98,0.0,I,0,ACCROCHE,,Marmande,5,4,DIFFUSEUR,Diffuseur,TROMPETTE,Trompette,T,,47,ASF
EchangeurA0062Pr92,2025-01-01,A0062,92,47,C,755.0,93892.0,482069.14,6357371.25,0.0,I,0,ACCROCHE,,Aiguillon,6,4,DIFFUSEUR,Diffuseur,TROMPETTE,Trompette,T,,47,ASF
EchangeurA0062Pr124,2025-01-01,A0062,124,47,C,165.0,125302.0,508396.82,6343273.35,0.0,I,0,ACCROCHE,,Agen,7,4,DIFFUSEUR,Diffuseur,TROMPETTE,Trompette,T,,47,ASF
EchangeurA0062Pr149,2025-01-01,A0062,149,82,C,65.0,150202.0,528786.95,6331546.55,0.0,I,0,ACCROCHE,,Valence-d'Agen,8,4,DIFFUSEUR,Diffuseur,TROMPETTE,Trompette,T,,82,ASF
EchangeurA0062Pr168,2025-01-01,A0062,168,82,C,658.0,169795.0,547481.29,6330055.26,0.0,I,0,ACCROCHE,,Castelsarrasin,9,4,DIFFUSEUR,Diffuseur,TROMPETTE,Trompette,T,,82,ASF
EchangeurA0062Pr192,2025-01-01,A0062,192,82,C,105.0,193242.0,564262.85,6315712.76,0.0,I,0,ACCROCHE,,Montauban,10,4,MIXTE,?changeur mixte,TROMPETTE,Trompette,T,,82,ASF
EchangeurA0062Pr211,2025-01-01,A0062,211,31,C,950.0,213087.0,569962.43,6297728.22,0.0,I,0,ACCROCHE,,Eurocentre,10.1,4,DIFFUSEUR,Diffuseur,TROMPETTE,Trompette,T,,31,ASF
EchangeurA0062Pr217,2025-01-01,A0062,217,31,C,770.0,218907.0,571198.19,6292114.11,0.0,I,0,ACCROCHE,,Saint-Jory,11,4,DIFFUSEUR,Diffuseur,TROMPETTE,Trompette,T,,31,ASF
EchangeurA0062Pr225,2025-01-01,A0062,225,31,C,168.0,226305.0,573217.62,6285140.87,0.0,I,0,ACCROCHE,,Bifurcation A62/A620,,4,BIFURCATION,N?ud autoroutier (Bifurcation),AUTRE,Autres formes,T,,31,ASF
EchangeurA0062Pr226,2025-01-01,A0062,226,31,C,285.0,227422.0,574015.61,6284436.51,0.0,I,0,ACCROCHE,,Izards,12,2,DIFFUSEUR,Diffuseur,LOSANGE,Losange,F,,31,ASF
EchangeurA0062Pr227,2025-01-01,A0062,227,31,C,610.0,228747.0,575315.59,6284297.05,0.0,I,0,ACCROCHE,,Borderouge,13,4,DIFFUSEUR,Diffuseur,LOSANGE,Losange,T,,31,ASF
EchangeurA0062Pr228,2025-01-01,A0062,228,31,C,768.0,229905.0,576440.67,6284057.34,0.0,I,0,ACCROCHE,,Croix Daurade,14,4,DIFFUSEUR,Diffuseur,LOSANGE,Losange,T,,31,ASF
EchangeurA0062Pr229,2025-01-01,A0062,229,31,C,786.0,230923.0,577060.71,6283270.7,0.0,I,0,ACCROCHE,,Bifurcation A61/A62/A68,,4,BIFURCATION,N?ud autoroutier (Bifurcation),TROMPETTE,Trompette,T,,31,ASF
EchA0063Pr36,2025-01-01,A0063,36,33,C,55.0,36296.0,395288.83,6389086.44,0.0,I,0,ACCROCHE,2013-01-01,Salles,21,4,DIFFUSEUR,Diffuseur,LOSANGE,Losange,T,,33,ATLANDES
EchA0063Pr46,2025-01-01,A0063,46,33,C,310.0,46551.0,396909.56,6379380.61,0.0,I,0,ACCROCHE,2013-01-01,Belin Beliet,30,2,DIFFUSEUR,Diffuseur,LOSANGE,Losange,F,,33,ATLANDES
EchA0063Pr51,2025-01-01,A0063,51,40,C,700.0,51941.0,395856.46,6374188.58,0.0,I,0,ACCROCHE,2013-01-01,Saugnac et Muret,18,4,DIFFUSEUR,Diffuseur,LOSANGE,Losange,T,,40,ATLANDES
EchA0063Pr62,2025-01-01,A0063,62,40,C,60.0,62301.0,390522.56,6365412.51,0.0,I,0,ACCROCHE,2013-01-01,Liposthey,17,4,DIFFUSEUR,Diffuseur,AUTRE,Autres formes,T,,40,ATLANDES
EchA0063Pr75,2025-01-01,A0063,75,40,C,945.0,76186.0,385938.44,6352502.66,0.0,I,0,ACCROCHE,2013-01-01,Labouheyre,16,4,DIFFUSEUR,Diffuseur,AUTRE,Autres formes,T,,40,ATLANDES
EchA0063Pr82,2025-01-01,A0063,82,40,C,570.0,82811.0,382819.36,6346721.02,0.0,I,0,ACCROCHE,2013-01-01,Cap de pin,15,4,DIFFUSEUR,Diffuseur,LOSANGE,Losange,T,,40,ATLANDES
EchA0063Pr94,2025-01-01,A0063,94,40,C,65.0,94306.0,378945.94,6336106.65,0.0,I,0,ACCROCHE,2013-01-01,Onesse Laharie,14,4,DIFFUSEUR,Diffuseur,LOSANGE,Losange,T,,40,ATLANDES
EchA0063Pr104,2025-01-01,A0063,104,40,C,205.0,104446.0,374144.23,6327599.22,0.0,I,0,ACCROCHE,2013-01-01,Lesperon,13,4,DIFFUSEUR,Diffuseur,LOSANGE,Losange,T,,40,ATLANDES
EchA0063Pr116,2025-01-01,A0063,116,40,C,250.0,116491.0,368118.46,6317913.8,0.0,I,0,ACCROCHE,2013-01-01,Route de Taller,12a,1,DIFFUSEUR,Diffuseur,TREFLE,Tr?fle,F,,40,ATLANDES
EchA0063Pr117,2025-01-01,A0063,117,40,C,370.0,117611.0,367686.55,6316932.28,0.0,I,0,ACCROCHE,2013-01-01,Castets,12,4,DIFFUSEUR,Diffuseur,AUTRE,Autres formes,T,,40,ATLANDES
EchA0063Pr130,2025-01-01,A0063,130,40,C,220.0,130461.0,361009.3,6306655.17,0.0,I,0,ACCROCHE,2013-01-01,Magescq,11,4,DIFFUSEUR,Diffuseur,LOSANGE,Losange,T,,40,ATLANDES
EchA0063Pr137,2025-01-01,A0063,137,40,C,810.0,138051.0,359314.81,6299387.28,0.0,I,0,ACCROCHE,2013-01-01,Soustons,10,4,DIFFUSEUR,Diffuseur,LOSANGE,Losange,T,,40,ATLANDES
EchA0063Pr139,2025-01-01,A0063,139,40,C,0.0,139241.0,359200.78,6298201.79,0.0,I,0,ACCROCHE,2013-01-01,St Geours de Maremne,9,4,DIFFUSEUR,Diffuseur,AUTRE,Autres formes,T,,40,ASF
EchangeurA0063Pr155,2025-01-01,A0063,155,40,C,646.0,155887.0,345274.19,6290875.21,0.0,I,0,ACCROCHE,,Benesse ? Marenne,8,4,DIFFUSEUR,Diffuseur,TROMPETTE,Trompette,T,,40,ASF
EchangeurA0063Pr166,2025-01-01,A0063,166,40,C,173.0,166414.0,341863.27,6281374.25,0.0,I,0,ACCROCHE,,Ondres,7,4,DIFFUSEUR,Diffuseur,TROMPETTE,Trompette,T,,40,ASF
EchangeurA0063Pr172,2025-01-01,A0063,172,64,C,312.0,172553.0,340101.39,6275933.67,0.0,I,0,ACCROCHE,,Bayonne Nord - Saint-Frederic,6,4,DIFFUSEUR,Diffuseur,TROMPETTE,Trompette,T,,64,ASF
EchangeurA0063Pr174,2025-01-01,A0063,174,64,C,58.0,174299.0,339947.45,6274318.49,0.0,I,0,ACCROCHE,,Bifurcation A63/A64,,4,BIFURCATION,N?ud autoroutier (Bifurcation),AUTRE,Autres formes,T,,64,ASF
EchangeurA0063Pr178,2025-01-01,A0063,178,64,C,531.0,178772.0,335839.29,6272817.13,0.0,I,0,ACCROCHE,,Bayonne Sud ? Maignon,5,4,DIFFUSEUR,Diffuseur,TROMPETTE,Trompette,T,,64,ASF
EchangeurA0063Pr183,2025-01-01,A0063,183,64,C,233.0,183474.0,331651.77,6271655.93,0.0,I,0,ACCROCHE,,Biarritz - La Negresse,4,4,DIFFUSEUR,Diffuseur,TROMPETTE,Trompette,T,,64,ASF
EchangeurA0063Pr192,2025-01-01,A0063,192,64,C,194.0,192435.0,324537.21,6266811.99,0.0,I,0,ACCROCHE,,Saint-Jean-de-Luz Nord,3,4,DIFFUSEUR,Diffuseur,LOSANGE,Losange,T,,64,ASF
EchangeurA0063Pr197,2025-01-01,A0063,197,64,C,780.0,198021.0,320895.13,6263714.69,0.0,I,0,ACCROCHE,,Saint-Jean-de-Luz Sud,2,4,DIFFUSEUR,Diffuseur,TROMPETTE,Trompette,T,,64,ASF
EchangeurA0063Pr205,2025-01-01,A0063,205,64,C,488.0,205729.0,314626.47,6260568.44,0.0,I,0,ACCROCHE,,Biriatou,1,4,DIFFUSEUR,Diffuseur,LOSANGE,Losange,T,,64,ASF
EchangeurA0064Pr0,2025-01-01,A0064,0,64,C,834.0,834.0,340679.64,6274395.7,0.0,I,0,ACCROCHE,,Mousserolles,1,4,DIFFUSEUR,Diffuseur,LOSANGE,Losange,T,,64,ASF
EchangeurA0064Pr3,2025-01-01,A0064,3,64,C,120.0,3120.0,342014.51,6272714.2,0.0,I,0,ACCROCHE,,Mougerre-Bourg,1.1,4,DIFFUSEUR,Diffuseur,LOSANGE,Losange,T,,64,ASF
EchangeurA0064Pr6,2025-01-01,A0064,6,64,C,993.0,6993.0,345356.36,6271167.08,0.0,I,0,ACCROCHE,,Mougerre-Elizaberry,2,4,DIFFUSEUR,Diffuseur,LOSANGE,Losange,T,,64,ASF
EchangeurA0064Pr11,2025-01-01,A0064,11,64,C,170.0,11170.0,349166.09,6271012.28,0.0,I,0,ACCROCHE,,Briscous,3,4,DIFFUSEUR,Diffuseur,LOSANGE,Losange,T,,64,ASF
EchangeurA0064Pr16,2025-01-01,A0064,16,64,C,110.0,16110.0,353175.24,6272524.57,0.0,I,0,ACCROCHE,,Urt,4,4,DIFFUSEUR,Diffuseur,LOSANGE,Losange,T,,64,ASF
EchangeurA0064Pr23,2025-01-01,A0064,23,64,C,632.0,23632.0,358599.32,6277328.81,0.0,I,0,ACCROCHE,,Guiche,5,2,DIFFUSEUR,Diffuseur,LOSANGE,Losange,F,,64,ASF
EchangeurA0064Pr34,2025-01-01,A0064,34,40,C,585.0,34585.0,368150.74,6276943.89,0.0,I,0,ACCROCHE,,Peyrehorade (A641),6,4,DIFFUSEUR,Diffuseur,TROMPETTE,Trompette,T,,40,ASF
EchangeurA0064Pr50,2025-01-01,A0064,50,64,C,128.0,50128.0,382703.26,6276079.06,0.0,I,0,ACCROCHE,,Salies-de-Bearn,7,4,DIFFUSEUR,Diffuseur,TROMPETTE,Trompette,T,,64,ASF
EchangeurA0064Pr66,2025-01-01,A0064,66,64,C,485.0,66485.0,396726.24,6270548.55,0.0,I,0,ACCROCHE,,Orthez,8,4,DIFFUSEUR,Diffuseur,TROMPETTE,Trompette,T,,64,ASF
EchangeurA0064Pr85,2025-01-01,A0064,85,64,C,135.0,85135.0,412457.72,6261770.3,0.0,I,0,ACCROCHE,,Artix,9,4,DIFFUSEUR,Diffuseur,TROMPETTE,Trompette,T,,64,ASF
EchangeurA0064Pr97,2025-01-01,A0064,97,64,C,690.0,97690.0,423023.76,6255605.62,0.0,I,0,ACCROCHE,,Lescar,9.1,4,DIFFUSEUR,Diffuseur,TROMPETTE,Trompette,T,,64,ASF
EchangeurA0064Pr103,2025-01-01,A0064,103,64,C,564.0,103564.0,428520.12,6253689.66,0.0,I,0,ACCROCHE,,Pau,10,4,DIFFUSEUR,Diffuseur,TROMPETTE,Trompette,T,,64,ASF
EchangeurA0064Pr117,2025-01-01,A0064,117,64,C,590.0,117590.0,440428.21,6247014.77,0.0,I,0,ACCROCHE,,Soumoulou,11,4,DIFFUSEUR,Diffuseur,TROMPETTE,Trompette,T,,64,ASF
EchangeurA0064Pr137,2025-01-01,A0064,137,65,C,613.0,137613.0,457802.75,6240010.98,0.0,I,0,ACCROCHE,,Tarbes-Ouest,12,4,DIFFUSEUR,Diffuseur,TROMPETTE,Trompette,T,,65,ASF
EchangeurA0064Pr145,2025-01-01,A0064,145,65,C,58.0,145058.0,464896.13,6239541.8,0.0,I,0,ACCROCHE,,Tarbes-Est,13,4,DIFFUSEUR,Diffuseur,TROMPETTE,Trompette,T,,65,ASF
EchangeurA0064Pr157,2025-01-01,A0064,157,65,C,967.0,157967.0,475367.68,6234554.52,0.0,I,0,ACCROCHE,,Tournay,14,4,DIFFUSEUR,Diffuseur,TROMPETTE,Trompette,T,,65,ASF
EchangeurA0064Pr170,2025-01-01,A0064,170,65,C,716.0,170716.0,483229.91,6226190.71,0.0,I,0,ACCROCHE,,Capvern,15,4,DIFFUSEUR,Diffuseur,TROMPETTE,Trompette,T,,65,ASF
EchangeurA0064Pr175,2025-01-01,A0064,175,65,C,1.0,175001.0,487427.79,6225838.52,0.0,I,0,ACCROCHE,,Lannemezan,16,4,DIFFUSEUR,Diffuseur,TROMPETTE,Trompette,T,,65,ASF
EchangeurA0064Pr192,2025-01-01,A0064,192,31,C,436.0,192436.0,504046.59,6225685.86,0.0,I,0,ACCROCHE,,Montrejeau (A645),17,4,DIFFUSEUR,Diffuseur,TROMPETTE,Trompette,T,,31,ASF
EchangeurA0064Pr206,2025-01-01,A0064,206,31,C,260.0,206260.0,517507.39,6227677.03,0.0,I,0,ACCROCHE,,Saint-Gaudens,18,4,DIFFUSEUR,Diffuseur,TROMPETTE,Trompette,T,,31,ASF
EchangeurA0064Pr218,2025-01-01,A0064,218,31,C,249.0,218249.0,529015.16,6226597.87,0.0,I,0,ACCROCHE,,Lestelle,19,2,DIFFUSEUR,Diffuseur,TROMPETTE,Trompette,F,,31,ASF
EchangeurA0064Pr222,2025-01-01,A0064,222,31,C,118.0,222118.0,532461.84,6227671.56,0.0,I,0,ACCROCHE,,Saint-Martory,20,4,DIFFUSEUR,Diffuseur,TROMPETTE,Trompette,T,,31,ASF
EchangeurA0064Pr229,2025-01-01,A0064,229,31,C,343.0,229343.0,535702.62,6233919.56,0.0,I,0,ACCROCHE,,Boussens,21,4,DIFFUSEUR,Diffuseur,LOSANGE,Losange,T,,31,ASF
EchangeurA0064Pr233,2025-01-01,A0064,233,31,C,817.0,233817.0,539358.65,6236323.98,0.0,I,0,ACCROCHE,,Martres-Tolosane,22,4,DIFFUSEUR,Diffuseur,LOSANGE,Losange,T,,31,ASF
EchangeurA0064Pr274,2025-01-01,A0064,274,31,N,90.0,274033.0,564068.37,6265522.21,0.0,I,0,ACCROCHE,,Muret nord,35,4,DIFFUSEUR,Diffuseur,LOSANGE,Losange,T,,31,ASF
EchangeurA0064Pr280,2025-01-01,A0064,280,31,C,926.0,280869.0,568729.29,6270340.05,0.0,I,0,ACCROCHE,,Roques,36,2,DIFFUSEUR,Diffuseur,TROMPETTE,Trompette,F,,31,ASF
EchangeurA0064Pr283,2025-01-01,A0064,283,31,C,112.0,283055.0,570003.54,6272112.73,0.0,I,0,ACCROCHE,,Francazal,37,4,DIFFUSEUR,Diffuseur,LOSANGE,Losange,T,,31,ASF
EchangeurA0064Pr285,2025-01-01,A0064,285,31,C,617.0,285560.0,571490.1,6274124.01,0.0,I,0,ACCROCHE,,Chapitre,38,4,DIFFUSEUR,Diffuseur,LOSANGE,Losange,T,,31,ASF
d2JCoSigdr_1,2025-01-01,A0065,0,33,C,0.0,0.0,446273.5,6386394.24,0.0,I,0,ACCROCHE,2010-01-01,St Pierre de Mons,,4,BIFURCATION,N?ud autoroutier (Bifurcation),TROMPETTE,Trompette,T,,33,ALIENOR
d2JCoSigdr_2,2025-01-01,A0065,11,33,C,180.0,11180.0,441686.13,6377205.78,0.0,I,0,ACCROCHE,2010-01-01,Bazas,1,2,DIFFUSEUR,Diffuseur,TROMPETTE,Trompette,T,,33,ALIENOR
d2JCoSigdr_3,2025-01-01,A0065,30,33,C,340.0,30340.0,442149.15,6359177.46,0.0,I,0,ACCROCHE,2010-01-01,Captieux,2,2,DIFFUSEUR,Diffuseur,TROMPETTE,Trompette,T,,33,ALIENOR
d2JCoSigdr_4,2025-01-01,A0065,58,40,C,900.0,58900.0,432679.45,6333146.21,0.0,I,0,ACCROCHE,2010-01-01,Roquefort,3,2,DIFFUSEUR,Diffuseur,TROMPETTE,Trompette,T,,40,ALIENOR
d2JCoSigdr_5,2025-01-01,A0065,70,40,C,800.0,70800.0,427906.42,6322564.3,0.0,I,0,ACCROCHE,2010-01-01,Mont-de-Marsan,4,2,DIFFUSEUR,Diffuseur,TROMPETTE,Trompette,T,,40,ALIENOR
d2JCoSigdr_6,2025-01-01,A0065,99,40,C,220.0,99220.0,436350.51,6296920.88,0.0,I,0,ACCROCHE,2010-01-01,Aire/Adour Sud,6,2,DIFFUSEUR,Diffuseur,TROMPETTE,Trompette,F,,40,ALIENOR
d2JCoSigdr_7,2025-01-01,A0065,105,40,C,600.0,105600.0,435041.42,6291035.44,0.0,I,0,ACCROCHE,2010-01-01,Aire/Adour Nord,7,2,DIFFUSEUR,Diffuseur,TROMPETTE,Trompette,T,,40,ALIENOR
d2JCoSigdr_8,2025-01-01,A0065,117,40,C,800.0,117800.0,433619.32,6279319.89,0.0,I,0,ACCROCHE,2010-01-01,Garlin,8,2,DIFFUSEUR,Diffuseur,TROMPETTE,Trompette,T,,64,ALIENOR
d2JCoSigdr_9,2025-01-01,A0065,129,64,C,830.0,129830.0,431426.17,6268775.46,0.0,I,0,ACCROCHE,2010-01-01,Theze,9,2,DIFFUSEUR,Diffuseur,TROMPETTE,Trompette,T,,64,ALIENOR
d2JCoSigdr_10,2025-01-01,A0065,150,64,C,0.0,150000.0,420567.37,6256797.82,0.0,I,0,ACCROCHE,2010-01-01,Lescar,,4,BIFURCATION,N?ud autoroutier (Bifurcation),TROMPETTE,Trompette,T,,64,ALIENOR
EchangeurA0066Pr0,2025-01-01,A0066,0,31,C,0.0,0.0,590506.52,6259003.31,0.0,I,0,ACCROCHE,,Bifurcation A61/A66,,4,BIFURCATION,N?ud autoroutier (Bifurcation),AUTRE,Autres formes,T,,31,ASF
EchangeurA0066Pr5,2025-01-01,A0066,5,31,C,559.0,5559.0,588292.96,6255038.1,0.0,I,0,ACCROCHE,,Nailloux,1,4,DIFFUSEUR,Diffuseur,TROMPETTE,Trompette,T,,31,ASF
EchangeurA0066Pr26,2025-01-01,A0066,26,31,C,696.0,26696.0,589555.66,6238289.57,0.0,I,0,ACCROCHE,,Saverdun Mazeres,2,4,DIFFUSEUR,Diffuseur,TROMPETTE,Trompette,T,,09,ASF
EchangeurA0066Pr36,2025-01-01,A0066,36,09,C,799.0,36799.0,587478.29,6228561.76,0.0,I,0,ACCROCHE,,Pamiers nord,3,2,DIFFUSEUR,Diffuseur,TROMPETTE,Trompette,F,,09,ASF
EchangeurA0066Pr38,2025-01-01,A0066,38,09,C,593.0,38593.0,588194.72,6226948.56,0.0,I,0,ACCROCHE,,Pamiers sud,4,3,DIFFUSEUR,Diffuseur,LOSANGE,Losange,F,,09,ASF
EchangeurA0068Pr0,2025-01-01,A0068,0,31,C,0.0,0.0,577069.12,6283244.46,0.0,I,0,ACCROCHE,,Bifurcation A61/A62/A68,,4,BIFURCATION,N?ud autoroutier (Bifurcation),TROMPETTE,Trompette,T,,31,ASF
EchangeurA0068Pr1,2025-01-01,A0068,1,31,C,985.0,1985.0,578492.99,6283832.62,0.0,I,0,ACCROCHE,,Union,1,4,DIFFUSEUR,Diffuseur,AUTRE,Autres formes,T,,31,ASF
EchangeurA0068Pr10,2025-01-01,A0068,10,31,C,133.0,10133.0,584230.63,6288557.64,0.0,I,0,ACCROCHE,,Gragnague (A680),2,2,DIFFUSEUR,Diffuseur,TROMPETTE,Trompette,F,,31,ASF
EchangeurA0068Pr13,2025-01-01,A0068,13,31,C,516.0,13516.0,584388.55,6291804.26,0.0,I,0,ACCROCHE,,Montastruc,3,4,DIFFUSEUR,Diffuseur,TREFLE,Tr?fle,T,,31,ASF
EchangeurA0068Pr17,2025-01-01,A0068,17,31,C,0.0,17000.0,586505.5,6294483.5,0.0,I,0,ACCROCHE,,Gemil,4,2,DIFFUSEUR,Diffuseur,AUTRE,Autres formes,F,,31,ASF
EchA0071Pr98,2025-01-01,A0071,98,45,C,970.0,1129.0,613883.81,6756204.72,0.0,I,0,ACCROCHE,1974-07-18,Bifurcation A10 - A71,,4,BIFURCATION,N?ud autoroutier (Bifurcation),TROMPETTE,Trompette,T,,45,COFIROUTE
EchA0071Pr99,2025-01-01,A0071,99,45,C,428.0,1565.0,614062.92,6755790.89,0.0,I,0,ACCROCHE,1973-12-14,Orleans Centre,1,4,DIFFUSEUR,Diffuseur,TROMPETTE,Trompette,T,,45,COFIROUTE
EchA0071Pr105,2025-01-01,A0071,105,45,C,848.0,8032.0,615111.81,6749622.14,0.0,I,0,ACCROCHE,1980-03-26,Olivet,2,4,DIFFUSEUR,Diffuseur,TROMPETTE,Trompette,T,,45,COFIROUTE
EchA0071Pr138,2025-01-01,A0071,138,41,C,50.0,40249.0,624480.94,6720580.7,0.0,I,0,ACCROCHE,1986-10-24,Lamotte-Beuvron,3,4,DIFFUSEUR,Diffuseur,TROMPETTE,Trompette,T,,41,COFIROUTE
EchA0071Pr156,2025-01-01,A0071,156,41,C,825.0,59017.0,626195.53,6702389.59,0.0,I,0,ACCROCHE,1989-06-29,Salbris,4,4,DIFFUSEUR,Diffuseur,TROMPETTE,Trompette,T,,41,COFIROUTE
EchA0071Pr171,2025-01-01,A0071,171,41,C,860.0,74053.0,627730.01,6688104.9,0.0,I,0,ACCROCHE,2001-10-31,Bifurcation A71 - A85,,4,BIFURCATION,N?ud autoroutier (Bifurcation),AUTRE,Autres formes,T,,41,COFIROUTE
EchA0071Pr177,2025-01-01,A0071,177,18,C,762.0,79967.0,629645.94,6683077.45,0.0,I,0,ACCROCHE,1989-06-29,Vierzon Centre ou bifurcation A71 - A20,5,4,MIXTE,?changeur mixte,AUTRE,Autres formes,T,,18,COFIROUTE
EchA0071Pr183,2025-01-01,A0071,183,18,C,487.0,85685.0,633368.9,6678981.34,0.0,I,0,ACCROCHE,1989-06-29,Vierzon Est,6,4,DIFFUSEUR,Diffuseur,TROMPETTE,Trompette,T,,18,COFIROUTE
EchA0071Pr209,2025-01-01,A0071,209,18,C,780.0,111974.0,649869.09,6660502.19,0.0,I,0,ACCROCHE,1987-01-01,Bourges,7,4,DIFFUSEUR,Diffuseur,TROMPETTE,Trompette,T,,18,APRR
EchA0071Pr251,2025-01-01,A0071,251,18,C,230.0,153424.0,658376.26,6624445.02,0.0,I,0,ACCROCHE,1987-01-01,St.Amand-Montrond,8,4,DIFFUSEUR,Diffuseur,,,T,,18,APRR
EchA0071Pr280,2025-01-01,A0071,280,03,C,430.0,182624.0,671665.29,6601144.33,0.0,I,0,ACCROCHE,1987-01-01,Foret de Tron?ais,9,4,DIFFUSEUR,Diffuseur,,,T,,03,APRR
EchA0071Pr294,2025-01-01,A0071,294,03,C,873.0,197067.0,678064.22,6588697.03,0.0,I,0,ACCROCHE,1987-01-01,Noeud de Montlu?on,,2,BIFURCATION,N?ud autoroutier (Bifurcation),,,T,,03,APRR
EchA0071Pr317,2025-01-01,A0071,317,03,C,960.0,220154.0,697483.96,6581096.24,0.0,I,0,ACCROCHE,1987-01-01,Montmarault,11,4,DIFFUSEUR,Diffuseur,,,T,,03,APRR
EchA0071Pr350,2025-01-01,A0071,350,03,C,320.0,252514.0,710616.16,6555059.22,0.0,I,0,ACCROCHE,1987-01-01,Noeud de Gannat,,2,BIFURCATION,N?ud autoroutier (Bifurcation),,,T,,03,APRR
EchA0071Pr362,2025-01-01,A0071,362,63,C,40.0,264234.0,708439.78,6544052.96,0.0,I,0,ACCROCHE,1987-01-01,Combronde,12.1,4,DIFFUSEUR,Diffuseur,,,T,,63,APRR
EchA0071Pr364,2025-01-01,A0071,364,63,C,790.0,266984.0,707782.22,6541452.33,0.0,I,0,ACCROCHE,1987-01-01,A71/A89,,2,BIFURCATION,N?ud autoroutier (Bifurcation),,,T,,63,APRR
EchA0071Pr374,2025-01-01,A0071,374,63,C,880.0,277074.0,711915.86,6532855.0,0.0,I,0,ACCROCHE,1987-01-01,Riom,13,4,DIFFUSEUR,Diffuseur,,,T,,63,APRR
EchA0071Pr380,2025-01-01,A0071,380,63,C,940.0,283134.0,712468.95,6526833.05,0.0,I,0,ACCROCHE,1987-01-01,Gerzat,14,4,DIFFUSEUR,Diffuseur,,,F,,63,APRR
EchA0071Pr384,2025-01-01,A0071,384,63,C,810.0,287004.0,711781.22,6523043.35,0.0,I,0,ACCROCHE,1987-01-01,A71-A710W,,3,BIFURCATION,N?ud autoroutier (Bifurcation),,,F,,63,APRR
EchA0071Pr387,2025-01-01,A0071,387,63,C,430.0,289624.0,711083.21,6520532.2,0.0,I,0,ACCROCHE,1987-01-01,Le Brezet,16,4,DIFFUSEUR,Diffuseur,,,T,,63,APRR
EchA0071Pr388,2025-01-01,A0071,388,63,C,540.0,290734.0,710910.1,6519461.32,0.0,I,0,ACCROCHE,1987-01-01,A71/A711,,2,BIFURCATION,N?ud autoroutier (Bifurcation),,,F,,63,APRR
EchangeurA0072Pr0,2025-01-01,A0072,85,42,C,-50.0,350.0,786607.21,6524693.73,0.0,I,0,ACCROCHE,,Bifurcation de Nervieux,,4,BIFURCATION,N?ud autoroutier (Bifurcation),TROMPETTE,Trompette,T,,42,ASF
EchangeurA0072Pr95,2025-01-01,A0072,95,42,C,506.0,10906.0,791957.24,6515716.62,0.0,I,0,ACCROCHE,,Feurs,6,4,DIFFUSEUR,Diffuseur,TROMPETTE,Trompette,T,,42,ASF
EchangeurA0072Pr107,2025-01-01,A0072,107,42,C,642.0,23042.0,792755.65,6505010.01,0.0,I,0,ACCROCHE,,Montbrison,7,4,DIFFUSEUR,Diffuseur,TROMPETTE,Trompette,T,,42,ASF
EchangeurA0072Pr120,2025-01-01,A0072,120,42,C,945.0,36345.0,799633.3,6494504.06,0.0,I,0,ACCROCHE,,Andrezieux,8,2,DIFFUSEUR,Diffuseur,LOSANGE,Losange,F,,42,ASF
EchangeurA0072Pr122,2025-01-01,A0072,122,42,C,440.0,37840.0,800279.26,6493163.85,0.0,I,0,ACCROCHE,,Roanne,8a,1,DIFFUSEUR,Diffuseur,LOSANGE,Losange,F,,42,ASF
EchangeurA0072Pr123,2025-01-01,A0072,0,42,N,0.0,38919.0,811900.87,6482742.87,0.0,I,0,ACCROCHE,,Saint Juste Rambert,9,1,DIFFUSEUR,Diffuseur,LOSANGE,Losange,F,,42,DIRCE
EchA0075Pr384,2025-01-01,A0075,0,63,C,0.0,0.0,710907.02,6519435.51,0.0,I,0,ACCROCHE,,Clermont-Nord,15,4,DIFFUSEUR,Diffuseur,,,T,,63,APRR
EchA0075Pr1,2025-01-01,A0075,1,63,C,655.0,1639.0,710852.41,6517831.6,0.0,I,0,ACCROCHE,,Pardieu,1,4,DIFFUSEUR,Diffuseur,,,T,,63,APRR
EchA0075Pr3,2025-01-01,A0075,3,63,C,515.0,3543.0,711304.47,6515950.99,0.0,I,0,ACCROCHE,,Aubieres 1,2,2,DIFFUSEUR,Diffuseur,,,T,,63,APRR
EchA0075Pr3,2025-01-01,A0075,3,63,C,730.0,3758.0,711384.88,6515720.06,0.0,I,0,ACCROCHE,,Aubieres 2,2,2,DIFFUSEUR,Diffuseur,,,T,,63,APRR
EchA0075Pr4,2025-01-01,A0075,4,63,C,600.0,4495.0,711841.53,6515121.86,0.0,I,0,ACCROCHE,,Aubieres 3,2,1,DIFFUSEUR,Diffuseur,,,T,,63,APRR
EchA0075Pr4,2025-01-01,A0075,4,63,C,810.0,4705.0,711925.83,6514928.51,0.0,I,0,ACCROCHE,,Cournon,3,4,DIFFUSEUR,Diffuseur,,,T,,63,APRR
EchA0075Pr6,2025-01-01,A0075,6,63,C,210.0,6142.0,712004.3,6513581.26,0.0,I,0,ACCROCHE,,Orcet,4,4,DIFFUSEUR,Diffuseur,,,T,,63,APRR
EchA0075Pr9,2025-01-01,A0075,9,63,C,970.0,10044.0,711532.73,6509911.66,0.0,I,0,ACCROCHE,,La Jonchere,5,2,DIFFUSEUR,Diffuseur,,,T,,63,APRR
EchangeurA0075Pr332,2025-01-01,A0075,332,34,C,400.0,333657.0,722766.92,6249835.77,0.0,I,0,ACCROCHE,,Beziers Sud Est,64,4,DIFFUSEUR,Diffuseur,TROMPETTE,Trompette,T,,34,ASF
EchangeurA0075Pr333,2025-01-01,A0075,333,34,C,930.0,335187.0,723975.67,6248931.49,0.0,I,0,ACCROCHE,,Bifurcation A9/A75,,4,BIFURCATION,N?ud autoroutier (Bifurcation),TROMPETTE,Trompette,T,,34,ASF
EchA0077Pr0,2025-01-01,A0077,0,77,C,0.0,0.0,682581.83,6791477.52,0.0,I,0,ACCROCHE,1972-01-01,Noeud du Puys,,0,BIFURCATION,N?ud autoroutier (Bifurcation),,,F,,77,APRR
EchA0077Pr6,2025-01-01,A0077,6,77,C,90.0,5347.0,682651.69,6785815.78,0.0,I,0,ACCROCHE,1972-01-01,Dordives,17,4,DIFFUSEUR,Diffuseur,,,T,,77,APRR
EchA0077Pr20,2025-01-01,A0077,20,45,C,870.0,20074.0,675523.1,6773377.79,0.0,I,0,ACCROCHE,1999-01-01,ARCOUR,,0,BIFURCATION,N?ud autoroutier (Bifurcation),,,T,,45,APRR
EchA0077Pr28,2025-01-01,A0077,28,45,C,110.0,27314.0,675851.28,6766256.87,0.0,I,0,ACCROCHE,1999-01-01,Le Tourneau,18,4,DIFFUSEUR,Diffuseur,,,T,,45,APRR
EchA0077Pr44,2025-01-01,A0077,44,45,C,100.0,43304.0,676906.9,6750655.9,0.0,I,0,ACCROCHE,1999-01-01,Varennes-Changy,18.1,2,DIFFUSEUR,Diffuseur,,,T,,45,APRR
EchA0077Pr54,2025-01-01,A0077,54,45,C,450.0,53654.0,678681.54,6740783.76,0.0,I,0,ACCROCHE,1999-01-01,Boismorand,19,4,DIFFUSEUR,Diffuseur,,,T,,45,APRR
EchA0077Pr67,2025-01-01,A0077,67,45,C,620.0,66824.0,681210.06,6728291.54,0.0,I,0,ACCROCHE,1999-01-01,Briare,20,4,DIFFUSEUR,Diffuseur,,,T,,45,APRR
EchA0077Pr81,2025-01-01,A0077,81,45,C,20.0,80224.0,690600.55,6718998.04,0.0,I,0,ACCROCHE,2000-01-01,Bonny-sur-Loire,21,4,DIFFUSEUR,Diffuseur,,,T,,45,APRR
EchA0077Pr97,2025-01-01,A0077,97,58,C,950.0,97154.0,695389.47,6703605.64,0.0,I,0,ACCROCHE,2000-01-01,Cosne-Nord,22,4,DIFFUSEUR,Diffuseur,,,T,,58,APRR
EchA0077Pr99,2025-01-01,A0077,99,58,C,970.0,99174.0,695943.05,6701676.71,0.0,I,0,ACCROCHE,2000-01-01,Cosne-Centre,22.1,2,DIFFUSEUR,Diffuseur,,,T,,58,APRR
EchA0081Pr175,2025-01-01,A0081,175,72,C,30.0,769.0,486812.82,6774840.95,0.0,I,0,ACCROCHE,1980-03-14,Bifurcation A11 - A81,,4,BIFURCATION,N?ud autoroutier (Bifurcation),AUTRE,Autres formes,T,,72,COFIROUTE
EchA0081Pr202,2025-01-01,A0081,202,72,C,347.0,28167.0,460405.73,6772141.86,0.0,I,0,ACCROCHE,1980-03-14,Joue-en-Charnie,1,4,DIFFUSEUR,Diffuseur,TROMPETTE,Trompette,T,,72,COFIROUTE
EchA0081Pr224,2025-01-01,A0081,224,53,C,17.0,49826.0,440584.12,6778620.22,0.0,I,0,ACCROCHE,1980-10-24,Evron,2,4,DIFFUSEUR,Diffuseur,TROMPETTE,Trompette,T,,53,COFIROUTE
EchA0081Pr244,2025-01-01,A0081,244,53,C,31.0,69846.0,421944.03,6784877.69,0.0,I,0,ACCROCHE,1980-10-24,Laval Est,3,4,DIFFUSEUR,Diffuseur,TROMPETTE,Trompette,T,,53,COFIROUTE
EchA0081Pr251,2025-01-01,A0081,251,53,C,582.0,77402.0,414824.76,6785501.57,0.0,I,0,ACCROCHE,1980-10-24,Laval Ouest,4,4,DIFFUSEUR,Diffuseur,TROMPETTE,Trompette,T,,53,COFIROUTE
EchA0081Pr267,2025-01-01,A0081,267,53,C,917.0,93714.0,399552.54,6783518.72,0.0,I,0,ACCROCHE,1980-10-24,La Gravelle,5,3,DIFFUSEUR,Diffuseur,AUTRE,Autres formes,F,,53,COFIROUTE
EchangeurA0083Pr0,2025-01-01,A0083,0,44,C,120.0,5095.0,358531.12,6679931.15,0.0,I,0,ACCROCHE,,La Cour-Neuve,2,4,DIFFUSEUR,Diffuseur,LOSANGE,Losange,T,,44,ASF
EchangeurA0083Pr8,2025-01-01,A0083,8,44,C,643.0,13618.0,363418.5,6673032.15,0.0,I,0,ACCROCHE,,Aigrefeuille,3,4,DIFFUSEUR,Diffuseur,TROMPETTE,Trompette,T,,44,ASF
EchangeurA0083Pr22,2025-01-01,A0083,22,85,C,632.0,27607.0,368796.54,6660319.94,0.0,I,0,ACCROCHE,,Montaigu,4,4,DIFFUSEUR,Diffuseur,TROMPETTE,Trompette,T,,85,ASF
EchangeurA0083Pr43,2025-01-01,A0083,43,85,C,990.0,48965.0,379258.63,6642787.91,0.0,I,0,ACCROCHE,,Bifurcation A83/A87,,8,BIFURCATION,N?ud autoroutier (Bifurcation),TREFLE,Tr?fle,T,,85,ASF
EchangeurA0083Pr45,2025-01-01,A0083,45,85,C,930.0,50905.0,379870.18,6640952.12,0.0,I,0,ACCROCHE,,Les Essarts,5,4,DIFFUSEUR,Diffuseur,TROMPETTE,Trompette,T,,85,ASF
EchangeurA0083Pr65,2025-01-01,A0083,65,85,C,25.0,70000.0,382769.46,6622549.66,0.0,I,0,ACCROCHE,,Bournezeau (Chantonnay),6,4,DIFFUSEUR,Diffuseur,TROMPETTE,Trompette,T,,85,ASF
EchangeurA0083Pr76,2025-01-01,A0083,76,85,C,670.0,81645.0,387568.56,6612156.22,0.0,I,0,ACCROCHE,,Sainte-Hermine,7,4,DIFFUSEUR,Diffuseur,TROMPETTE,Trompette,T,,85,ASF
EchangeurA0083Pr94,2025-01-01,A0083,94,85,C,255.0,99230.0,402214.69,6602861.43,0.0,I,0,ACCROCHE,,Fontenay-le-Comte Ouest,7.1,4,DIFFUSEUR,Diffuseur,TROMPETTE,Trompette,T,,85,ASF
EchangeurA0083Pr100,2025-01-01,A0083,100,85,C,34.0,105009.0,406907.8,6599668.17,0.0,I,0,ACCROCHE,,Fontenay-le-Comte,8,4,DIFFUSEUR,Diffuseur,TROMPETTE,Trompette,T,,85,ASF
EchangeurA0083Pr113,2025-01-01,A0083,113,85,C,636.0,118611.0,419112.29,6594389.35,0.0,I,0,ACCROCHE,,Oulmes (Niort Ouest),9,4,DIFFUSEUR,Diffuseur,TROMPETTE,Trompette,T,,85,ASF
EchangeurA0083Pr134,2025-01-01,A0083,134,79,C,786.0,139761.0,439068.34,6596160.87,0.0,I,0,ACCROCHE,,Echire (Niort Nord),10,4,DIFFUSEUR,Diffuseur,TROMPETTE,Trompette,T,,79,ASF
EchangeurA0083Pr142,2025-01-01,A0083,142,79,C,933.0,147908.0,443450.87,6589364.53,0.0,I,0,ACCROCHE,,La Creche (Niort Est),11,4,DIFFUSEUR,Diffuseur,TROMPETTE,Trompette,T,,79,ASF
EchangeurA0083Pr146,2025-01-01,A0083,146,79,C,140.0,151115.0,446284.24,6588117.5,0.0,I,0,ACCROCHE,,Bifurcation A10/A83,,4,BIFURCATION,N?ud autoroutier (Bifurcation),TROMPETTE,Trompette,T,,79,ASF
EchA0085Pr0,2025-01-01,A0085,0,49,C,0.0,0.0,448793.35,6721110.98,0.0,I,0,ACCROCHE,1997-01-10,Bifurcation A11 - A85,,4,BIFURCATION,N?ud autoroutier (Bifurcation),AUTRE,Autres formes,T,,49,COFIROUTE
EchA0085Pr14,2025-01-01,A0085,14,49,C,829.0,14125.0,459638.79,6712840.95,0.0,I,0,ACCROCHE,1997-01-10,Beaufort-en-Vallee,1,4,DIFFUSEUR,Diffuseur,TROMPETTE,Trompette,T,,49,COFIROUTE
EchA0085Pr24,2025-01-01,A0085,24,49,C,579.0,23856.0,464713.48,6705092.42,0.0,I,0,ACCROCHE,1997-01-10,Longue-Jumelles,2,4,DIFFUSEUR,Diffuseur,TROMPETTE,Trompette,T,,49,COFIROUTE
EchA0085Pr37,2025-01-01,A0085,37,49,C,555.0,36809.0,470784.97,6694637.25,0.0,I,0,ACCROCHE,1997-01-10,Saumur,3,4,DIFFUSEUR,Diffuseur,TROMPETTE,Trompette,T,,49,COFIROUTE
EchA0085Pr55,2025-01-01,A0085,55,37,C,165.0,54400.0,485827.6,6687887.72,0.0,I,0,ACCROCHE,1997-10-01,Bourgueil,5,4,DIFFUSEUR,Diffuseur,TROMPETTE,Trompette,T,,37,COFIROUTE
EchA0085Pr80,2025-01-01,A0085,80,37,C,680.0,79915.0,507188.18,6695717.78,0.0,I,0,ACCROCHE,2007-01-29,Langeais,7,4,DIFFUSEUR,Diffuseur,TROMPETTE,Trompette,T,,37,COFIROUTE
EchA0085Pr83,2025-01-01,A0085,83,37,C,129.0,82370.0,509498.25,6694809.35,0.0,I,0,ACCROCHE,2003-04-28,Villandry,8,4,DIFFUSEUR,Diffuseur,AUTRE,Autres formes,T,,37,COFIROUTE
EchA0085Pr89,2025-01-01,A0085,89,37,C,516.0,88766.0,514887.39,6692000.74,0.0,I,0,ACCROCHE,2003-04-28,Azay-Le-Rideau,9,4,DIFFUSEUR,Diffuseur,AUTRE,Autres formes,T,,37,COFIROUTE
EchA0085Pr100,2025-01-01,A0085,100,37,C,439.0,99686.0,525656.95,6691653.15,0.0,I,0,ACCROCHE,2007-12-18,Bifurcation A10 - A85,,10,BIFURCATION,N?ud autoroutier (Bifurcation),AUTRE,Autres formes,T,,37,COFIROUTE
EchA0085Pr108,2025-01-01,A0085,108,37,C,956.0,108205.0,533918.14,6692121.68,0.0,I,0,ACCROCHE,2007-12-18,Esvres,10,4,DIFFUSEUR,Diffuseur,TROMPETTE,Trompette,T,,37,COFIROUTE
EchA0085Pr122,2025-01-01,A0085,122,37,C,736.0,121989.0,547385.32,6689568.35,0.0,I,0,ACCROCHE,2007-12-18,Blere,11,4,DIFFUSEUR,Diffuseur,TROMPETTE,Trompette,T,,37,COFIROUTE
EchA0085Pr152,2025-01-01,A0085,152,41,C,138.0,151378.0,575835.27,6690767.69,0.0,I,0,ACCROCHE,2003-12-12,Saint-Romain-sur-Cher,12,4,DIFFUSEUR,Diffuseur,TROMPETTE,Trompette,T,,41,COFIROUTE
EchA0085Pr163,2025-01-01,A0085,163,41,C,317.0,162557.0,586688.89,6693070.06,0.0,I,0,ACCROCHE,2003-12-12,Chemery,13,4,DIFFUSEUR,Diffuseur,TROMPETTE,Trompette,T,,41,COFIROUTE
EchA0085Pr184,2025-01-01,A0085,184,41,C,650.0,183890.0,606973.6,6691924.29,0.0,I,0,ACCROCHE,2003-12-12,Romorantin,14,4,DIFFUSEUR,Diffuseur,TROMPETTE,Trompette,T,,41,COFIROUTE
EchA0085Pr206,2025-01-01,A0085,206,41,C,135.0,205350.0,627694.99,6688005.01,0.0,I,0,ACCROCHE,2001-10-31,Bifurcation A71 - A85,,4,BIFURCATION,N?ud autoroutier (Bifurcation),AUTRE,Autres formes,T,,41,COFIROUTE
EchA0086Pr63,2025-01-01,A0086,63,78,N,550.0,51586.0,638700.17,6853856.9,0.0,I,0,ACCROCHE,2011-01-16,Pont Colbert,,2,DIFFUSEUR,Diffuseur,AUTRE,Autres formes,F,,78,COFIROUTE
EchA0086Pr70,2025-01-01,A0086,70,92,C,100.0,58136.0,637469.59,6859320.06,0.0,I,0,ACCROCHE,2011-01-16,Echangeur A86 - A13,,4,DIFFUSEUR,Diffuseur,TROMPETTE,Trompette,T,,92,COFIROUTE
EchA0086Pr75,2025-01-01,A0086,75,92,C,100.0,63136.0,638169.0,6863916.87,0.0,I,0,ACCROCHE,2009-06-26,Echangeur de Rueil-Malmaison,,2,DIFFUSEUR,Diffuseur,AUTRE,Autres formes,F,,92,COFIROUTE
EchangeurA0087Pr0,2025-01-01,A0087,0,49,C,190.0,190.0,434074.16,6705427.72,0.0,I,0,ACCROCHE,,Gatignolle,14,8,BIFURCATION,N?ud autoroutier (Bifurcation),AUTRE,Autres formes,T,,49,ASF
EchangeurA0087Pr1,2025-01-01,A0087,1,49,C,120.0,1120.0,433157.66,6705252.35,0.0,I,0,ACCROCHE,,La Singerie (Parc des Expositions),15,4,DIFFUSEUR,Diffuseur,LOSANGE,Losange,T,,49,ASF
EchangeurA0087Pr2,2025-01-01,A0087,2,49,C,480.0,2480.0,432041.87,6704475.96,0.0,I,0,ACCROCHE,,La Bouvinerie (Le Plessis Grammoire),16,4,DIFFUSEUR,Diffuseur,LOSANGE,Losange,T,,49,ASF
EchangeurA0087Pr3,2025-01-01,A0087,3,49,C,720.0,3720.0,431286.95,6703505.51,0.0,I,0,ACCROCHE,,RN347 (Saumur),17,4,DIFFUSEUR,Diffuseur,TROMPETTE,Trompette,T,,49,ASF
EchangeurA0087Pr4,2025-01-01,A0087,4,49,C,640.0,4640.0,430853.91,6702695.91,0.0,I,0,ACCROCHE,,Le Hanipet (Angers Est),18a,5,DIFFUSEUR,Diffuseur,AUTRE,Autres formes,T,,49,ASF
EchangeurA0087Pr5,2025-01-01,A0087,5,49,C,460.0,5460.0,430355.78,6702046.97,0.0,I,0,ACCROCHE,,Boulevard d?Orves (Angers Sud),18b,2,DIFFUSEUR,Diffuseur,TROMPETTE,Trompette,F,,49,ASF
EchangeurA0087Pr6,2025-01-01,A0087,6,49,C,140.0,6140.0,429905.84,6701537.57,0.0,I,0,ACCROCHE,,La Foucaudiere (Trelaze),19,4,DIFFUSEUR,Diffuseur,TROMPETTE,Trompette,T,,49,ASF
EchangeurA0087Pr7,2025-01-01,A0087,7,49,C,230.0,7230.0,429314.83,6700623.79,0.0,I,0,ACCROCHE,,La Monnaie (Angers Centre),20,2,DIFFUSEUR,Diffuseur,TROMPETTE,Trompette,F,,49,ASF
EchangeurA0087Pr8,2025-01-01,A0087,8,49,C,70.0,8070.0,428852.46,6699923.63,0.0,I,0,ACCROCHE,,Sorges (Les Ponts de Ce) + Moulin de Marcille,21,4,DIFFUSEUR,Diffuseur,LOSANGE,Losange,T,,49,ASF
EchangeurA0087Pr9,2025-01-01,A0087,9,49,C,495.0,9495.0,428105.67,6698727.49,0.0,I,0,ACCROCHE,,Beaulieu-sur-Layon. (Thouarce),24,4,DIFFUSEUR,Diffuseur,AUTRE,Autres formes,T,,49,ASF
EchangeurA0087Pr12,2025-01-01,A0087,12,49,C,510.0,12510.0,427521.4,6695772.28,0.0,I,0,ACCROCHE,,Haute-Perche (Brissac Quince),22,4,DIFFUSEUR,Diffuseur,AUTRE,Autres formes,T,,49,ASF
EchangeurA0087Pr13,2025-01-01,A0087,13,49,C,430.0,13430.0,427317.49,6694877.57,0.0,I,0,ACCROCHE,,Grand ? Clos (Mur Erigne Centre),22.1,3,DIFFUSEUR,Diffuseur,LOSANGE,Losange,F,,49,ASF
EchangeurA0087Pr27,2025-01-01,A0087,27,49,C,735.0,27735.0,417837.23,6688803.85,0.0,I,0,ACCROCHE,,Chemille.,25,4,DIFFUSEUR,Diffuseur,TROMPETTE,Trompette,T,,49,ASF
EchangeurA0087Pr47,2025-01-01,A0087,47,49,C,362.0,47362.0,409994.07,6672163.63,0.0,I,0,ACCROCHE,,Cholet Nord.,26,4,DIFFUSEUR,Diffuseur,TROMPETTE,Trompette,T,,49,ASF
EchangeurA0087Pr56,2025-01-01,A0087,56,49,C,520.0,56520.0,405553.83,6664580.38,0.0,I,0,ACCROCHE,,Cholet Sud.,27,4,DIFFUSEUR,Diffuseur,TROMPETTE,Trompette,T,,49,ASF
EchangeurA0087Pr68,2025-01-01,A0087,68,85,C,540.0,68540.0,397849.31,6656644.97,0.0,I,0,ACCROCHE,,Le Bocage (La Verrie),28,4,DIFFUSEUR,Diffuseur,TROMPETTE,Trompette,T,,85,ASF
EchangeurA0087Pr76,2025-01-01,A0087,76,85,C,270.0,76270.0,391473.41,6652703.95,0.0,I,0,ACCROCHE,,Les Herbiers.,29,4,DIFFUSEUR,Diffuseur,TROMPETTE,Trompette,T,,85,ASF
EchangeurA0087Pr92,2025-01-01,A0087,92,85,C,596.0,92596.0,379256.08,6642795.04,0.0,I,0,ACCROCHE,,Bifurcation A83/A87,,8,BIFURCATION,N?ud autoroutier (Bifurcation),TREFLE,Tr?fle,T,,85,ASF
EchangeurA0087Pr112,2025-01-01,A0087,112,85,C,762.0,112762.0,367376.87,6628074.62,0.0,I,0,ACCROCHE,,La Roche-sur-Yon Est.,30,4,DIFFUSEUR,Diffuseur,TROMPETTE,Trompette,T,,85,ASF
EchangeurA0087Pr117,2025-01-01,A0087,117,85,C,906.0,117906.0,363704.8,6624636.04,0.0,I,0,ACCROCHE,,La Roche-sur-Yon Centre (route de Lucon),31,4,DIFFUSEUR,Diffuseur,LOSANGE,Losange,T,,85,ASF
EchangeurA0087Pr121,2025-01-01,A0087,121,85,C,347.0,121347.0,360655.43,6623744.42,0.0,I,0,ACCROCHE,,La Roche-sur-Yon Sud.,32,4,DIFFUSEUR,Diffuseur,TROMPETTE,Trompette,T,,85,ASF
EchangeurA0087Pr127,2025-01-01,A0087,127,85,C,869.0,127869.0,354587.23,6625838.17,0.0,I,0,ACCROCHE,,La Roche-sur-Yon Ouest,33,4,DIFFUSEUR,Diffuseur,TROMPETTE,Trompette,T,,85,ASF
FSR5wwyWXV_1,2025-01-01,A0088,0,61,C,900.0,900.0,492429.24,6841301.49,0.0,I,0,ACCROCHE,2010-01-01,Sees Nord,16,4,DIFFUSEUR,Diffuseur,LOSANGE,Losange,T,uniquement les 2 bretelles vers Falaise (Limite ALIS),61,ALICORNE
FSR5wwyWXV_2,2025-01-01,A0088,9,61,C,150.0,9150.0,484903.72,6843886.78,0.0,I,0,ACCROCHE,2010-01-01,Mortree,15,4,DIFFUSEUR,Diffuseur,LOSANGE,Losange,T,,61,ALICORNE
FSR5wwyWXV_3,2025-01-01,A0088,15,61,C,600.0,15600.0,479728.99,6847351.57,0.0,I,0,ACCROCHE,2010-01-01,Argentan Sud,14,2,DIFFUSEUR,Diffuseur,LOSANGE,Losange,F,Oriente vers Sees,61,ALICORNE
FSR5wwyWXV_4,2025-01-01,A0088,22,61,C,200.0,22200.0,475041.45,6851302.76,0.0,I,0,ACCROCHE,2010-01-01,Argentan Ouest,13,4,DIFFUSEUR,Diffuseur,AUTRE,Autres formes,T,Demi-Trefle / Losange,61,ALICORNE
FSR5wwyWXV_5,2025-01-01,A0088,35,61,C,0.0,35000.0,469978.39,6862534.16,0.0,I,0,ACCROCHE,2010-01-01,Necy,12,4,DIFFUSEUR,Diffuseur,TROMPETTE,Trompette,T,,61,ALICORNE
FSR5wwyWXV_6,2025-01-01,A0088,39,14,C,900.0,39900.0,466845.11,6866266.05,0.0,I,0,ACCROCHE,2010-01-01,Falaise Sud,11.1,2,DIFFUSEUR,Diffuseur,AUTRE,Autres formes,F,Oriente vers Caen,14,ALICORNE
FSR5wwyWXV_7,2025-01-01,A0088,45,14,C,0.0,44776.0,463927.45,6870103.06,0.0,I,0,ACCROCHE,2010-01-01,Falaise Ouest,11,4,DIFFUSEUR,Diffuseur,LOSANGE,Losange,T,uniquement les 2 bretelles vers Sees (Limite DIRNO),14,ALICORNE
EchangeurA0089Pr18,2025-01-01,A0089,19,33,C,-215.0,170.0,440909.09,6424606.53,0.0,I,0,ACCROCHE,,Libourne ouest,9,2,DIFFUSEUR,Diffuseur,AUTRE,Autres formes,F,,33,ASF
EchangeurA0089Pr29,2025-01-01,A0089,29,33,C,375.0,10760.0,444016.15,6434217.96,0.0,I,0,ACCROCHE,,Libourne Nord,10,4,DIFFUSEUR,Diffuseur,TROMPETTE,Trompette,T,,33,ASF
EchangeurA0089Pr43,2025-01-01,A0089,43,33,C,460.0,24845.0,456176.94,6439237.13,0.0,I,0,ACCROCHE,,Coutras,11,4,DIFFUSEUR,Diffuseur,TROMPETTE,Trompette,T,,33,ASF
EchangeurA0089Pr64,2025-01-01,A0089,64,24,C,275.0,45660.0,475668.63,6435566.04,0.0,I,0,ACCROCHE,,Montpon ? Menesterol,12,4,DIFFUSEUR,Diffuseur,TROMPETTE,Trompette,T,,24,ASF
EchangeurA0089Pr83,2025-01-01,A0089,83,24,C,155.0,64540.0,493689.29,6438231.77,0.0,I,0,ACCROCHE,,Mussidan Sud,13,4,DIFFUSEUR,Diffuseur,TROMPETTE,Trompette,T,,24,ASF
EchangeurA0089Pr90,2025-01-01,A0089,90,24,C,619.0,72004.0,498016.69,6444194.65,0.0,I,0,ACCROCHE,,Mussidan Est,13.1,2,DIFFUSEUR,Diffuseur,TROMPETTE,Trompette,F,,24,ASF
EchangeurA0089Pr102,2025-01-01,A0089,102,24,C,952.0,84337.0,507338.71,6452026.01,0.0,I,0,ACCROCHE,,Perigueux Ouest,14,4,DIFFUSEUR,Diffuseur,LOSANGE,Losange,T,,24,ASF
EchangeurA0089Pr116,2025-01-01,A0089,116,24,C,215.0,97600.0,519191.13,6451709.29,0.0,I,0,ACCROCHE,,Perigueux Sud,15,4,DIFFUSEUR,Diffuseur,LOSANGE,Losange,T,,24,ASF
EchangeurA0089Pr125,2025-01-01,A0089,125,24,C,185.0,106571.0,527367.91,6452222.33,0.0,I,0,ACCROCHE,,Perigueux Est,16,4,DIFFUSEUR,Diffuseur,TROMPETTE,Trompette,T,,24,ASF
EchangeurA0089Pr157,2025-01-01,A0089,157,24,C,450.0,138836.0,556294.35,6451714.28,0.0,I,0,ACCROCHE,,Thenon (La Bachellerie),17,4,DIFFUSEUR,Diffuseur,AUTRE,Autres formes,T,,24,ASF
EchangeurA0089Pr175,2025-01-01,A0089,175,19,C,872.0,157258.0,572903.75,6451837.53,0.0,I,0,ACCROCHE,,Terrasson-la-Villedieu,18,4,DIFFUSEUR,Diffuseur,AUTRE,Autres formes,T,,19,ASF
EchangeurA0089Pr183,2025-01-01,A0089,183,19,C,890.0,165276.0,579954.17,6454061.06,0.0,I,0,ACCROCHE,,Brive Ouest,19,2,DIFFUSEUR,Diffuseur,TROMPETTE,Trompette,F,,19,ASF
EchangeurA0089Pr197,2025-01-01,A0089,186,19,C,89.0,167475.0,581305.12,6455598.65,0.0,I,0,ACCROCHE,,Bifurcation de Saint-Pardoux-l'Ortigier (Bifurcation A20),,4,BIFURCATION,N?ud autoroutier (Bifurcation),TROMPETTE,Trompette,T,,19,ASF
EchangeurA0089Pr187,2025-01-01,A0089,198,19,C,0.0,167987.0,588203.59,6468583.34,0.0,I,0,ACCROCHE,,Brive Nord (Bifurcation A20),,4,BIFURCATION,N?ud autoroutier (Bifurcation),TROMPETTE,Trompette,T,,19,ASF
EchangeurA0089Pr202,2025-01-01,A0089,202,19,C,900.0,172907.0,591419.94,6465629.39,0.0,I,0,ACCROCHE,,Saint Germain les Vergnes,19.1,4,DIFFUSEUR,Diffuseur,AUTRE,Autres formes,T,,19,ASF
EchangeurA0089Pr215,2025-01-01,A0089,215,19,C,945.0,185952.0,602815.02,6470571.93,0.0,I,0,ACCROCHE,,Tulle Nord,20,4,DIFFUSEUR,Diffuseur,TROMPETTE,Trompette,T,,19,ASF
EchangeurA0089Pr224,2025-01-01,A0089,224,19,C,206.0,194213.0,610059.15,6468755.22,0.0,I,0,ACCROCHE,,Tulle Est,21,4,DIFFUSEUR,Diffuseur,TROMPETTE,Trompette,T,,19,ASF
EchangeurA0089Pr242,2025-01-01,A0089,242,19,C,504.0,212511.0,623405.75,6479655.02,0.0,I,0,ACCROCHE,,Egletons,22,4,DIFFUSEUR,Diffuseur,TROMPETTE,Trompette,T,,19,ASF
EchangeurA0089Pr266,2025-01-01,A0089,266,19,C,885.0,236892.0,642656.8,6490903.74,0.0,I,0,ACCROCHE,,Ussel Ouest,23,4,DIFFUSEUR,Diffuseur,TROMPETTE,Trompette,T,,19,ASF
EchangeurA0089Pr283,2025-01-01,A0089,283,19,C,35.0,253042.0,654667.26,6498618.21,0.0,I,0,ACCROCHE,,Ussel Est,24,4,DIFFUSEUR,Diffuseur,TROMPETTE,Trompette,T,,19,ASF
EchangeurA0089Pr306,2025-01-01,A0089,306,63,C,645.0,276652.0,675038.11,6508045.9,0.0,I,0,ACCROCHE,,Le Sancy,25,4,DIFFUSEUR,Diffuseur,TROMPETTE,Trompette,T,,63,ASF
EchangeurA0089Pr329,2025-01-01,A0089,329,63,C,500.0,299507.0,685812.06,6526031.68,0.0,I,0,ACCROCHE,,Bromont - Lamothe (Pontgibaud),26,4,DIFFUSEUR,Diffuseur,TROMPETTE,Trompette,T,,63,ASF
EchangeurA0089Pr349,2025-01-01,A0089,349,63,C,980.0,319987.0,699373.85,6539690.46,0.0,I,0,ACCROCHE,,Manzat,27,4,DIFFUSEUR,Diffuseur,TROMPETTE,Trompette,T,,63,ASF
EchA0089Pr358,2025-01-01,A0089,358,63,C,0.0,328007.0,706966.82,6541692.02,0.0,I,0,ACCROCHE,,A71/A89,,2,BIFURCATION,N?ud autoroutier (Bifurcation),,,T,,63,ASF
EchangeurA0089Pr358,2025-01-01,A0089,400,63,C,0.0,328892.0,711718.93,6522879.74,0.0,I,0,ACCROCHE,,Bifurcation A71 (Combronde),,4,BIFURCATION,N?ud autoroutier (Bifurcation),TROMPETTE,Trompette,T,,63,ASF
EchangeurA0089Pr400,2025-01-01,A0089,400,63,C,332.0,329224.0,712053.72,6522956.6,0.0,I,0,ACCROCHE,,Bifurcation A71 (A71/A89),,4,BIFURCATION,N?ud autoroutier (Bifurcation),AUTRE,Autres formes,T,,63,ASF
EchangeurA0089Pr407,2025-01-01,A0089,407,63,C,243.0,335805.0,717994.4,6525465.68,0.0,I,0,ACCROCHE,,Bifurcation A711 (A89/A711),,2,BIFURCATION,N?ud autoroutier (Bifurcation),TROMPETTE,Trompette,F,,63,ASF
EchangeurA0089Pr419,2025-01-01,A0089,419,63,C,81.0,347643.0,729333.13,6527980.83,0.0,I,0,ACCROCHE,,Lezoux,28,4,DIFFUSEUR,Diffuseur,TROMPETTE,Trompette,T,,63,ASF
EchangeurA0089Pr428,2025-01-01,A0089,428,63,C,865.0,357427.0,738802.57,6529186.57,0.0,I,0,ACCROCHE,,Thiers-Ouest,29,4,DIFFUSEUR,Diffuseur,TROMPETTE,Trompette,T,,63,ASF
EchangeurA0089Pr440,2025-01-01,A0089,440,63,C,62.0,368624.0,748250.87,6531501.3,0.0,I,0,ACCROCHE,,Thiers-Est,30,4,DIFFUSEUR,Diffuseur,TROMPETTE,Trompette,T,,63,ASF
EchangeurA0089Pr455,2025-01-01,A0089,455,42,C,545.0,384107.0,761367.65,6528498.25,0.0,I,0,ACCROCHE,,Noiretable,31,4,DIFFUSEUR,Diffuseur,TROMPETTE,Trompette,T,,42,ASF
EchangeurA0089Pr477,2025-01-01,A0089,477,42,C,545.0,406107.0,781049.1,6529137.94,0.0,I,0,ACCROCHE,,Saint-Germain-Laval,32,4,DIFFUSEUR,Diffuseur,TROMPETTE,Trompette,T,,42,ASF
EchangeurA0089Pr484,2025-01-01,A0089,484,42,C,632.0,413194.0,786333.81,6525196.58,0.0,I,0,ACCROCHE,,Bifurcation de Nervieux,,4,BIFURCATION,N?ud autoroutier (Bifurcation),TROMPETTE,Trompette,T,,42,ASF
EchangeurA0089Pr489,2025-01-01,A0089,489,42,C,855.0,419017.0,790518.33,6527019.27,0.0,I,0,ACCROCHE,,Balbigny,33,4,DIFFUSEUR,Diffuseur,TROMPETTE,Trompette,T,,42,ASF
EchangeurA0089Pr512,2025-01-01,A0089,512,69,C,456.0,441618.0,809159.28,6533092.88,0.0,I,0,ACCROCHE,,Tarare Ouest,34,4,DIFFUSEUR,Diffuseur,TROMPETTE,Trompette,T,,69,ASF
EchangeurA0089Pr522,2025-01-01,A0089,522,69,C,303.0,451465.0,818044.45,6531652.66,0.0,I,0,ACCROCHE,,Tarare Est,35,4,DIFFUSEUR,Diffuseur,AUTRE,Autres formes,T,,69,ASF
EchangeurA0089Pr533,2025-01-01,A0089,533,69,C,536.0,462698.0,828589.14,6529567.92,0.0,I,0,ACCROCHE,,Fleurieux (via bretelle de l'Arbresle),36,4,DIFFUSEUR,Diffuseur,TROMPETTE,Trompette,T,,69,ASF
EchangeurA0089Pr535,2025-01-01,A0089,535,69,C,174.0,464336.0,829848.35,6528801.32,0.0,I,0,ACCROCHE,,Pont de Dorieux,37,4,DIFFUSEUR,Diffuseur,TROMPETTE,Trompette,T,,69,ASF
EchangeurA0089Pr537,2025-01-01,A0089,537,69,C,816.0,466978.0,830857.18,6526548.27,0.0,I,0,ACCROCHE,,La Tour de Slavagny,38,4,DIFFUSEUR,Diffuseur,TROMPETTE,Trompette,T,,69,ASF
EchA0089Pr539,2025-01-01,A0089,539,69,C,43.0,468205.0,831775.85,6525882.24,0.0,I,0,ACCROCHE,2018-01-01,RD30,39,2,DIFFUSEUR,Diffuseur,,,T,,69,ASF
EchA0089Pr541,2025-01-01,A0089,541,69,C,230.0,470392.0,833931.98,6525979.87,0.0,I,0,ACCROCHE,2018-01-01,RD307,40,4,DIFFUSEUR,Diffuseur,,,T,,69,APRR
EchA0089Pr543,2025-01-01,A0089,543,69,C,690.0,472852.0,835681.98,6527607.41,0.0,I,0,ACCROCHE,2018-01-01,RD306-RN6,41,4,DIFFUSEUR,Diffuseur,,,T,,69,APRR
EchA0089Pr544,2025-01-01,A0089,544,69,C,510.0,473672.0,836306.96,6527883.32,0.0,I,0,ACCROCHE,2018-01-01,A6-A89,,2,BIFURCATION,N?ud autoroutier (Bifurcation),,,T,,69,APRR
EchA0105Pr0,2025-01-01,A0105,0,77,C,0.0,0.0,671475.83,6839853.1,0.0,I,0,ACCROCHE,1994-01-01,Noeud du Val Ganisse,,2,BIFURCATION,N?ud autoroutier (Bifurcation),,,T,,77,APRR
EchA0105Pr0,2025-01-01,A0105,0,77,C,980.0,980.0,671967.98,6839016.13,0.0,I,0,ACCROCHE,1994-01-01,Evry-Gregy,11,2,DIFFUSEUR,Diffuseur,,,T,,77,APRR
EchA0105Pr2,2025-01-01,A0105,2,77,C,680.0,3236.0,672645.87,6836900.89,0.0,I,0,ACCROCHE,1994-01-01,Moissy-Cramayel,12,3,DIFFUSEUR,Diffuseur,,,F,"Diffuseurs 12, 12.a et 12.b imbriqu?s",77,APRR
EchA0105Pr2,2025-01-01,A0105,2,77,C,681.0,3237.0,672645.87,6836899.89,0.0,I,0,ACCROCHE,1994-01-01,Provins,12.b,1,DIFFUSEUR,Diffuseur,,,F,"Diffuseurs 12, 12.a et 12.b imbriqu?s",77,APRR
EchA0105Pr4,2025-01-01,A0105,4,77,C,700.0,5258.0,672858.49,6834897.3,0.0,I,0,ACCROCHE,1994-01-01,Reau,13,4,DIFFUSEUR,Diffuseur,,,T,,77,APRR
EchA0105Pr6,2025-01-01,A0105,6,77,C,840.0,7400.0,673110.0,6832778.71,0.0,I,0,ACCROCHE,1994-01-01,Noeud des Eprunes,,4,BIFURCATION,N?ud autoroutier (Bifurcation),,,F,,77,APRR
EchA0105Pr9,2025-01-01,A0105,9,77,C,70.0,9635.0,673392.16,6830531.37,0.0,I,0,ACCROCHE,1994-01-01,Vert-St.Denis,14,4,DIFFUSEUR,Diffuseur,,,T,,77,APRR
EchA0131Pr0,2025-01-01,A0131,0,27,C,153.0,153.0,526571.13,6922730.0,0.0,I,0,ACCROCHE,1994-07-01,A131-A13,,2,BIFURCATION,N?ud autoroutier (Bifurcation),AUTRE,Autres formes,F,65565,27,SAPN
EchA0131Pr1,2025-01-01,A0131,1,27,C,315.0,1315.0,525824.84,6923556.87,0.0,I,0,ACCROCHE,1994-07-01,Bourneville (28),28,2,DIFFUSEUR,Diffuseur,LOSANGE,Losange,F,65487,27,SAPN
EchA0131Pr9,2025-01-01,A0131,9,27,C,235.0,9235.0,522312.66,6930384.9,0.0,I,0,ACCROCHE,1994-07-01,Quillebeuf-sur-Seine (29),29,4,DIFFUSEUR,Diffuseur,LOSANGE,Losange,T,65494,27,SAPN
EchA0132Pr0,2025-01-01,A0132,0,14,C,689.0,689.0,496229.63,6914073.29,0.0,I,0,ACCROCHE,1977-07-01,Pont l'Eveque (1),1,2,DIFFUSEUR,Diffuseur,LOSANGE,Losange,F,65531,14,SAPN
EchA0132Pr1,2025-01-01,A0132,1,14,C,690.0,1690.0,495388.34,6914754.33,0.0,I,0,ACCROCHE,1977-07-01,Honfleur (2),2,4,DIFFUSEUR,Diffuseur,LOSANGE,Losange,T,65530,14,SAPN
EchA0132Pr5,2025-01-01,A0132,5,14,C,90.0,5090.0,492036.91,6916478.13,0.0,I,0,ACCROCHE,1977-07-01,A132-D677 (Canapville),,0,BIFURCATION,N?ud autoroutier (Bifurcation),AUTRE,Autres formes,F,65478 DIR,14,SAPN
EchA0139Pr0,2025-01-01,A0139,1,76,C,-362.0,382.0,557972.01,6917858.18,0.0,I,0,ACCROCHE,1982-02-01,A139-A13,,2,BIFURCATION,N?ud autoroutier (Bifurcation),AUTRE,Autres formes,F,65534,76,SAPN
EchA0139Pr1,2025-01-01,A0139,1,76,C,780.0,1524.0,557241.55,6918380.08,0.0,I,0,ACCROCHE,1982-02-01,Les Essarts (1),1,2,DIFFUSEUR,Diffuseur,TROMPETTE,Trompette,F,65453 DIR,76,SAPN
EchA0139Pr2,2025-01-01,A0139,2,76,C,899.0,2643.0,557216.21,6919444.04,0.0,I,0,ACCROCHE,1982-02-01,A139-N138,,2,BIFURCATION,N?ud autoroutier (Bifurcation),AUTRE,Autres formes,F,65451,76,SAPN
EchA0140Pr0,2025-01-01,A0140,0,77,C,6.0,6.0,691462.17,6864350.85,0.0,I,0,ACCROCHE,1976-01-01,A140/A4,,2,BIFURCATION,N?ud autoroutier (Bifurcation),AUTRE,Autres formes,T,172,77,SANEF
EchA0140Pr3,2025-01-01,A0140,3,77,C,540.0,3672.0,691627.5,6867421.45,0.0,I,0,ACCROCHE,2008-01-01,Quincy-Voisins (1),1,4,DIFFUSEUR,Diffuseur,LOSANGE,Losange,T,227,77,SANEF
ECHA0150PR10D,2025-01-01,A0150,12,76,C,21.0,11268.0,552398.95,6938081.84,0.0,I,0,ACCROCHE,2015-01-01,Barentin,3,4,DIFFUSEUR,Diffuseur,LOSANGE,Losange,T,"OA au PR12,021",76,ALBEA
ECHA0150PR28D,2025-01-01,A0150,28,76,C,720.0,27970.0,541821.6,6949837.7,0.0,I,0,ACCROCHE,,Yvetot Est,4,4,DIFFUSEUR,Diffuseur,TROMPETTE,Trompette,T,"Diffuseur dans concession SAPN, cote mis en service en 2015",76,SAPN
EchA0150Pr28,2025-01-01,A0150,28,76,C,725.0,27975.0,541817.85,6949840.84,0.0,I,0,ACCROCHE,1996-05-25,Yvetot Est (4),4,4,DIFFUSEUR,Diffuseur,TROMPETTE,Trompette,T,65429,76,SAPN
EchA0150Pr32,2025-01-01,A0150,32,76,C,491.0,31741.0,539144.72,6951897.02,0.0,I,0,ACCROCHE,1996-05-24,A150-A29,,2,BIFURCATION,N?ud autoroutier (Bifurcation),AUTRE,Autres formes,F,65431,76,SAPN
EchA0151Pr6,2025-01-01,A0151,6,76,N,686.0,6620.0,558355.8,6940800.15,0.0,I,0,ACCROCHE,1999-07-30,Eslettes (1),1,4,DIFFUSEUR,Diffuseur,TROMPETTE,Trompette,T,65553 DIR et Sanef,76,SAPN
EchA0151Pr16,2025-01-01,A0151,16,76,C,337.0,16271.0,558793.13,6950258.85,0.0,I,0,ACCROCHE,1998-12-10,A151-A29,,8,BIFURCATION,N?ud autoroutier (Bifurcation),TROMPETTE,Trompette,T,65485,76,SAPN
EchA0151Pr17,2025-01-01,A0151,17,76,C,395.0,17329.0,558833.66,6951097.23,0.0,I,0,ACCROCHE,1999-07-30,Beautot (2),2,4,DIFFUSEUR,Diffuseur,LOSANGE,Losange,T,65552 DIR et Sanef,76,SAPN
EchA0154Pr0,2025-01-01,A0154,0,27,C,0.0,0.0,567380.37,6906867.61,0.0,I,0,ACCROCHE,1997-04-01,A154-A13,,2,BIFURCATION,N?ud autoroutier (Bifurcation),AUTRE,Autres formes,F,65537,27,SAPN
EchA0154Pr1,2025-01-01,A0154,1,27,C,228.0,1228.0,567913.26,6906063.11,0.0,I,0,ACCROCHE,1997-04-01,Val-de-Reuil (1),1,4,DIFFUSEUR,Diffuseur,TROMPETTE,Trompette,T,65543 1 bretelle vers A13 et non A154,27,SAPN
EchA0154Pr3,2025-01-01,A0154,3,27,C,538.0,3538.0,567374.59,6903869.99,0.0,I,0,ACCROCHE,1996-01-01,La Villette (2),2,2,DIFFUSEUR,Diffuseur,AUTRE,Autres formes,F,65539,27,SAPN
EchA0154Pr4,2025-01-01,A0154,4,27,C,950.0,4950.0,567436.32,6902466.46,0.0,I,0,ACCROCHE,1996-01-01,Saint-Jean (3),3,2,DIFFUSEUR,Diffuseur,LOSANGE,Losange,F,65540,27,SAPN
EchA0154Pr7,2025-01-01,A0154,7,27,C,822.0,7822.0,566580.67,6899784.02,0.0,I,0,ACCROCHE,1996-01-01,Becdal (4),4,4,DIFFUSEUR,Diffuseur,AUTRE,Autres formes,T,65465 DIR et Sanef,27,SAPN
EchA0311Pr27,2025-01-01,A0311,28,21,C,-100.0,165.0,853122.22,6683967.1,0.0,I,0,ACCROCHE,1974-01-01,Bifurcation de Gevrey,,0,BIFURCATION,N?ud autoroutier (Bifurcation),,,F,,21,APRR
EchA0311Pr30,2025-01-01,A0311,30,21,C,520.0,2785.0,853766.58,6686291.82,0.0,I,0,ACCROCHE,1974-01-01,RD108,48,4,DIFFUSEUR,Diffuseur,,,T,,21,APRR
EchA0311Pr32,2025-01-01,A0311,32,21,C,200.0,4465.0,854199.18,6687879.25,0.0,I,0,ACCROCHE,1974-01-01,RD122A,47,3,DIFFUSEUR,Diffuseur,,,T,,21,APRR
EchA0314Pr0,2025-01-01,A0314,0,57,C,188.0,188.0,935348.59,6895874.9,0.0,I,0,ACCROCHE,1972-01-01,A314/D603,,1,BIFURCATION,N?ud autoroutier (Bifurcation),AUTRE,Autres formes,F,122,57,SANEF
EchA0314Pr1,2025-01-01,A0314,1,57,C,796.0,1796.0,936728.8,6896737.69,0.0,I,0,ACCROCHE,1982-02-01,A314/A315,,4,BIFURCATION,N?ud autoroutier (Bifurcation),AUTRE,Autres formes,F,186,57,SANEF
EchA0314Pr3,2025-01-01,A0314,3,57,C,104.0,3104.0,938409.74,6896961.46,0.0,I,0,ACCROCHE,1982-02-01,A314/A4,,0,BIFURCATION,N?ud autoroutier (Bifurcation),AUTRE,Autres formes,F,193,57,SANEF
EchA0315Pr0,2025-01-01,A0315,0,57,C,420.0,420.0,936884.21,6897686.22,0.0,I,0,ACCROCHE,1987-01-01,A315/A4,,0,BIFURCATION,N?ud autoroutier (Bifurcation),AUTRE,Autres formes,F,196,57,SANEF
EchA0315Pr1,2025-01-01,A0315,1,57,C,778.0,1778.0,936432.17,6896678.3,0.0,I,0,ACCROCHE,1987-01-01,A315/A314,,4,BIFURCATION,N?ud autoroutier (Bifurcation),AUTRE,Autres formes,F,237,57,SANEF
EchA0315Pr2,2025-01-01,A0315,2,57,C,680.0,2680.0,936057.91,6895980.7,0.0,I,0,ACCROCHE,1987-01-01,A315/D603,,4,BIFURCATION,N?ud autoroutier (Bifurcation),AUTRE,Autres formes,T,121,57,SANEF
EchA0344Pr0,2025-01-01,A0344,0,51,C,0.0,0.0,769637.75,6905969.6,0.0,I,0,ACCROCHE,1976-01-01,Reims Centre - Tinqueux (22),22,4,BIFURCATION,N?ud autoroutier (Bifurcation),TROMPETTE,Trompette,T,48,51,SANEF
EchA0344Pr0+549,2025-01-01,A0344,0,51,C,549.0,549.0,770139.45,6906175.24,0.0,I,0,ACCROCHE,1976-01-01,Reims Centre - Tinqueux (16.1),16.1,3,BIFURCATION,N?ud autoroutier (Bifurcation),AUTRE,Autres formes,F,86,51,SANEF
EchA0344Pr1,2025-01-01,A0344,1,51,C,338.0,1338.0,770836.47,6906511.23,0.0,I,0,ACCROCHE,1976-01-01,Reims - Tinqueux,,5,DIFFUSEUR,Diffuseur,AUTRE,Autres formes,T,211,51,SANEF
EchA0344Pr4,2025-01-01,A0344,4,51,C,706.0,4706.0,774123.95,6906339.65,0.0,I,0,ACCROCHE,1976-01-01,Reims - Centre,,4,DIFFUSEUR,Diffuseur,TROMPETTE,Trompette,T,84,51,SANEF
EchA0344Pr5,2025-01-01,A0344,5,51,C,873.0,5873.0,774941.15,6905517.38,0.0,I,0,ACCROCHE,1976-01-01,Reims - Cathedrale,,4,DIFFUSEUR,Diffuseur,LOSANGE,Losange,T,85,51,SANEF
EchA0344Pr7,2025-01-01,A0344,7,51,C,329.0,7329.0,775774.39,6904312.91,0.0,I,0,ACCROCHE,1976-01-01,Reims - St Remi,,5,DIFFUSEUR,Diffuseur,AUTRE,Autres formes,T,225,51,SANEF
EchA0344Pr9+538,2025-01-01,A0344,9,51,C,538.0,9538.0,777624.83,6903183.12,0.0,I,0,ACCROCHE,1976-01-01,Reims - Cormontreuil,,8,DIFFUSEUR,Diffuseur,AUTRE,Autres formes,T,70,51,SANEF
EchA0344Pr9,2025-01-01,A0344,9,51,C,545.0,9545.0,777630.33,6903178.92,0.0,I,0,ACCROCHE,1976-01-01,A344/A34 Cormontreuil,,8,BIFURCATION,N?ud autoroutier (Bifurcation),AUTRE,Autres formes,T,49,51,SANEF
EchA0355Pr26,2025-01-01,A0355,26,67,C,626.0,24987.0,1047896.46,6853441.12,0.0,I,0,ACCROCHE,2021-12-17,A355/A4,,2,BIFURCATION,N?ud autoroutier (Bifurcation),AUTRE,Autres formes,T,231,67,ARCOS
EchA0391Pr0,2025-01-01,A0391,0,39,C,0.0,0.0,896011.87,6642640.91,0.0,I,0,ACCROCHE,1998-01-01,Noeud de Bersaillin,,4,BIFURCATION,N?ud autoroutier (Bifurcation),,,T,,39,APRR
EchA0391Pr1,2025-01-01,A0391,1,39,C,190.0,1190.0,896331.0,6641781.17,0.0,I,0,ACCROCHE,1998-01-01,RD192-Sellieres,7,2,DIFFUSEUR,Diffuseur,,,T,N? 7 sur A39,39,APRR
EchA0404Pr0,2025-01-01,A0404,0,01,C,0.0,0.0,895622.67,6562872.79,0.0,I,0,ACCROCHE,1997-01-01,Noeud de Maillat,,3,BIFURCATION,N?ud autoroutier (Bifurcation),,,T,Sans compter les bretelles de la sortie N?8 imbriqu?e,01,APRR
EchA0404Pr5,2025-01-01,A0404,5,01,C,970.0,5970.0,897528.17,6567604.22,0.0,I,0,ACCROCHE,1997-01-01,Croix-Chalon,9,4,DIFFUSEUR,Diffuseur,,,T,,01,APRR
EchA0404Pr13,2025-01-01,A0404,13,01,C,810.0,13810.0,901728.54,6573806.42,0.0,I,0,ACCROCHE,1997-01-01,"Oyonnax-Sud,",10,4,DIFFUSEUR,Diffuseur,,,T,,01,APRR
EchA0404Pr17,2025-01-01,A0404,17,01,C,160.0,17160.0,902889.23,6576873.61,0.0,I,0,ACCROCHE,1997-01-01,"Oyonnax-Ouest,",11,4,DIFFUSEUR,Diffuseur,,,T,,01,APRR
EchA0404Pr18,2025-01-01,A0404,18,01,C,620.0,18620.0,903920.86,6577890.72,0.0,I,0,ACCROCHE,1997-01-01,"Oyonnax-Nord,",12,2,DIFFUSEUR,Diffuseur,,,T,,01,APRR
EchA0406Pr9,2025-01-01,A0406,0,01,C,228.0,228.0,846780.52,6579158.25,0.0,I,0,ACCROCHE,2011-01-01,A40-A406,,0,BIFURCATION,N?ud autoroutier (Bifurcation),,,F,,01,APRR
EchA0406Pr3,2025-01-01,A0406,3,01,C,63.0,3063.0,844366.85,6578093.82,0.0,I,0,ACCROCHE,2011-01-01,Crottet-RD933,1,2,DIFFUSEUR,Diffuseur,,,T,,01,APRR
EchA0406Pr9,2025-01-01,A0406,9,71,C,289.0,9289.0,838829.7,6576876.55,0.0,I,0,ACCROCHE,2011-01-01,Varennes-Les-Macon,2,4,DIFFUSEUR,Diffuseur,,,T,,71,APRR
EchA0410Pr139+780,2025-01-01,A0410,140,74,C,-220.0,280.0,942104.53,6548086.77,0.0,I,0,ACCROCHE,,A41N-A410,,0,BIFURCATION,N?ud autoroutier (Bifurcation),,,F,,74,AREA
EchA0410Pr158,2025-01-01,A0410,158,74,C,830.0,19330.0,954263.5,6558085.6,0.0,I,0,ACCROCHE,,La Roche sur Foron,19,4,DIFFUSEUR,Diffuseur,,,T,,74,AREA
EchA0410Pr165+2,2025-01-01,A0410,165,74,C,2.0,25502.0,956840.93,6563060.97,0.0,I,0,ACCROCHE,,Bifurcation de Scientrier,,2,BIFURCATION,N?ud autoroutier (Bifurcation),,,T,,74,AREA
ECHA-A411-E14.1-000623-0001,2025-01-01,A0411,0,74,C,623.0,623.0,948354.33,6569913.86,0.0,I,0,ACCROCHE,,Echangeur No14.1 Gaillard,14.1,2,DIFFUSEUR,Diffuseur,AUTRE,Autres formes,F,,74,ATMB
EchA0430Pr125+300,2025-01-01,A0430,125,73,C,300.0,300.0,951057.44,6501407.42,0.0,I,0,ACCROCHE,,Bifurcation de Chamousset,,2,BIFURCATION,N?ud autoroutier (Bifurcation),,,T,,73,AREA
EchA0430Pr135+949,2025-01-01,A0430,135,73,C,949.0,10949.0,958564.06,6508068.36,0.0,I,0,ACCROCHE,,Frontenex,24,2,DIFFUSEUR,Diffuseur,,,F,,73,AREA
EchA0432Pr0,2025-01-01,A0432,0,01,C,0.0,0.0,847787.18,6531533.7,0.0,I,0,ACCROCHE,2011-01-01,A46-A432,,0,BIFURCATION,N?ud autoroutier (Bifurcation),,,F,,01,APRR
EchA0432Pr11,2025-01-01,A0432,11,01,C,500.0,11500.0,857310.49,6527822.42,0.0,I,0,ACCROCHE,1991-01-01,Noeud de La Boisse,,6,BIFURCATION,N?ud autoroutier (Bifurcation),,,T,,01,APRR
EchA0432Pr20,2025-01-01,A0432,20,38,C,690.0,20690.0,862056.66,6520636.52,0.0,I,0,ACCROCHE,1991-01-01,RD 517,3,4,DIFFUSEUR,Diffuseur,,,T,,38,APRR
EchA0432Pr29,2025-01-01,A0432,29,69,C,930.0,29930.0,861665.35,6512536.94,0.0,I,0,ACCROCHE,2003-01-01,RD 29,4,2,DIFFUSEUR,Diffuseur,,,T,,69,APRR
EchA0432Pr30,2025-01-01,A0432,30,69,C,980.0,30980.0,860661.13,6512290.11,0.0,I,0,ACCROCHE,2003-01-01,bretelle de Satolas,5,2,DIFFUSEUR,Diffuseur,,,T,,69,APRR
EchA0432Pr33,2025-01-01,A0432,33,69,C,790.0,33790.0,859357.33,6509984.58,0.0,I,0,ACCROCHE,,Bifurcation de St Exupery,,2,BIFURCATION,N?ud autoroutier (Bifurcation),,,T,,69,AREA
EchA0466Pr0,2025-01-01,A0466,0,69,C,0.0,0.0,836312.62,6537747.31,0.0,I,0,ACCROCHE,2015-01-01,A46-A466,,0,BIFURCATION,N?ud autoroutier (Bifurcation),,,F,,69,APRR
EchA0466Pr5,2025-01-01,A0466,5,69,C,163.0,5000.0,834471.21,6533859.3,0.0,I,0,ACCROCHE,2015-01-01,A6-A466,,0,BIFURCATION,N?ud autoroutier (Bifurcation),,,F,,69,APRR
EchA0480Pr0+650,2025-01-01,A0480,0,38,C,650.0,650.0,910549.0,6460797.56,0.0,I,0,ACCROCHE,,Echangeur de Saint-Egreve,,0,BIFURCATION,N?ud autoroutier (Bifurcation),,,T,,38,AREA
EchA0500Pr0+810,2025-01-01,A0500,0,06,C,810.0,810.0,1052396.64,6303774.29,0.0,I,0,ACCROCHE,1992-05-25,Laghet,57,2,DIFFUSEUR,Diffuseur,TROMPETTE,Trompette,F,,06,ESCOTA
EchA0501Pr2+793,2025-01-01,A0501,2,13,N,793.0,2793.0,908785.36,6248433.08,0.0,I,0,ACCROCHE,1974-08-29,Aubagne,7,2,DIFFUSEUR,Diffuseur,LOSANGE,Losange,F,,13,ESCOTA
EchA0520Pr2+290,2025-01-01,A0520,2,13,C,290.0,2290.0,913916.69,6255275.49,0.0,I,0,ACCROCHE,1974-08-29,Auriol,sans numero,2,DIFFUSEUR,Diffuseur,LOSANGE,Losange,F,,13,ESCOTA
EchangeurA0620Pr0,2025-01-01,A0620,0,31,C,0.0,0.0,572857.76,6284993.95,0.0,I,0,ACCROCHE,,Bifurcation A62/A620,33,4,BIFURCATION,N?ud autoroutier (Bifurcation),AUTRE,Autres formes,T,,31,ASF
EchangeurA0620Pr0-1,2025-01-01,A0620,0,31,C,614.0,614.0,572620.32,6284447.72,0.0,I,0,ACCROCHE,,Sesquieres,33,5,DIFFUSEUR,Diffuseur,LOSANGE,Losange,T,,31,ASF
EchangeurA0641Pr0,2025-01-01,A0641,0,40,C,580.0,580.0,368230.07,6277306.69,0.0,I,0,ACCROCHE,,RD 19,,2,DIFFUSEUR,Diffuseur,TROMPETTE,Trompette,F,,40,ASF
EchangeurA0641Pr5,2025-01-01,A0641,5,40,C,848.0,5848.0,365930.22,6281508.41,0.0,I,0,ACCROCHE,,RN 117,,2,DIFFUSEUR,Diffuseur,LOSANGE,Losange,F,,40,ASF
EchangeurA0680Pr1,2025-01-01,A0680,1,31,C,460.0,1460.0,584765.58,6288871.7,0.0,I,0,ACCROCHE,,Gragnague,,2,DIFFUSEUR,Diffuseur,TROMPETTE,Trompette,F,,31,ASF
EchangeurA0709Pr3,2025-01-01,A0709,3,34,C,250.0,3272.0,780100.12,6284476.37,0.0,I,0,ACCROCHE,,Vendargues,28,4,DIFFUSEUR,Diffuseur,LOSANGE,Losange,T,,34,ASF
EchangeurA0709Pr10,2025-01-01,A0709,10,34,C,513.0,10578.0,775380.66,6279070.67,0.0,I,0,ACCROCHE,,Montpellier-Est,29,6,DIFFUSEUR,Diffuseur,TREFLE,Tr?fle,T,,34,ASF
EchangeurA0709Pr14,2025-01-01,A0709,14,34,C,408.0,14462.0,772184.15,6276877.85,0.0,I,0,ACCROCHE,,Montpellier-Sud,30,6,DIFFUSEUR,Diffuseur,TREFLE,Tr?fle,T,,34,ASF
EchangeurA0709Pr16,2025-01-01,A0709,16,34,C,536.0,16601.0,770675.32,6275366.31,0.0,I,0,ACCROCHE,,Rondelet (construit par l'Etat) Montpellier Ouest,31,4,DIFFUSEUR,Diffuseur,TROMPETTE,Trompette,T,,34,ASF
EchangeurA0709Pr19,2025-01-01,A0709,19,34,C,895.0,19954.0,767496.09,6274347.39,0.0,I,0,ACCROCHE,,Saint-Jean-de-Vedas,32,4,DIFFUSEUR,Diffuseur,TROMPETTE,Trompette,T,,34,ASF
EchA710WPr11,2025-01-01,A0710W,11,63,C,0.0,0.0,711722.91,6522889.8,0.0,I,0,ACCROCHE,,A71-A710W,,3,BIFURCATION,N?ud autoroutier (Bifurcation),,,F,,63,APRR
EchA710WPr12,2025-01-01,A0710W,12,63,C,455.0,1455.0,710264.43,6522987.32,0.0,I,0,ACCROCHE,,Clermont-Nord,15,2,DIFFUSEUR,Diffuseur,,,T,,63,APRR
EchangeurA0711Pr6,2025-01-01,A0711,6,63,N,700.0,5337.0,715458.12,6520820.52,0.0,I,0,ACCROCHE,,Pont du Chateau,1.4,4,DIFFUSEUR,Diffuseur,TROMPETTE,Trompette,T,,63,ASF
EchangeurA0711Pr12,2025-01-01,A0711,12,63,C,200.0,10837.0,718170.48,6525454.64,0.0,I,0,ACCROCHE,,Bifurcation A711 (A89/A711),,2,BIFURCATION,N?ud autoroutier (Bifurcation),TROMPETTE,Trompette,F,,63,ASF
EchA0714Pr0,2025-01-01,A0714,1,03,C,-230.0,0.0,677813.87,6588540.82,0.0,I,0,ACCROCHE,2011-01-01,Noeud de Montlu?on,,2,BIFURCATION,N?ud autoroutier (Bifurcation),,,T,,03,APRR
EchA0714Pr2,2025-01-01,A0714,2,03,C,280.0,1510.0,676683.71,6587540.81,0.0,I,0,ACCROCHE,2011-01-01,La Croix de Fragne,35,4,DIFFUSEUR,Diffuseur,,,T,,03,APRR
EchA0714Pr9,2025-01-01,A0714,9,03,C,870.0,9100.0,670579.61,6586796.52,0.0,I,0,ACCROCHE,2011-01-01,Le Pont des Nautes,36,4,DIFFUSEUR,Diffuseur,,,T,,03,APRR
EchA0719Pr0,2025-01-01,A0719,0,03,C,0.0,0.0,710459.65,6554600.03,0.0,I,0,ACCROCHE,1997-01-01,Noeud de Gannat,,2,BIFURCATION,N?ud autoroutier (Bifurcation),,,T,,03,APRR
EchA0719Pr2,2025-01-01,A0719,2,03,C,100.0,2100.0,711153.56,6556172.29,0.0,I,0,ACCROCHE,1997-01-01,Ebreuil (RD998),13,4,DIFFUSEUR,Diffuseur,,,T,,03,APRR
EchA0719Pr6,2025-01-01,A0719,6,03,C,910.0,6910.0,715484.94,6557156.55,0.0,I,0,ACCROCHE,1997-01-01,Gannat Nord,14,4,DIFFUSEUR,Diffuseur,,,T,,03,APRR
EchA0719Pr9,2025-01-01,A0719,9,03,C,710.0,9710.0,717971.91,6555939.94,0.0,I,0,ACCROCHE,2015-01-01,Gannat Est,15,4,DIFFUSEUR,Diffuseur,,,T,,03,APRR
EchA0813Pr0,2025-01-01,A0813,0,14,C,0.0,0.0,463434.42,6901348.49,0.0,I,0,ACCROCHE,2012-01-01,A813-A13,,4,BIFURCATION,N?ud autoroutier (Bifurcation),TROMPETTE,Trompette,T,83869,14,SAPN
EchangeurA0837Pr1,2025-01-01,A0837,1,17,C,240.0,380.0,391949.81,6548629.17,0.0,I,0,ACCROCHE,,Rochefort-Ouest,31,4,DIFFUSEUR,Diffuseur,AUTRE,Autres formes,T,,17,ASF
EchangeurA0837Pr3,2025-01-01,A0837,3,17,C,0.0,2140.0,393559.44,6547931.23,0.0,I,0,ACCROCHE,,Rochefort-Nord,32,4,DIFFUSEUR,Diffuseur,LOSANGE,Losange,T,,17,ASF
EchangeurA0837Pr8,2025-01-01,A0837,8,17,C,906.0,8046.0,399276.3,6547102.56,0.0,I,0,ACCROCHE,,Tonnay-Charente,33,2,DIFFUSEUR,Diffuseur,TROMPETTE,Trompette,F,,17,ASF
EchangeurA0837Pr10,2025-01-01,A0837,10,17,C,910.0,10050.0,401109.86,6546953.85,0.0,I,0,ACCROCHE,,Tonnay-Charente,34,2,DIFFUSEUR,Diffuseur,LOSANGE,Losange,F,,17,ASF
EchangeurA0837Pr37,2025-01-01,A0837,37,17,C,320.0,36460.0,415102.28,6526837.55,0.0,I,0,ACCROCHE,,Bifurcation A10/A837,,2,BIFURCATION,N?ud autoroutier (Bifurcation),TROMPETTE,Trompette,F,,17,ASF
EchN0159Pr2,2025-01-01,N0159,2,88,C,560.0,6383.0,1004463.14,6806803.74,0.0,I,0,ACCROCHE,1973-01-01,Lusses,,2,DIFFUSEUR,Diffuseur,,,T,,88,APRR
ECHA-RN205-E31-003548-0001,2025-01-01,N0205,3,74,C,548.0,3548.0,998698.46,6541769.49,0.0,I,0,ACCROCHE,,Echangeur No31 de la Vigie,31,4,DIFFUSEUR,Diffuseur,AUTRE,Autres formes,T,,74,ATMB
ECHA-RN205-E30-005358-0001,2025-01-01,N0205,5,74,C,358.0,5358.0,997148.89,6540850.8,0.0,I,0,ACCROCHE,,Echangeur No30 des Bossons,30,3,DIFFUSEUR,Diffuseur,AUTRE,Autres formes,F,,74,ATMB
ECHA-RN205-E29-006340-0001,2025-01-01,N0205,6,74,C,340.0,6340.0,996352.99,6540261.26,0.0,I,0,ACCROCHE,,Echangeur No29 de la Georgeanne,29,3,DIFFUSEUR,Diffuseur,AUTRE,Autres formes,F,,74,ATMB
ECHA-RN205-E28-007848-0001,2025-01-01,N0205,7,74,C,848.0,7848.0,994917.75,6540087.28,0.0,I,0,ACCROCHE,,Echangeur No28 des Gravieres,28,4,DIFFUSEUR,Diffuseur,AUTRE,Autres formes,T,,74,ATMB
ECHA-RN205-E27-008100-0001,2025-01-01,N0205,8,74,C,100.0,8100.0,994688.27,6539982.98,0.0,I,0,ACCROCHE,,Echangeur No27 des Houches,27,2,DIFFUSEUR,Diffuseur,AUTRE,Autres formes,T,,74,ATMB
ECHA-RN205-E27-008709-0001,2025-01-01,N0205,8,74,C,709.0,8709.0,994273.45,6539544.67,0.0,I,0,ACCROCHE,,Echangeur No27 de la Bagnat,27,2,DIFFUSEUR,Diffuseur,AUTRE,Autres formes,T,,74,ATMB
ECHA-RN205-E26-009129-0001,2025-01-01,N0205,9,74,C,129.0,9129.0,993875.58,6539513.46,0.0,I,0,ACCROCHE,,Echangeur No26 des Trabets,26,4,DIFFUSEUR,Diffuseur,TROMPETTE,Trompette,T,,74,ATMB
ECHA-RN205-E25-012229-0001,2025-01-01,N0205,12,74,C,229.0,12229.0,992187.81,6541927.15,0.0,I,0,ACCROCHE,,Echangeur No25 Fontaine amont,25,2,DIFFUSEUR,Diffuseur,AUTRE,Autres formes,T,,74,ATMB
ECHA-RN205-E25-012712-0001,2025-01-01,N0205,12,74,C,712.0,12712.0,991726.17,6542059.21,0.0,I,0,ACCROCHE,,Echangeur No25 Fontaine aval,25,2,DIFFUSEUR,Diffuseur,AUTRE,Autres formes,T,,74,ATMB
ECHA-RN205-E24-013909-0001,2025-01-01,N0205,13,74,C,909.0,13909.0,991405.84,6543182.97,0.0,I,0,ACCROCHE,,Echangeur No24 de Servoz,24,4,DIFFUSEUR,Diffuseur,AUTRE,Autres formes,T,,74,ATMB
ECHA-RN205-E23-015057-0001,2025-01-01,N0205,15,74,C,57.0,15057.0,990368.5,6543301.93,0.0,I,0,ACCROCHE,,Echangeur No23 du Chatelard,23,4,DIFFUSEUR,Diffuseur,AUTRE,Autres formes,T,,74,ATMB
EchangeurN0523Pr0,2025-01-01,N0523,0,09,C,0.0,0.0,600880.05,6165187.59,0.0,I,0,ACCROCHE,,Tete Ariege,,4,DIFFUSEUR,Diffuseur,AUTRE,Autres formes,T,,09,ASF
EchangeurN0523Pr5,2025-01-01,N0523,5,66,C,450.0,5445.0,603236.2,6160388.74,0.0,I,0,ACCROCHE,,Tete Pyrenees Orientales,,2,DIFFUSEUR,Diffuseur,AUTRE,Autres formes,T,,66,"ASF
"
